ams,fuel,year,ceiling_vol_pct,ceiling_energy_pct,canon_floor_vol_pct,canon_floor_energy_pct,inversion_vs_canon_floor_energy_pp,inverted_vs_canon,postdelta_floor_vol_pct,postdelta_floor_energy_pct,inversion_vs_postdelta_floor_energy_pp,inverted_vs_postdelta,wrapped_ceiling_energy_pct
Brunei,Biodiesel,2025,0,0,0,0,0,,0,0,0,,0
Brunei,Biodiesel,2026,3,2.7081,0,0,-2.7081,,0,0,-2.7081,,2.7081
Brunei,Biodiesel,2027,6,5.4326,0,0,-5.4326,,0,0,-5.4326,,5.4326
Brunei,Biodiesel,2028,8,7.2581,0,0,-7.2581,,0,0,-7.2581,,7.2581
Brunei,Biodiesel,2029,10,9.0909,0,0,-9.0909,,0,0,-9.0909,,9.0909
Brunei,Biodiesel,2030,12,10.9312,0,0,-10.9312,,0,0,-10.9312,,10.9312
Brunei,Biodiesel,2031,13.6,12.4088,0,0,-12.4088,,0,0,-12.4088,,12.4088
Brunei,Biodiesel,2032,15.2,13.8911,0,0,-13.8911,,0,0,-13.8911,,13.8911
Brunei,Biodiesel,2033,16.8,15.3784,0,0,-15.3784,,0,0,-15.3784,,15.3784
Brunei,Biodiesel,2034,18.4,16.8704,0,0,-16.8704,,0,0,-16.8704,,16.8704
Brunei,Biodiesel,2035,20,18.3673,0,0,-18.3673,,0,0,-18.3673,,18.3673
Brunei,Biodiesel,2036,22,20.2454,0,0,-20.2454,,0,0,-20.2454,,20.2454
Brunei,Biodiesel,2037,24,22.1311,0,0,-22.1311,,0,0,-22.1311,,22.1311
Brunei,Biodiesel,2038,26,24.0246,0,0,-24.0246,,0,0,-24.0246,,24.0246
Brunei,Biodiesel,2039,28,25.9259,0,0,-25.9259,,0,0,-25.9259,,25.9259
Brunei,Biodiesel,2040,30,27.8351,0,0,-27.8351,,0,0,-27.8351,,27.8351
Brunei,Biodiesel,2041,32,29.7521,0,0,-29.7521,,0,0,-29.7521,,29.7521
Brunei,Biodiesel,2042,34,31.677,0,0,-31.677,,0,0,-31.677,,31.677
Brunei,Biodiesel,2043,36,33.61,0,0,-33.61,,0,0,-33.61,,33.61
Brunei,Biodiesel,2044,38,35.5509,0,0,-35.5509,,0,0,-35.5509,,35.5509
Brunei,Biodiesel,2045,40,37.5,0,0,-37.5,,0,0,-37.5,,37.5
Brunei,Biodiesel,2046,42,39.4572,0,0,-39.4572,,0,0,-39.4572,,39.4572
Brunei,Biodiesel,2047,44,41.4226,0,0,-41.4226,,0,0,-41.4226,,41.4226
Brunei,Biodiesel,2048,46,43.3962,0,0,-43.3962,,0,0,-43.3962,,43.3962
Brunei,Biodiesel,2049,48,45.3782,0,0,-45.3782,,0,0,-45.3782,,45.3782
Brunei,Biodiesel,2050,50,47.3684,0,0,-47.3684,,0,0,-47.3684,,47.3684
Brunei,Biodiesel,2051,50,47.3684,0,0,-47.3684,,0,0,-47.3684,,47.3684
Brunei,Biodiesel,2052,50,47.3684,0,0,-47.3684,,0,0,-47.3684,,47.3684
Brunei,Biodiesel,2053,50,47.3684,0,0,-47.3684,,0,0,-47.3684,,47.3684
Brunei,Biodiesel,2054,50,47.3684,0,0,-47.3684,,0,0,-47.3684,,47.3684
Brunei,Biodiesel,2055,50,47.3684,0,0,-47.3684,,0,0,-47.3684,,47.3684
Brunei,Biodiesel,2056,50,47.3684,0,0,-47.3684,,0,0,-47.3684,,47.3684
Brunei,Biodiesel,2057,50,47.3684,0,0,-47.3684,,0,0,-47.3684,,47.3684
Brunei,Biodiesel,2058,50,47.3684,0,0,-47.3684,,0,0,-47.3684,,47.3684
Brunei,Biodiesel,2059,50,47.3684,0,0,-47.3684,,0,0,-47.3684,,47.3684
Brunei,Biodiesel,2060,50,47.3684,0,0,-47.3684,,0,0,-47.3684,,47.3684
Cambodia,Biodiesel,2025,0,0,0,0,0,,0,0,0,,0
Cambodia,Biodiesel,2026,3,2.7081,0,0,-2.7081,,0,0,-2.7081,,2.7081
Cambodia,Biodiesel,2027,6,5.4326,0,0,-5.4326,,0,0,-5.4326,,5.4326
Cambodia,Biodiesel,2028,8,7.2581,0,0,-7.2581,,0,0,-7.2581,,7.2581
Cambodia,Biodiesel,2029,10,9.0909,0,0,-9.0909,,0,0,-9.0909,,9.0909
Cambodia,Biodiesel,2030,12,10.9312,0,0,-10.9312,,0,0,-10.9312,,10.9312
Cambodia,Biodiesel,2031,13.6,12.4088,0,0,-12.4088,,0,0,-12.4088,,12.4088
Cambodia,Biodiesel,2032,15.2,13.8911,0,0,-13.8911,,0,0,-13.8911,,13.8911
Cambodia,Biodiesel,2033,16.8,15.3784,0,0,-15.3784,,0,0,-15.3784,,15.3784
Cambodia,Biodiesel,2034,18.4,16.8704,0,0,-16.8704,,0,0,-16.8704,,16.8704
Cambodia,Biodiesel,2035,20,18.3673,0,0,-18.3673,,0,0,-18.3673,,18.3673
Cambodia,Biodiesel,2036,22,20.2454,0,0,-20.2454,,0,0,-20.2454,,20.2454
Cambodia,Biodiesel,2037,24,22.1311,0,0,-22.1311,,0,0,-22.1311,,22.1311
Cambodia,Biodiesel,2038,26,24.0246,0,0,-24.0246,,0,0,-24.0246,,24.0246
Cambodia,Biodiesel,2039,28,25.9259,0,0,-25.9259,,0,0,-25.9259,,25.9259
Cambodia,Biodiesel,2040,30,27.8351,0,0,-27.8351,,0,0,-27.8351,,27.8351
Cambodia,Biodiesel,2041,32,29.7521,0,0,-29.7521,,0,0,-29.7521,,29.7521
Cambodia,Biodiesel,2042,34,31.677,0,0,-31.677,,0,0,-31.677,,31.677
Cambodia,Biodiesel,2043,36,33.61,0,0,-33.61,,0,0,-33.61,,33.61
Cambodia,Biodiesel,2044,38,35.5509,0,0,-35.5509,,0,0,-35.5509,,35.5509
Cambodia,Biodiesel,2045,40,37.5,0,0,-37.5,,0,0,-37.5,,37.5
Cambodia,Biodiesel,2046,42,39.4572,0,0,-39.4572,,0,0,-39.4572,,39.4572
Cambodia,Biodiesel,2047,44,41.4226,0,0,-41.4226,,0,0,-41.4226,,41.4226
Cambodia,Biodiesel,2048,46,43.3962,0,0,-43.3962,,0,0,-43.3962,,43.3962
Cambodia,Biodiesel,2049,48,45.3782,0,0,-45.3782,,0,0,-45.3782,,45.3782
Cambodia,Biodiesel,2050,50,47.3684,0,0,-47.3684,,0,0,-47.3684,,47.3684
Cambodia,Biodiesel,2051,50,47.3684,0,0,-47.3684,,0,0,-47.3684,,47.3684
Cambodia,Biodiesel,2052,50,47.3684,0,0,-47.3684,,0,0,-47.3684,,47.3684
Cambodia,Biodiesel,2053,50,47.3684,0,0,-47.3684,,0,0,-47.3684,,47.3684
Cambodia,Biodiesel,2054,50,47.3684,0,0,-47.3684,,0,0,-47.3684,,47.3684
Cambodia,Biodiesel,2055,50,47.3684,0,0,-47.3684,,0,0,-47.3684,,47.3684
Cambodia,Biodiesel,2056,50,47.3684,0,0,-47.3684,,0,0,-47.3684,,47.3684
Cambodia,Biodiesel,2057,50,47.3684,0,0,-47.3684,,0,0,-47.3684,,47.3684
Cambodia,Biodiesel,2058,50,47.3684,0,0,-47.3684,,0,0,-47.3684,,47.3684
Cambodia,Biodiesel,2059,50,47.3684,0,0,-47.3684,,0,0,-47.3684,,47.3684
Cambodia,Biodiesel,2060,50,47.3684,0,0,-47.3684,,0,0,-47.3684,,47.3684
Indonesia,Biodiesel,2025,34.1,31.7735,40,37.5,5.7265,YES,34.1,31.7735,0,,31.7735
Indonesia,Biodiesel,2026,50,47.3684,40.4,37.8908,-9.4776,,34.736,32.3874,-14.981,,47.3684
Indonesia,Biodiesel,2027,50,47.3684,40.8,38.2819,-9.0865,,35.372,33.0022,-14.3663,,47.3684
Indonesia,Biodiesel,2028,50,47.3684,41.2,38.6733,-8.6951,,36.008,33.6177,-13.7507,,47.3684
Indonesia,Biodiesel,2029,50,47.3684,41.6,39.0651,-8.3033,,36.644,34.2341,-13.1343,,47.3684
Indonesia,Biodiesel,2030,50,47.3684,42,39.4572,-7.9112,,37.28,34.8513,-12.5172,,47.3684
Indonesia,Biodiesel,2031,50,47.3684,42.4,39.8496,-7.5188,,37.916,35.4693,-11.8992,,47.3684
Indonesia,Biodiesel,2032,50,47.3684,42.8,40.2424,-7.126,,38.552,36.0881,-11.2804,,47.3684
Indonesia,Biodiesel,2033,50,47.3684,43.2,40.6355,-6.733,,39.188,36.7077,-10.6607,,47.3684
Indonesia,Biodiesel,2034,50,47.3684,43.6,41.0289,-6.3396,,39.824,37.3282,-10.0403,,47.3684
Indonesia,Biodiesel,2035,50,47.3684,44,41.4226,-5.9458,,40.46,37.9494,-9.419,,47.3684
Indonesia,Biodiesel,2036,50,47.3684,44.4,41.8167,-5.5518,,41.096,38.5715,-8.7969,,47.3684
Indonesia,Biodiesel,2037,50,47.3684,44.8,42.2111,-5.1574,,41.732,39.1945,-8.174,,47.3684
Indonesia,Biodiesel,2038,50,47.3684,45.2,42.6058,-4.7626,,42.368,39.8182,-7.5502,,47.3684
Indonesia,Biodiesel,2039,50,47.3684,45.6,43.0008,-4.3676,,43.004,40.4428,-6.9256,,47.3684
Indonesia,Biodiesel,2040,50,47.3684,46,43.3962,-3.9722,,43.64,41.0682,-6.3002,,47.3684
Indonesia,Biodiesel,2041,50,47.3684,46.4,43.7919,-3.5765,,44.276,41.6945,-5.674,,47.3684
Indonesia,Biodiesel,2042,50,47.3684,46.8,44.188,-3.1804,,44.912,42.3215,-5.0469,,47.3684
Indonesia,Biodiesel,2043,50,47.3684,47.2,44.5844,-2.784,,45.548,42.9495,-4.419,,47.3684
Indonesia,Biodiesel,2044,50,47.3684,47.6,44.9811,-2.3873,,46.184,43.5782,-3.7902,,47.3684
Indonesia,Biodiesel,2045,50,47.3684,48,45.3782,-1.9903,,46.82,44.2078,-3.1606,,47.3684
Indonesia,Biodiesel,2046,50,47.3684,48.4,45.7755,-1.5929,,47.456,44.8382,-2.5302,,47.3684
Indonesia,Biodiesel,2047,50,47.3684,48.8,46.1733,-1.1952,,48.092,45.4695,-1.8989,,47.3684
Indonesia,Biodiesel,2048,50,47.3684,49.2,46.5713,-0.7971,,48.728,46.1016,-1.2668,,47.3684
Indonesia,Biodiesel,2049,50,47.3684,49.6,46.9697,-0.3987,,49.364,46.7346,-0.6338,,47.3684
Indonesia,Biodiesel,2050,50,47.3684,50,47.3684,0,,50,47.3684,0,,47.3684
Indonesia,Biodiesel,2051,50,47.3684,50,47.3684,0,,50,47.3684,0,,47.3684
Indonesia,Biodiesel,2052,50,47.3684,50,47.3684,0,,50,47.3684,0,,47.3684
Indonesia,Biodiesel,2053,50,47.3684,50,47.3684,0,,50,47.3684,0,,47.3684
Indonesia,Biodiesel,2054,50,47.3684,50,47.3684,0,,50,47.3684,0,,47.3684
Indonesia,Biodiesel,2055,50,47.3684,50,47.3684,0,,50,47.3684,0,,47.3684
Indonesia,Biodiesel,2056,50,47.3684,50,47.3684,0,,50,47.3684,0,,47.3684
Indonesia,Biodiesel,2057,50,47.3684,50,47.3684,0,,50,47.3684,0,,47.3684
Indonesia,Biodiesel,2058,50,47.3684,50,47.3684,0,,50,47.3684,0,,47.3684
Indonesia,Biodiesel,2059,50,47.3684,50,47.3684,0,,50,47.3684,0,,47.3684
Indonesia,Biodiesel,2060,50,47.3684,50,47.3684,0,,50,47.3684,0,,47.3684
Laos,Biodiesel,2025,0,0,1.6667,1.5025,1.5025,YES,0,0,0,,0
Laos,Biodiesel,2026,3,2.7081,3.3333,3.01,0.3019,YES,2,1.8036,-0.9045,,2.7081
Laos,Biodiesel,2027,6,5.4326,5,4.5226,-0.91,,4,3.6145,-1.8181,,5.4326
Laos,Biodiesel,2028,8,7.2581,6.6667,6.0403,-1.2178,,6,5.4326,-1.8255,,7.2581
Laos,Biodiesel,2029,10,9.0909,8.3333,7.563,-1.5279,,8,7.2581,-1.8328,,9.0909
Laos,Biodiesel,2030,12,10.9312,10,9.0909,-1.8403,,10,9.0909,-1.8403,,10.9312
Laos,Biodiesel,2031,13.6,12.4088,10,9.0909,-3.3179,,10,9.0909,-3.3179,,12.4088
Laos,Biodiesel,2032,15.2,13.8911,10,9.0909,-4.8002,,10,9.0909,-4.8002,,13.8911
Laos,Biodiesel,2033,16.8,15.3784,10,9.0909,-6.2874,,10,9.0909,-6.2874,,15.3784
Laos,Biodiesel,2034,18.4,16.8704,10,9.0909,-7.7795,,10,9.0909,-7.7795,,16.8704
Laos,Biodiesel,2035,20,18.3673,10,9.0909,-9.2764,,10,9.0909,-9.2764,,18.3673
Laos,Biodiesel,2036,22,20.2454,10,9.0909,-11.1545,,10,9.0909,-11.1545,,20.2454
Laos,Biodiesel,2037,24,22.1311,10,9.0909,-13.0402,,10,9.0909,-13.0402,,22.1311
Laos,Biodiesel,2038,26,24.0246,10,9.0909,-14.9337,,10,9.0909,-14.9337,,24.0246
Laos,Biodiesel,2039,28,25.9259,10,9.0909,-16.835,,10,9.0909,-16.835,,25.9259
Laos,Biodiesel,2040,30,27.8351,10,9.0909,-18.7441,,10,9.0909,-18.7441,,27.8351
Laos,Biodiesel,2041,32,29.7521,10,9.0909,-20.6612,,10,9.0909,-20.6612,,29.7521
Laos,Biodiesel,2042,34,31.677,10,9.0909,-22.5861,,10,9.0909,-22.5861,,31.677
Laos,Biodiesel,2043,36,33.61,10,9.0909,-24.519,,10,9.0909,-24.519,,33.61
Laos,Biodiesel,2044,38,35.5509,10,9.0909,-26.46,,10,9.0909,-26.46,,35.5509
Laos,Biodiesel,2045,40,37.5,10,9.0909,-28.4091,,10,9.0909,-28.4091,,37.5
Laos,Biodiesel,2046,42,39.4572,10,9.0909,-30.3663,,10,9.0909,-30.3663,,39.4572
Laos,Biodiesel,2047,44,41.4226,10,9.0909,-32.3317,,10,9.0909,-32.3317,,41.4226
Laos,Biodiesel,2048,46,43.3962,10,9.0909,-34.3053,,10,9.0909,-34.3053,,43.3962
Laos,Biodiesel,2049,48,45.3782,10,9.0909,-36.2872,,10,9.0909,-36.2872,,45.3782
Laos,Biodiesel,2050,50,47.3684,10,9.0909,-38.2775,,10,9.0909,-38.2775,,47.3684
Laos,Biodiesel,2051,50,47.3684,10,9.0909,-38.2775,,10,9.0909,-38.2775,,47.3684
Laos,Biodiesel,2052,50,47.3684,10,9.0909,-38.2775,,10,9.0909,-38.2775,,47.3684
Laos,Biodiesel,2053,50,47.3684,10,9.0909,-38.2775,,10,9.0909,-38.2775,,47.3684
Laos,Biodiesel,2054,50,47.3684,10,9.0909,-38.2775,,10,9.0909,-38.2775,,47.3684
Laos,Biodiesel,2055,50,47.3684,10,9.0909,-38.2775,,10,9.0909,-38.2775,,47.3684
Laos,Biodiesel,2056,50,47.3684,10,9.0909,-38.2775,,10,9.0909,-38.2775,,47.3684
Laos,Biodiesel,2057,50,47.3684,10,9.0909,-38.2775,,10,9.0909,-38.2775,,47.3684
Laos,Biodiesel,2058,50,47.3684,10,9.0909,-38.2775,,10,9.0909,-38.2775,,47.3684
Laos,Biodiesel,2059,50,47.3684,10,9.0909,-38.2775,,10,9.0909,-38.2775,,47.3684
Laos,Biodiesel,2060,50,47.3684,10,9.0909,-38.2775,,10,9.0909,-38.2775,,47.3684
Malaysia,Biodiesel,2025,12,10.9312,5,4.5226,-6.4086,,12,10.9312,0,,10.9312
Malaysia,Biodiesel,2026,15,13.7056,10,9.0909,-4.6147,,15.6,14.2625,0.5569,YES,14.2625
Malaysia,Biodiesel,2027,15,13.7056,15,13.7056,0,,19.2,17.6183,3.9127,YES,17.6183
Malaysia,Biodiesel,2028,15,13.7056,20,18.3673,4.6618,YES,22.8,20.9988,7.2932,YES,20.9988
Malaysia,Biodiesel,2029,15,13.7056,25,23.0769,9.3713,YES,26.4,24.4043,10.6987,YES,24.4043
Malaysia,Biodiesel,2030,15,13.7056,30,27.8351,14.1295,YES,30,27.8351,14.1295,YES,27.8351
Malaysia,Biodiesel,2031,16,14.6341,30,27.8351,13.2009,YES,30,27.8351,13.2009,YES,27.8351
Malaysia,Biodiesel,2032,17,15.5646,30,27.8351,12.2705,YES,30,27.8351,12.2705,YES,27.8351
Malaysia,Biodiesel,2033,18,16.4969,30,27.8351,11.3381,YES,30,27.8351,11.3381,YES,27.8351
Malaysia,Biodiesel,2034,19,17.4312,30,27.8351,10.4039,YES,30,27.8351,10.4039,YES,27.8351
Malaysia,Biodiesel,2035,20,18.3673,30,27.8351,9.4677,YES,30,27.8351,9.4677,YES,27.8351
Malaysia,Biodiesel,2036,22,20.2454,30,27.8351,7.5897,YES,30,27.8351,7.5897,YES,27.8351
Malaysia,Biodiesel,2037,24,22.1311,30,27.8351,5.7039,YES,30,27.8351,5.7039,YES,27.8351
Malaysia,Biodiesel,2038,26,24.0246,30,27.8351,3.8104,YES,30,27.8351,3.8104,YES,27.8351
Malaysia,Biodiesel,2039,28,25.9259,30,27.8351,1.9091,YES,30,27.8351,1.9091,YES,27.8351
Malaysia,Biodiesel,2040,30,27.8351,30,27.8351,0,,30,27.8351,0,,27.8351
Malaysia,Biodiesel,2041,32,29.7521,30,27.8351,-1.917,,30,27.8351,-1.917,,29.7521
Malaysia,Biodiesel,2042,34,31.677,30,27.8351,-3.842,,30,27.8351,-3.842,,31.677
Malaysia,Biodiesel,2043,36,33.61,30,27.8351,-5.7749,,30,27.8351,-5.7749,,33.61
Malaysia,Biodiesel,2044,38,35.5509,30,27.8351,-7.7159,,30,27.8351,-7.7159,,35.5509
Malaysia,Biodiesel,2045,40,37.5,30,27.8351,-9.6649,,30,27.8351,-9.6649,,37.5
Malaysia,Biodiesel,2046,42,39.4572,30,27.8351,-11.6222,,30,27.8351,-11.6222,,39.4572
Malaysia,Biodiesel,2047,44,41.4226,30,27.8351,-13.5875,,30,27.8351,-13.5875,,41.4226
Malaysia,Biodiesel,2048,46,43.3962,30,27.8351,-15.5612,,30,27.8351,-15.5612,,43.3962
Malaysia,Biodiesel,2049,48,45.3782,30,27.8351,-17.5431,,30,27.8351,-17.5431,,45.3782
Malaysia,Biodiesel,2050,50,47.3684,30,27.8351,-19.5334,,30,27.8351,-19.5334,,47.3684
Malaysia,Biodiesel,2051,50,47.3684,30,27.8351,-19.5334,,30,27.8351,-19.5334,,47.3684
Malaysia,Biodiesel,2052,50,47.3684,30,27.8351,-19.5334,,30,27.8351,-19.5334,,47.3684
Malaysia,Biodiesel,2053,50,47.3684,30,27.8351,-19.5334,,30,27.8351,-19.5334,,47.3684
Malaysia,Biodiesel,2054,50,47.3684,30,27.8351,-19.5334,,30,27.8351,-19.5334,,47.3684
Malaysia,Biodiesel,2055,50,47.3684,30,27.8351,-19.5334,,30,27.8351,-19.5334,,47.3684
Malaysia,Biodiesel,2056,50,47.3684,30,27.8351,-19.5334,,30,27.8351,-19.5334,,47.3684
Malaysia,Biodiesel,2057,50,47.3684,30,27.8351,-19.5334,,30,27.8351,-19.5334,,47.3684
Malaysia,Biodiesel,2058,50,47.3684,30,27.8351,-19.5334,,30,27.8351,-19.5334,,47.3684
Malaysia,Biodiesel,2059,50,47.3684,30,27.8351,-19.5334,,30,27.8351,-19.5334,,47.3684
Malaysia,Biodiesel,2060,50,47.3684,30,27.8351,-19.5334,,30,27.8351,-19.5334,,47.3684
Myanmar,Biodiesel,2025,0,0,0,0,0,,0,0,0,,0
Myanmar,Biodiesel,2026,3,2.7081,0,0,-2.7081,,0,0,-2.7081,,2.7081
Myanmar,Biodiesel,2027,6,5.4326,0,0,-5.4326,,0,0,-5.4326,,5.4326
Myanmar,Biodiesel,2028,8,7.2581,0,0,-7.2581,,0,0,-7.2581,,7.2581
Myanmar,Biodiesel,2029,10,9.0909,0,0,-9.0909,,0,0,-9.0909,,9.0909
Myanmar,Biodiesel,2030,12,10.9312,0,0,-10.9312,,0,0,-10.9312,,10.9312
Myanmar,Biodiesel,2031,13.6,12.4088,0,0,-12.4088,,0,0,-12.4088,,12.4088
Myanmar,Biodiesel,2032,15.2,13.8911,0,0,-13.8911,,0,0,-13.8911,,13.8911
Myanmar,Biodiesel,2033,16.8,15.3784,0,0,-15.3784,,0,0,-15.3784,,15.3784
Myanmar,Biodiesel,2034,18.4,16.8704,0,0,-16.8704,,0,0,-16.8704,,16.8704
Myanmar,Biodiesel,2035,20,18.3673,0,0,-18.3673,,0,0,-18.3673,,18.3673
Myanmar,Biodiesel,2036,22,20.2454,0,0,-20.2454,,0,0,-20.2454,,20.2454
Myanmar,Biodiesel,2037,24,22.1311,0,0,-22.1311,,0,0,-22.1311,,22.1311
Myanmar,Biodiesel,2038,26,24.0246,0,0,-24.0246,,0,0,-24.0246,,24.0246
Myanmar,Biodiesel,2039,28,25.9259,0,0,-25.9259,,0,0,-25.9259,,25.9259
Myanmar,Biodiesel,2040,30,27.8351,0,0,-27.8351,,0,0,-27.8351,,27.8351
Myanmar,Biodiesel,2041,32,29.7521,0,0,-29.7521,,0,0,-29.7521,,29.7521
Myanmar,Biodiesel,2042,34,31.677,0,0,-31.677,,0,0,-31.677,,31.677
Myanmar,Biodiesel,2043,36,33.61,0,0,-33.61,,0,0,-33.61,,33.61
Myanmar,Biodiesel,2044,38,35.5509,0,0,-35.5509,,0,0,-35.5509,,35.5509
Myanmar,Biodiesel,2045,40,37.5,0,0,-37.5,,0,0,-37.5,,37.5
Myanmar,Biodiesel,2046,42,39.4572,0,0,-39.4572,,0,0,-39.4572,,39.4572
Myanmar,Biodiesel,2047,44,41.4226,0,0,-41.4226,,0,0,-41.4226,,41.4226
Myanmar,Biodiesel,2048,46,43.3962,0,0,-43.3962,,0,0,-43.3962,,43.3962
Myanmar,Biodiesel,2049,48,45.3782,0,0,-45.3782,,0,0,-45.3782,,45.3782
Myanmar,Biodiesel,2050,50,47.3684,0,0,-47.3684,,0,0,-47.3684,,47.3684
Myanmar,Biodiesel,2051,50,47.3684,0,0,-47.3684,,0,0,-47.3684,,47.3684
Myanmar,Biodiesel,2052,50,47.3684,0,0,-47.3684,,0,0,-47.3684,,47.3684
Myanmar,Biodiesel,2053,50,47.3684,0,0,-47.3684,,0,0,-47.3684,,47.3684
Myanmar,Biodiesel,2054,50,47.3684,0,0,-47.3684,,0,0,-47.3684,,47.3684
Myanmar,Biodiesel,2055,50,47.3684,0,0,-47.3684,,0,0,-47.3684,,47.3684
Myanmar,Biodiesel,2056,50,47.3684,0,0,-47.3684,,0,0,-47.3684,,47.3684
Myanmar,Biodiesel,2057,50,47.3684,0,0,-47.3684,,0,0,-47.3684,,47.3684
Myanmar,Biodiesel,2058,50,47.3684,0,0,-47.3684,,0,0,-47.3684,,47.3684
Myanmar,Biodiesel,2059,50,47.3684,0,0,-47.3684,,0,0,-47.3684,,47.3684
Myanmar,Biodiesel,2060,50,47.3684,0,0,-47.3684,,0,0,-47.3684,,47.3684
Philippines,Biodiesel,2025,3.3,2.9798,4,3.6145,0.6346,YES,3.3,2.9798,0,,2.9798
Philippines,Biodiesel,2026,6.3,5.7059,5,4.5226,-1.1833,,5,4.5226,-1.1833,,5.7059
Philippines,Biodiesel,2027,9,8.1736,5,4.5226,-3.6509,,5,4.5226,-3.6509,,8.1736
Philippines,Biodiesel,2028,10,9.0909,5,4.5226,-4.5683,,5,4.5226,-4.5683,,9.0909
Philippines,Biodiesel,2029,11,10.0101,5,4.5226,-5.4875,,5,4.5226,-5.4875,,10.0101
Philippines,Biodiesel,2030,12,10.9312,5,4.5226,-6.4086,,5,4.5226,-6.4086,,10.9312
Philippines,Biodiesel,2031,13.6,12.4088,5,4.5226,-7.8861,,5,4.5226,-7.8861,,12.4088
Philippines,Biodiesel,2032,15.2,13.8911,5,4.5226,-9.3685,,5,4.5226,-9.3685,,13.8911
Philippines,Biodiesel,2033,16.8,15.3784,5,4.5226,-10.8557,,5,4.5226,-10.8557,,15.3784
Philippines,Biodiesel,2034,18.4,16.8704,5,4.5226,-12.3478,,5,4.5226,-12.3478,,16.8704
Philippines,Biodiesel,2035,20,18.3673,5,4.5226,-13.8447,,5,4.5226,-13.8447,,18.3673
Philippines,Biodiesel,2036,22,20.2454,5,4.5226,-15.7228,,5,4.5226,-15.7228,,20.2454
Philippines,Biodiesel,2037,24,22.1311,5,4.5226,-17.6085,,5,4.5226,-17.6085,,22.1311
Philippines,Biodiesel,2038,26,24.0246,5,4.5226,-19.502,,5,4.5226,-19.502,,24.0246
Philippines,Biodiesel,2039,28,25.9259,5,4.5226,-21.4033,,5,4.5226,-21.4033,,25.9259
Philippines,Biodiesel,2040,30,27.8351,5,4.5226,-23.3124,,5,4.5226,-23.3124,,27.8351
Philippines,Biodiesel,2041,32,29.7521,5,4.5226,-25.2295,,5,4.5226,-25.2295,,29.7521
Philippines,Biodiesel,2042,34,31.677,5,4.5226,-27.1544,,5,4.5226,-27.1544,,31.677
Philippines,Biodiesel,2043,36,33.61,5,4.5226,-29.0873,,5,4.5226,-29.0873,,33.61
Philippines,Biodiesel,2044,38,35.5509,5,4.5226,-31.0283,,5,4.5226,-31.0283,,35.5509
Philippines,Biodiesel,2045,40,37.5,5,4.5226,-32.9774,,5,4.5226,-32.9774,,37.5
Philippines,Biodiesel,2046,42,39.4572,5,4.5226,-34.9346,,5,4.5226,-34.9346,,39.4572
Philippines,Biodiesel,2047,44,41.4226,5,4.5226,-36.9,,5,4.5226,-36.9,,41.4226
Philippines,Biodiesel,2048,46,43.3962,5,4.5226,-38.8736,,5,4.5226,-38.8736,,43.3962
Philippines,Biodiesel,2049,48,45.3782,5,4.5226,-40.8555,,5,4.5226,-40.8555,,45.3782
Philippines,Biodiesel,2050,50,47.3684,5,4.5226,-42.8458,,5,4.5226,-42.8458,,47.3684
Philippines,Biodiesel,2051,50,47.3684,5,4.5226,-42.8458,,5,4.5226,-42.8458,,47.3684
Philippines,Biodiesel,2052,50,47.3684,5,4.5226,-42.8458,,5,4.5226,-42.8458,,47.3684
Philippines,Biodiesel,2053,50,47.3684,5,4.5226,-42.8458,,5,4.5226,-42.8458,,47.3684
Philippines,Biodiesel,2054,50,47.3684,5,4.5226,-42.8458,,5,4.5226,-42.8458,,47.3684
Philippines,Biodiesel,2055,50,47.3684,5,4.5226,-42.8458,,5,4.5226,-42.8458,,47.3684
Philippines,Biodiesel,2056,50,47.3684,5,4.5226,-42.8458,,5,4.5226,-42.8458,,47.3684
Philippines,Biodiesel,2057,50,47.3684,5,4.5226,-42.8458,,5,4.5226,-42.8458,,47.3684
Philippines,Biodiesel,2058,50,47.3684,5,4.5226,-42.8458,,5,4.5226,-42.8458,,47.3684
Philippines,Biodiesel,2059,50,47.3684,5,4.5226,-42.8458,,5,4.5226,-42.8458,,47.3684
Philippines,Biodiesel,2060,50,47.3684,5,4.5226,-42.8458,,5,4.5226,-42.8458,,47.3684
Singapore,Biodiesel,2025,0,0,0,0,0,,0,0,0,,0
Singapore,Biodiesel,2026,3,2.7081,0,0,-2.7081,,0,0,-2.7081,,2.7081
Singapore,Biodiesel,2027,6,5.4326,0,0,-5.4326,,0,0,-5.4326,,5.4326
Singapore,Biodiesel,2028,8,7.2581,0,0,-7.2581,,0,0,-7.2581,,7.2581
Singapore,Biodiesel,2029,10,9.0909,0,0,-9.0909,,0,0,-9.0909,,9.0909
Singapore,Biodiesel,2030,12,10.9312,0,0,-10.9312,,0,0,-10.9312,,10.9312
Singapore,Biodiesel,2031,13.6,12.4088,0,0,-12.4088,,0,0,-12.4088,,12.4088
Singapore,Biodiesel,2032,15.2,13.8911,0,0,-13.8911,,0,0,-13.8911,,13.8911
Singapore,Biodiesel,2033,16.8,15.3784,0,0,-15.3784,,0,0,-15.3784,,15.3784
Singapore,Biodiesel,2034,18.4,16.8704,0,0,-16.8704,,0,0,-16.8704,,16.8704
Singapore,Biodiesel,2035,20,18.3673,0,0,-18.3673,,0,0,-18.3673,,18.3673
Singapore,Biodiesel,2036,22,20.2454,0,0,-20.2454,,0,0,-20.2454,,20.2454
Singapore,Biodiesel,2037,24,22.1311,0,0,-22.1311,,0,0,-22.1311,,22.1311
Singapore,Biodiesel,2038,26,24.0246,0,0,-24.0246,,0,0,-24.0246,,24.0246
Singapore,Biodiesel,2039,28,25.9259,0,0,-25.9259,,0,0,-25.9259,,25.9259
Singapore,Biodiesel,2040,30,27.8351,0,0,-27.8351,,0,0,-27.8351,,27.8351
Singapore,Biodiesel,2041,32,29.7521,0,0,-29.7521,,0,0,-29.7521,,29.7521
Singapore,Biodiesel,2042,34,31.677,0,0,-31.677,,0,0,-31.677,,31.677
Singapore,Biodiesel,2043,36,33.61,0,0,-33.61,,0,0,-33.61,,33.61
Singapore,Biodiesel,2044,38,35.5509,0,0,-35.5509,,0,0,-35.5509,,35.5509
Singapore,Biodiesel,2045,40,37.5,0,0,-37.5,,0,0,-37.5,,37.5
Singapore,Biodiesel,2046,42,39.4572,0,0,-39.4572,,0,0,-39.4572,,39.4572
Singapore,Biodiesel,2047,44,41.4226,0,0,-41.4226,,0,0,-41.4226,,41.4226
Singapore,Biodiesel,2048,46,43.3962,0,0,-43.3962,,0,0,-43.3962,,43.3962
Singapore,Biodiesel,2049,48,45.3782,0,0,-45.3782,,0,0,-45.3782,,45.3782
Singapore,Biodiesel,2050,50,47.3684,0,0,-47.3684,,0,0,-47.3684,,47.3684
Singapore,Biodiesel,2051,50,47.3684,0,0,-47.3684,,0,0,-47.3684,,47.3684
Singapore,Biodiesel,2052,50,47.3684,0,0,-47.3684,,0,0,-47.3684,,47.3684
Singapore,Biodiesel,2053,50,47.3684,0,0,-47.3684,,0,0,-47.3684,,47.3684
Singapore,Biodiesel,2054,50,47.3684,0,0,-47.3684,,0,0,-47.3684,,47.3684
Singapore,Biodiesel,2055,50,47.3684,0,0,-47.3684,,0,0,-47.3684,,47.3684
Singapore,Biodiesel,2056,50,47.3684,0,0,-47.3684,,0,0,-47.3684,,47.3684
Singapore,Biodiesel,2057,50,47.3684,0,0,-47.3684,,0,0,-47.3684,,47.3684
Singapore,Biodiesel,2058,50,47.3684,0,0,-47.3684,,0,0,-47.3684,,47.3684
Singapore,Biodiesel,2059,50,47.3684,0,0,-47.3684,,0,0,-47.3684,,47.3684
Singapore,Biodiesel,2060,50,47.3684,0,0,-47.3684,,0,0,-47.3684,,47.3684
Thailand,Biodiesel,2025,8.2,7.441,1.9231,1.7341,-5.7069,,8.2,7.441,0,,7.441
Thailand,Biodiesel,2026,8.2,7.441,3.8462,3.4749,-3.9661,,9.6,8.7237,1.2827,YES,8.7237
Thailand,Biodiesel,2027,9,8.1736,5.7692,5.2224,-2.9511,,11,10.0101,1.8365,YES,10.0101
Thailand,Biodiesel,2028,10,9.0909,7.6923,6.9767,-2.1142,,12.4,11.3001,2.2092,YES,11.3001
Thailand,Biodiesel,2029,11,10.0101,9.6154,8.7379,-1.2722,,13.8,12.5938,2.5837,YES,12.5938
Thailand,Biodiesel,2030,12,10.9312,11.5385,10.5058,-0.4253,,15.2,13.8911,2.96,YES,13.8911
Thailand,Biodiesel,2031,13.6,12.4088,13.4615,12.2807,-0.1281,,16.6,15.1922,2.7834,YES,15.1922
Thailand,Biodiesel,2032,15.2,13.8911,15.3846,14.0625,0.1714,YES,18,16.4969,2.6058,YES,16.4969
Thailand,Biodiesel,2033,16.8,15.3784,17.3077,15.8513,0.4729,YES,19.4,17.8054,2.4271,YES,17.8054
Thailand,Biodiesel,2034,18.4,16.8704,19.2308,17.6471,0.7766,YES,20.8,19.1176,2.2472,YES,19.1176
Thailand,Biodiesel,2035,20,18.3673,21.1538,19.4499,1.0826,YES,22.2,20.4336,2.0663,YES,20.4336
Thailand,Biodiesel,2036,22,20.2454,23.0769,21.2598,1.0144,YES,23.6,21.7534,1.508,YES,21.7534
Thailand,Biodiesel,2037,24,22.1311,25,23.0769,0.9458,YES,25,23.0769,0.9458,YES,23.0769
Thailand,Biodiesel,2038,26,24.0246,25,23.0769,-0.9477,,25,23.0769,-0.9477,,24.0246
Thailand,Biodiesel,2039,28,25.9259,25,23.0769,-2.849,,25,23.0769,-2.849,,25.9259
Thailand,Biodiesel,2040,30,27.8351,25,23.0769,-4.7581,,25,23.0769,-4.7581,,27.8351
Thailand,Biodiesel,2041,32,29.7521,25,23.0769,-6.6751,,25,23.0769,-6.6751,,29.7521
Thailand,Biodiesel,2042,34,31.677,25,23.0769,-8.6001,,25,23.0769,-8.6001,,31.677
Thailand,Biodiesel,2043,36,33.61,25,23.0769,-10.533,,25,23.0769,-10.533,,33.61
Thailand,Biodiesel,2044,38,35.5509,25,23.0769,-12.474,,25,23.0769,-12.474,,35.5509
Thailand,Biodiesel,2045,40,37.5,25,23.0769,-14.4231,,25,23.0769,-14.4231,,37.5
Thailand,Biodiesel,2046,42,39.4572,25,23.0769,-16.3803,,25,23.0769,-16.3803,,39.4572
Thailand,Biodiesel,2047,44,41.4226,25,23.0769,-18.3457,,25,23.0769,-18.3457,,41.4226
Thailand,Biodiesel,2048,46,43.3962,25,23.0769,-20.3193,,25,23.0769,-20.3193,,43.3962
Thailand,Biodiesel,2049,48,45.3782,25,23.0769,-22.3012,,25,23.0769,-22.3012,,45.3782
Thailand,Biodiesel,2050,50,47.3684,25,23.0769,-24.2915,,25,23.0769,-24.2915,,47.3684
Thailand,Biodiesel,2051,50,47.3684,25,23.0769,-24.2915,,25,23.0769,-24.2915,,47.3684
Thailand,Biodiesel,2052,50,47.3684,25,23.0769,-24.2915,,25,23.0769,-24.2915,,47.3684
Thailand,Biodiesel,2053,50,47.3684,25,23.0769,-24.2915,,25,23.0769,-24.2915,,47.3684
Thailand,Biodiesel,2054,50,47.3684,25,23.0769,-24.2915,,25,23.0769,-24.2915,,47.3684
Thailand,Biodiesel,2055,50,47.3684,25,23.0769,-24.2915,,25,23.0769,-24.2915,,47.3684
Thailand,Biodiesel,2056,50,47.3684,25,23.0769,-24.2915,,25,23.0769,-24.2915,,47.3684
Thailand,Biodiesel,2057,50,47.3684,25,23.0769,-24.2915,,25,23.0769,-24.2915,,47.3684
Thailand,Biodiesel,2058,50,47.3684,25,23.0769,-24.2915,,25,23.0769,-24.2915,,47.3684
Thailand,Biodiesel,2059,50,47.3684,25,23.0769,-24.2915,,25,23.0769,-24.2915,,47.3684
Thailand,Biodiesel,2060,50,47.3684,25,23.0769,-24.2915,,25,23.0769,-24.2915,,47.3684
Vietnam,Biodiesel,2025,0,0,1.4815,1.3353,1.3353,YES,0,0,0,,0
Vietnam,Biodiesel,2026,3,2.7081,2.2222,2.0045,-0.7037,,0.8,0.7206,-1.9875,,2.7081
Vietnam,Biodiesel,2027,6,5.4326,2.963,2.6746,-2.758,,1.6,1.4423,-3.9903,,5.4326
Vietnam,Biodiesel,2028,8,7.2581,3.7037,3.3457,-3.9123,,2.4,2.1652,-5.0929,,7.2581
Vietnam,Biodiesel,2029,10,9.0909,4.4444,4.0179,-5.0731,,3.2,2.8892,-6.2017,,9.0909
Vietnam,Biodiesel,2030,12,10.9312,5.1852,4.691,-6.2402,,4,3.6145,-7.3167,,10.9312
Vietnam,Biodiesel,2031,13.6,12.4088,5.9259,5.3651,-7.0436,,4.8,4.3408,-8.0679,,12.4088
Vietnam,Biodiesel,2032,15.2,13.8911,6.6667,6.0403,-7.8509,,5.6,5.0684,-8.8228,,13.8911
Vietnam,Biodiesel,2033,16.8,15.3784,7.4074,6.7164,-8.6619,,6.4,5.7971,-9.5813,,15.3784
Vietnam,Biodiesel,2034,18.4,16.8704,8.1481,7.3936,-9.4768,,7.2,6.527,-10.3434,,16.8704
Vietnam,Biodiesel,2035,20,18.3673,8.8889,8.0717,-10.2956,,8,7.2581,-11.1093,,18.3673
Vietnam,Biodiesel,2036,22,20.2454,9.6296,8.7509,-11.4945,,8.8,7.9903,-12.2551,,20.2454
Vietnam,Biodiesel,2037,24,22.1311,10.3704,9.4311,-12.7,,9.6,8.7237,-13.4074,,22.1311
Vietnam,Biodiesel,2038,26,24.0246,11.1111,10.1124,-13.9123,,10.4,9.4584,-14.5663,,24.0246
Vietnam,Biodiesel,2039,28,25.9259,11.8519,10.7946,-15.1313,,11.2,10.1942,-15.7318,,25.9259
Vietnam,Biodiesel,2040,30,27.8351,12.5926,11.4779,-16.3572,,12,10.9312,-16.9039,,27.8351
Vietnam,Biodiesel,2041,32,29.7521,13.3333,12.1622,-17.5899,,12.8,11.6694,-18.0827,,29.7521
Vietnam,Biodiesel,2042,34,31.677,14.0741,12.8475,-18.8295,,13.6,12.4088,-19.2683,,31.677
Vietnam,Biodiesel,2043,36,33.61,14.8148,13.5338,-20.0761,,14.4,13.1494,-20.4606,,33.61
Vietnam,Biodiesel,2044,38,35.5509,15.5556,14.2212,-21.3297,,15.2,13.8911,-21.6598,,35.5509
Vietnam,Biodiesel,2045,40,37.5,16.2963,14.9096,-22.5904,,16,14.6341,-22.8659,,37.5
Vietnam,Biodiesel,2046,42,39.4572,17.037,15.5991,-23.8581,,16.8,15.3784,-24.0788,,39.4572
Vietnam,Biodiesel,2047,44,41.4226,17.7778,16.2896,-25.133,,17.6,16.1238,-25.2988,,41.4226
Vietnam,Biodiesel,2048,46,43.3962,18.5185,16.9811,-26.4151,,18.4,16.8704,-26.5258,,43.3962
Vietnam,Biodiesel,2049,48,45.3782,19.2593,17.6737,-27.7044,,19.2,17.6183,-27.7599,,45.3782
Vietnam,Biodiesel,2050,50,47.3684,20,18.3673,-29.0011,,20,18.3673,-29.0011,,47.3684
Vietnam,Biodiesel,2051,50,47.3684,20,18.3673,-29.0011,,20,18.3673,-29.0011,,47.3684
Vietnam,Biodiesel,2052,50,47.3684,20,18.3673,-29.0011,,20,18.3673,-29.0011,,47.3684
Vietnam,Biodiesel,2053,50,47.3684,20,18.3673,-29.0011,,20,18.3673,-29.0011,,47.3684
Vietnam,Biodiesel,2054,50,47.3684,20,18.3673,-29.0011,,20,18.3673,-29.0011,,47.3684
Vietnam,Biodiesel,2055,50,47.3684,20,18.3673,-29.0011,,20,18.3673,-29.0011,,47.3684
Vietnam,Biodiesel,2056,50,47.3684,20,18.3673,-29.0011,,20,18.3673,-29.0011,,47.3684
Vietnam,Biodiesel,2057,50,47.3684,20,18.3673,-29.0011,,20,18.3673,-29.0011,,47.3684
Vietnam,Biodiesel,2058,50,47.3684,20,18.3673,-29.0011,,20,18.3673,-29.0011,,47.3684
Vietnam,Biodiesel,2059,50,47.3684,20,18.3673,-29.0011,,20,18.3673,-29.0011,,47.3684
Vietnam,Biodiesel,2060,50,47.3684,20,18.3673,-29.0011,,20,18.3673,-29.0011,,47.3684
Brunei,Bioethanol,2025,0,0,0,0,0,,0,0,0,,0
Brunei,Bioethanol,2026,3,1.8128,0,0,-1.8128,,0,0,-1.8128,,1.8128
Brunei,Bioethanol,2027,6,3.6705,0,0,-3.6705,,0,0,-3.6705,,3.6705
Brunei,Bioethanol,2028,9,5.5749,0,0,-5.5749,,0,0,-5.5749,,5.5749
Brunei,Bioethanol,2029,12,7.5276,0,0,-7.5276,,0,0,-7.5276,,7.5276
Brunei,Bioethanol,2030,15,9.5306,0,0,-9.5306,,0,0,-9.5306,,9.5306
Brunei,Bioethanol,2031,16,10.2098,0,0,-10.2098,,0,0,-10.2098,,10.2098
Brunei,Bioethanol,2032,17,10.8949,0,0,-10.8949,,0,0,-10.8949,,10.8949
Brunei,Bioethanol,2033,18,11.5859,0,0,-11.5859,,0,0,-11.5859,,11.5859
Brunei,Bioethanol,2034,19,12.2829,0,0,-12.2829,,0,0,-12.2829,,12.2829
Brunei,Bioethanol,2035,20,12.9861,0,0,-12.9861,,0,0,-12.9861,,12.9861
Brunei,Bioethanol,2036,20,12.9861,0,0,-12.9861,,0,0,-12.9861,,12.9861
Brunei,Bioethanol,2037,20,12.9861,0,0,-12.9861,,0,0,-12.9861,,12.9861
Brunei,Bioethanol,2038,20,12.9861,0,0,-12.9861,,0,0,-12.9861,,12.9861
Brunei,Bioethanol,2039,20,12.9861,0,0,-12.9861,,0,0,-12.9861,,12.9861
Brunei,Bioethanol,2040,20,12.9861,0,0,-12.9861,,0,0,-12.9861,,12.9861
Brunei,Bioethanol,2041,20,12.9861,0,0,-12.9861,,0,0,-12.9861,,12.9861
Brunei,Bioethanol,2042,20,12.9861,0,0,-12.9861,,0,0,-12.9861,,12.9861
Brunei,Bioethanol,2043,20,12.9861,0,0,-12.9861,,0,0,-12.9861,,12.9861
Brunei,Bioethanol,2044,20,12.9861,0,0,-12.9861,,0,0,-12.9861,,12.9861
Brunei,Bioethanol,2045,20,12.9861,0,0,-12.9861,,0,0,-12.9861,,12.9861
Brunei,Bioethanol,2046,20,12.9861,0,0,-12.9861,,0,0,-12.9861,,12.9861
Brunei,Bioethanol,2047,20,12.9861,0,0,-12.9861,,0,0,-12.9861,,12.9861
Brunei,Bioethanol,2048,20,12.9861,0,0,-12.9861,,0,0,-12.9861,,12.9861
Brunei,Bioethanol,2049,20,12.9861,0,0,-12.9861,,0,0,-12.9861,,12.9861
Brunei,Bioethanol,2050,20,12.9861,0,0,-12.9861,,0,0,-12.9861,,12.9861
Brunei,Bioethanol,2051,20,12.9861,0,0,-12.9861,,0,0,-12.9861,,12.9861
Brunei,Bioethanol,2052,20,12.9861,0,0,-12.9861,,0,0,-12.9861,,12.9861
Brunei,Bioethanol,2053,20,12.9861,0,0,-12.9861,,0,0,-12.9861,,12.9861
Brunei,Bioethanol,2054,20,12.9861,0,0,-12.9861,,0,0,-12.9861,,12.9861
Brunei,Bioethanol,2055,20,12.9861,0,0,-12.9861,,0,0,-12.9861,,12.9861
Brunei,Bioethanol,2056,20,12.9861,0,0,-12.9861,,0,0,-12.9861,,12.9861
Brunei,Bioethanol,2057,20,12.9861,0,0,-12.9861,,0,0,-12.9861,,12.9861
Brunei,Bioethanol,2058,20,12.9861,0,0,-12.9861,,0,0,-12.9861,,12.9861
Brunei,Bioethanol,2059,20,12.9861,0,0,-12.9861,,0,0,-12.9861,,12.9861
Brunei,Bioethanol,2060,20,12.9861,0,0,-12.9861,,0,0,-12.9861,,12.9861
Cambodia,Bioethanol,2025,0,0,0,0,0,,0,0,0,,0
Cambodia,Bioethanol,2026,3,1.8128,0,0,-1.8128,,0,0,-1.8128,,1.8128
Cambodia,Bioethanol,2027,6,3.6705,0,0,-3.6705,,0,0,-3.6705,,3.6705
Cambodia,Bioethanol,2028,9,5.5749,0,0,-5.5749,,0,0,-5.5749,,5.5749
Cambodia,Bioethanol,2029,12,7.5276,0,0,-7.5276,,0,0,-7.5276,,7.5276
Cambodia,Bioethanol,2030,15,9.5306,0,0,-9.5306,,0,0,-9.5306,,9.5306
Cambodia,Bioethanol,2031,16,10.2098,0,0,-10.2098,,0,0,-10.2098,,10.2098
Cambodia,Bioethanol,2032,17,10.8949,0,0,-10.8949,,0,0,-10.8949,,10.8949
Cambodia,Bioethanol,2033,18,11.5859,0,0,-11.5859,,0,0,-11.5859,,11.5859
Cambodia,Bioethanol,2034,19,12.2829,0,0,-12.2829,,0,0,-12.2829,,12.2829
Cambodia,Bioethanol,2035,20,12.9861,0,0,-12.9861,,0,0,-12.9861,,12.9861
Cambodia,Bioethanol,2036,20,12.9861,0,0,-12.9861,,0,0,-12.9861,,12.9861
Cambodia,Bioethanol,2037,20,12.9861,0,0,-12.9861,,0,0,-12.9861,,12.9861
Cambodia,Bioethanol,2038,20,12.9861,0,0,-12.9861,,0,0,-12.9861,,12.9861
Cambodia,Bioethanol,2039,20,12.9861,0,0,-12.9861,,0,0,-12.9861,,12.9861
Cambodia,Bioethanol,2040,20,12.9861,0,0,-12.9861,,0,0,-12.9861,,12.9861
Cambodia,Bioethanol,2041,20,12.9861,0,0,-12.9861,,0,0,-12.9861,,12.9861
Cambodia,Bioethanol,2042,20,12.9861,0,0,-12.9861,,0,0,-12.9861,,12.9861
Cambodia,Bioethanol,2043,20,12.9861,0,0,-12.9861,,0,0,-12.9861,,12.9861
Cambodia,Bioethanol,2044,20,12.9861,0,0,-12.9861,,0,0,-12.9861,,12.9861
Cambodia,Bioethanol,2045,20,12.9861,0,0,-12.9861,,0,0,-12.9861,,12.9861
Cambodia,Bioethanol,2046,20,12.9861,0,0,-12.9861,,0,0,-12.9861,,12.9861
Cambodia,Bioethanol,2047,20,12.9861,0,0,-12.9861,,0,0,-12.9861,,12.9861
Cambodia,Bioethanol,2048,20,12.9861,0,0,-12.9861,,0,0,-12.9861,,12.9861
Cambodia,Bioethanol,2049,20,12.9861,0,0,-12.9861,,0,0,-12.9861,,12.9861
Cambodia,Bioethanol,2050,20,12.9861,0,0,-12.9861,,0,0,-12.9861,,12.9861
Cambodia,Bioethanol,2051,20,12.9861,0,0,-12.9861,,0,0,-12.9861,,12.9861
Cambodia,Bioethanol,2052,20,12.9861,0,0,-12.9861,,0,0,-12.9861,,12.9861
Cambodia,Bioethanol,2053,20,12.9861,0,0,-12.9861,,0,0,-12.9861,,12.9861
Cambodia,Bioethanol,2054,20,12.9861,0,0,-12.9861,,0,0,-12.9861,,12.9861
Cambodia,Bioethanol,2055,20,12.9861,0,0,-12.9861,,0,0,-12.9861,,12.9861
Cambodia,Bioethanol,2056,20,12.9861,0,0,-12.9861,,0,0,-12.9861,,12.9861
Cambodia,Bioethanol,2057,20,12.9861,0,0,-12.9861,,0,0,-12.9861,,12.9861
Cambodia,Bioethanol,2058,20,12.9861,0,0,-12.9861,,0,0,-12.9861,,12.9861
Cambodia,Bioethanol,2059,20,12.9861,0,0,-12.9861,,0,0,-12.9861,,12.9861
Cambodia,Bioethanol,2060,20,12.9861,0,0,-12.9861,,0,0,-12.9861,,12.9861
Indonesia,Bioethanol,2025,0,0,20,12.9861,12.9861,YES,0,0,0,,0
Indonesia,Bioethanol,2026,3,1.8128,21.2,13.838,12.0252,YES,0.8,0.4791,-1.3337,,1.8128
Indonesia,Bioethanol,2027,6,3.6705,22.4,14.699,11.0285,YES,1.6,0.9613,-2.7092,,3.6705
Indonesia,Bioethanol,2028,9,5.5749,23.6,15.5692,9.9944,YES,2.4,1.4467,-4.1282,,5.5749
Indonesia,Bioethanol,2029,12,7.5276,24.8,16.4488,8.9212,YES,3.2,1.9352,-5.5924,,7.5276
Indonesia,Bioethanol,2030,15,9.5306,26,17.3379,7.8073,YES,4,2.427,-7.1037,,9.5306
Indonesia,Bioethanol,2031,16,10.2098,27.2,18.2366,8.0268,YES,4.8,2.922,-7.2879,,10.2098
Indonesia,Bioethanol,2032,17,10.8949,28.4,19.1452,8.2503,YES,5.6,3.4202,-7.4747,,10.8949
Indonesia,Bioethanol,2033,18,11.5859,29.6,20.0637,8.4778,YES,6.4,3.9217,-7.6641,,11.5859
Indonesia,Bioethanol,2034,19,12.2829,30.8,20.9924,8.7095,YES,7.2,4.4266,-7.8563,,12.2829
Indonesia,Bioethanol,2035,20,12.9861,32,21.9314,8.9453,YES,8,4.9348,-8.0512,,12.9861
Indonesia,Bioethanol,2036,20,12.9861,33.2,22.8809,9.8948,YES,8.8,5.4465,-7.5396,,12.9861
Indonesia,Bioethanol,2037,20,12.9861,34.4,23.841,10.8549,YES,9.6,5.9615,-7.0245,,12.9861
Indonesia,Bioethanol,2038,20,12.9861,35.6,24.812,11.8259,YES,10.4,6.48,-6.506,,12.9861
Indonesia,Bioethanol,2039,20,12.9861,36.8,25.794,12.8079,YES,11.2,7.0021,-5.984,,12.9861
Indonesia,Bioethanol,2040,20,12.9861,38,26.7872,13.8011,YES,12,7.5276,-5.4584,,12.9861
Indonesia,Bioethanol,2041,20,12.9861,39.2,27.7918,14.8058,YES,12.8,8.0568,-4.9293,,12.9861
Indonesia,Bioethanol,2042,20,12.9861,40.4,28.8081,15.822,YES,13.6,8.5895,-4.3965,,12.9861
Indonesia,Bioethanol,2043,20,12.9861,41.6,29.8361,16.8501,YES,14.4,9.1259,-3.8601,,12.9861
Indonesia,Bioethanol,2044,20,12.9861,42.8,30.8762,17.8901,YES,15.2,9.666,-3.32,,12.9861
Indonesia,Bioethanol,2045,20,12.9861,44,31.9285,18.9424,YES,16,10.2098,-2.7762,,12.9861
Indonesia,Bioethanol,2046,20,12.9861,45.2,32.9932,20.0072,YES,16.8,10.7574,-2.2287,,12.9861
Indonesia,Bioethanol,2047,20,12.9861,46.4,34.0706,21.0846,YES,17.6,11.3087,-1.6773,,12.9861
Indonesia,Bioethanol,2048,20,12.9861,47.6,35.161,22.1749,YES,18.4,11.864,-1.1221,,12.9861
Indonesia,Bioethanol,2049,20,12.9861,48.8,36.2644,23.2783,YES,19.2,12.423,-0.563,,12.9861
Indonesia,Bioethanol,2050,20,12.9861,50,37.3812,24.3951,YES,20,12.9861,0,,12.9861
Indonesia,Bioethanol,2051,20,12.9861,50,37.3812,24.3951,YES,20,12.9861,0,,12.9861
Indonesia,Bioethanol,2052,20,12.9861,50,37.3812,24.3951,YES,20,12.9861,0,,12.9861
Indonesia,Bioethanol,2053,20,12.9861,50,37.3812,24.3951,YES,20,12.9861,0,,12.9861
Indonesia,Bioethanol,2054,20,12.9861,50,37.3812,24.3951,YES,20,12.9861,0,,12.9861
Indonesia,Bioethanol,2055,20,12.9861,50,37.3812,24.3951,YES,20,12.9861,0,,12.9861
Indonesia,Bioethanol,2056,20,12.9861,50,37.3812,24.3951,YES,20,12.9861,0,,12.9861
Indonesia,Bioethanol,2057,20,12.9861,50,37.3812,24.3951,YES,20,12.9861,0,,12.9861
Indonesia,Bioethanol,2058,20,12.9861,50,37.3812,24.3951,YES,20,12.9861,0,,12.9861
Indonesia,Bioethanol,2059,20,12.9861,50,37.3812,24.3951,YES,20,12.9861,0,,12.9861
Indonesia,Bioethanol,2060,20,12.9861,50,37.3812,24.3951,YES,20,12.9861,0,,12.9861
Laos,Bioethanol,2025,0,0,1.6667,1.0017,1.0017,YES,0,0,0,,0
Laos,Bioethanol,2026,3,1.8128,3.3333,2.017,0.2042,YES,2,1.2036,-0.6092,,1.8128
Laos,Bioethanol,2027,6,3.6705,5,3.0462,-0.6243,,4,2.427,-1.2436,,3.6705
Laos,Bioethanol,2028,9,5.5749,6.6667,4.0896,-1.4853,,6,3.6705,-1.9044,,5.5749
Laos,Bioethanol,2029,12,7.5276,8.3333,5.1476,-2.38,,8,4.9348,-2.5928,,7.5276
Laos,Bioethanol,2030,15,9.5306,10,6.2203,-3.3103,,10,6.2203,-3.3103,,9.5306
Laos,Bioethanol,2031,16,10.2098,10,6.2203,-3.9895,,10,6.2203,-3.9895,,10.2098
Laos,Bioethanol,2032,17,10.8949,10,6.2203,-4.6745,,10,6.2203,-4.6745,,10.8949
Laos,Bioethanol,2033,18,11.5859,10,6.2203,-5.3655,,10,6.2203,-5.3655,,11.5859
Laos,Bioethanol,2034,19,12.2829,10,6.2203,-6.0626,,10,6.2203,-6.0626,,12.2829
Laos,Bioethanol,2035,20,12.9861,10,6.2203,-6.7657,,10,6.2203,-6.7657,,12.9861
Laos,Bioethanol,2036,20,12.9861,10,6.2203,-6.7657,,10,6.2203,-6.7657,,12.9861
Laos,Bioethanol,2037,20,12.9861,10,6.2203,-6.7657,,10,6.2203,-6.7657,,12.9861
Laos,Bioethanol,2038,20,12.9861,10,6.2203,-6.7657,,10,6.2203,-6.7657,,12.9861
Laos,Bioethanol,2039,20,12.9861,10,6.2203,-6.7657,,10,6.2203,-6.7657,,12.9861
Laos,Bioethanol,2040,20,12.9861,10,6.2203,-6.7657,,10,6.2203,-6.7657,,12.9861
Laos,Bioethanol,2041,20,12.9861,10,6.2203,-6.7657,,10,6.2203,-6.7657,,12.9861
Laos,Bioethanol,2042,20,12.9861,10,6.2203,-6.7657,,10,6.2203,-6.7657,,12.9861
Laos,Bioethanol,2043,20,12.9861,10,6.2203,-6.7657,,10,6.2203,-6.7657,,12.9861
Laos,Bioethanol,2044,20,12.9861,10,6.2203,-6.7657,,10,6.2203,-6.7657,,12.9861
Laos,Bioethanol,2045,20,12.9861,10,6.2203,-6.7657,,10,6.2203,-6.7657,,12.9861
Laos,Bioethanol,2046,20,12.9861,10,6.2203,-6.7657,,10,6.2203,-6.7657,,12.9861
Laos,Bioethanol,2047,20,12.9861,10,6.2203,-6.7657,,10,6.2203,-6.7657,,12.9861
Laos,Bioethanol,2048,20,12.9861,10,6.2203,-6.7657,,10,6.2203,-6.7657,,12.9861
Laos,Bioethanol,2049,20,12.9861,10,6.2203,-6.7657,,10,6.2203,-6.7657,,12.9861
Laos,Bioethanol,2050,20,12.9861,10,6.2203,-6.7657,,10,6.2203,-6.7657,,12.9861
Laos,Bioethanol,2051,20,12.9861,10,6.2203,-6.7657,,10,6.2203,-6.7657,,12.9861
Laos,Bioethanol,2052,20,12.9861,10,6.2203,-6.7657,,10,6.2203,-6.7657,,12.9861
Laos,Bioethanol,2053,20,12.9861,10,6.2203,-6.7657,,10,6.2203,-6.7657,,12.9861
Laos,Bioethanol,2054,20,12.9861,10,6.2203,-6.7657,,10,6.2203,-6.7657,,12.9861
Laos,Bioethanol,2055,20,12.9861,10,6.2203,-6.7657,,10,6.2203,-6.7657,,12.9861
Laos,Bioethanol,2056,20,12.9861,10,6.2203,-6.7657,,10,6.2203,-6.7657,,12.9861
Laos,Bioethanol,2057,20,12.9861,10,6.2203,-6.7657,,10,6.2203,-6.7657,,12.9861
Laos,Bioethanol,2058,20,12.9861,10,6.2203,-6.7657,,10,6.2203,-6.7657,,12.9861
Laos,Bioethanol,2059,20,12.9861,10,6.2203,-6.7657,,10,6.2203,-6.7657,,12.9861
Laos,Bioethanol,2060,20,12.9861,10,6.2203,-6.7657,,10,6.2203,-6.7657,,12.9861
Malaysia,Bioethanol,2025,0,0,0,0,0,,0,0,0,,0
Malaysia,Bioethanol,2026,3,1.8128,0,0,-1.8128,,0,0,-1.8128,,1.8128
Malaysia,Bioethanol,2027,6,3.6705,0,0,-3.6705,,0,0,-3.6705,,3.6705
Malaysia,Bioethanol,2028,9,5.5749,0,0,-5.5749,,0,0,-5.5749,,5.5749
Malaysia,Bioethanol,2029,12,7.5276,0,0,-7.5276,,0,0,-7.5276,,7.5276
Malaysia,Bioethanol,2030,15,9.5306,0,0,-9.5306,,0,0,-9.5306,,9.5306
Malaysia,Bioethanol,2031,16,10.2098,0,0,-10.2098,,0,0,-10.2098,,10.2098
Malaysia,Bioethanol,2032,17,10.8949,0,0,-10.8949,,0,0,-10.8949,,10.8949
Malaysia,Bioethanol,2033,18,11.5859,0,0,-11.5859,,0,0,-11.5859,,11.5859
Malaysia,Bioethanol,2034,19,12.2829,0,0,-12.2829,,0,0,-12.2829,,12.2829
Malaysia,Bioethanol,2035,20,12.9861,0,0,-12.9861,,0,0,-12.9861,,12.9861
Malaysia,Bioethanol,2036,20,12.9861,0,0,-12.9861,,0,0,-12.9861,,12.9861
Malaysia,Bioethanol,2037,20,12.9861,0,0,-12.9861,,0,0,-12.9861,,12.9861
Malaysia,Bioethanol,2038,20,12.9861,0,0,-12.9861,,0,0,-12.9861,,12.9861
Malaysia,Bioethanol,2039,20,12.9861,0,0,-12.9861,,0,0,-12.9861,,12.9861
Malaysia,Bioethanol,2040,20,12.9861,0,0,-12.9861,,0,0,-12.9861,,12.9861
Malaysia,Bioethanol,2041,20,12.9861,0,0,-12.9861,,0,0,-12.9861,,12.9861
Malaysia,Bioethanol,2042,20,12.9861,0,0,-12.9861,,0,0,-12.9861,,12.9861
Malaysia,Bioethanol,2043,20,12.9861,0,0,-12.9861,,0,0,-12.9861,,12.9861
Malaysia,Bioethanol,2044,20,12.9861,0,0,-12.9861,,0,0,-12.9861,,12.9861
Malaysia,Bioethanol,2045,20,12.9861,0,0,-12.9861,,0,0,-12.9861,,12.9861
Malaysia,Bioethanol,2046,20,12.9861,0,0,-12.9861,,0,0,-12.9861,,12.9861
Malaysia,Bioethanol,2047,20,12.9861,0,0,-12.9861,,0,0,-12.9861,,12.9861
Malaysia,Bioethanol,2048,20,12.9861,0,0,-12.9861,,0,0,-12.9861,,12.9861
Malaysia,Bioethanol,2049,20,12.9861,0,0,-12.9861,,0,0,-12.9861,,12.9861
Malaysia,Bioethanol,2050,20,12.9861,0,0,-12.9861,,0,0,-12.9861,,12.9861
Malaysia,Bioethanol,2051,20,12.9861,0,0,-12.9861,,0,0,-12.9861,,12.9861
Malaysia,Bioethanol,2052,20,12.9861,0,0,-12.9861,,0,0,-12.9861,,12.9861
Malaysia,Bioethanol,2053,20,12.9861,0,0,-12.9861,,0,0,-12.9861,,12.9861
Malaysia,Bioethanol,2054,20,12.9861,0,0,-12.9861,,0,0,-12.9861,,12.9861
Malaysia,Bioethanol,2055,20,12.9861,0,0,-12.9861,,0,0,-12.9861,,12.9861
Malaysia,Bioethanol,2056,20,12.9861,0,0,-12.9861,,0,0,-12.9861,,12.9861
Malaysia,Bioethanol,2057,20,12.9861,0,0,-12.9861,,0,0,-12.9861,,12.9861
Malaysia,Bioethanol,2058,20,12.9861,0,0,-12.9861,,0,0,-12.9861,,12.9861
Malaysia,Bioethanol,2059,20,12.9861,0,0,-12.9861,,0,0,-12.9861,,12.9861
Malaysia,Bioethanol,2060,20,12.9861,0,0,-12.9861,,0,0,-12.9861,,12.9861
Myanmar,Bioethanol,2025,0,0,0,0,0,,0,0,0,,0
Myanmar,Bioethanol,2026,3,1.8128,0,0,-1.8128,,0,0,-1.8128,,1.8128
Myanmar,Bioethanol,2027,6,3.6705,0,0,-3.6705,,0,0,-3.6705,,3.6705
Myanmar,Bioethanol,2028,9,5.5749,0,0,-5.5749,,0,0,-5.5749,,5.5749
Myanmar,Bioethanol,2029,12,7.5276,0,0,-7.5276,,0,0,-7.5276,,7.5276
Myanmar,Bioethanol,2030,15,9.5306,0,0,-9.5306,,0,0,-9.5306,,9.5306
Myanmar,Bioethanol,2031,16,10.2098,0,0,-10.2098,,0,0,-10.2098,,10.2098
Myanmar,Bioethanol,2032,17,10.8949,0,0,-10.8949,,0,0,-10.8949,,10.8949
Myanmar,Bioethanol,2033,18,11.5859,0,0,-11.5859,,0,0,-11.5859,,11.5859
Myanmar,Bioethanol,2034,19,12.2829,0,0,-12.2829,,0,0,-12.2829,,12.2829
Myanmar,Bioethanol,2035,20,12.9861,0,0,-12.9861,,0,0,-12.9861,,12.9861
Myanmar,Bioethanol,2036,20,12.9861,0,0,-12.9861,,0,0,-12.9861,,12.9861
Myanmar,Bioethanol,2037,20,12.9861,0,0,-12.9861,,0,0,-12.9861,,12.9861
Myanmar,Bioethanol,2038,20,12.9861,0,0,-12.9861,,0,0,-12.9861,,12.9861
Myanmar,Bioethanol,2039,20,12.9861,0,0,-12.9861,,0,0,-12.9861,,12.9861
Myanmar,Bioethanol,2040,20,12.9861,0,0,-12.9861,,0,0,-12.9861,,12.9861
Myanmar,Bioethanol,2041,20,12.9861,0,0,-12.9861,,0,0,-12.9861,,12.9861
Myanmar,Bioethanol,2042,20,12.9861,0,0,-12.9861,,0,0,-12.9861,,12.9861
Myanmar,Bioethanol,2043,20,12.9861,0,0,-12.9861,,0,0,-12.9861,,12.9861
Myanmar,Bioethanol,2044,20,12.9861,0,0,-12.9861,,0,0,-12.9861,,12.9861
Myanmar,Bioethanol,2045,20,12.9861,0,0,-12.9861,,0,0,-12.9861,,12.9861
Myanmar,Bioethanol,2046,20,12.9861,0,0,-12.9861,,0,0,-12.9861,,12.9861
Myanmar,Bioethanol,2047,20,12.9861,0,0,-12.9861,,0,0,-12.9861,,12.9861
Myanmar,Bioethanol,2048,20,12.9861,0,0,-12.9861,,0,0,-12.9861,,12.9861
Myanmar,Bioethanol,2049,20,12.9861,0,0,-12.9861,,0,0,-12.9861,,12.9861
Myanmar,Bioethanol,2050,20,12.9861,0,0,-12.9861,,0,0,-12.9861,,12.9861
Myanmar,Bioethanol,2051,20,12.9861,0,0,-12.9861,,0,0,-12.9861,,12.9861
Myanmar,Bioethanol,2052,20,12.9861,0,0,-12.9861,,0,0,-12.9861,,12.9861
Myanmar,Bioethanol,2053,20,12.9861,0,0,-12.9861,,0,0,-12.9861,,12.9861
Myanmar,Bioethanol,2054,20,12.9861,0,0,-12.9861,,0,0,-12.9861,,12.9861
Myanmar,Bioethanol,2055,20,12.9861,0,0,-12.9861,,0,0,-12.9861,,12.9861
Myanmar,Bioethanol,2056,20,12.9861,0,0,-12.9861,,0,0,-12.9861,,12.9861
Myanmar,Bioethanol,2057,20,12.9861,0,0,-12.9861,,0,0,-12.9861,,12.9861
Myanmar,Bioethanol,2058,20,12.9861,0,0,-12.9861,,0,0,-12.9861,,12.9861
Myanmar,Bioethanol,2059,20,12.9861,0,0,-12.9861,,0,0,-12.9861,,12.9861
Myanmar,Bioethanol,2060,20,12.9861,0,0,-12.9861,,0,0,-12.9861,,12.9861
Philippines,Bioethanol,2025,10.1,6.2852,5,3.0462,-3.239,,10.1,6.2852,0,,6.2852
Philippines,Bioethanol,2026,11,6.8712,10,6.2203,-0.6509,,10,6.2203,-0.6509,,6.8712
Philippines,Bioethanol,2027,12,7.5276,10,6.2203,-1.3073,,10,6.2203,-1.3073,,7.5276
Philippines,Bioethanol,2028,13,8.1896,10,6.2203,-1.9693,,10,6.2203,-1.9693,,8.1896
Philippines,Bioethanol,2029,14,8.8573,10,6.2203,-2.6369,,10,6.2203,-2.6369,,8.8573
Philippines,Bioethanol,2030,15,9.5306,10,6.2203,-3.3103,,10,6.2203,-3.3103,,9.5306
Philippines,Bioethanol,2031,16,10.2098,10,6.2203,-3.9895,,10,6.2203,-3.9895,,10.2098
Philippines,Bioethanol,2032,17,10.8949,10,6.2203,-4.6745,,10,6.2203,-4.6745,,10.8949
Philippines,Bioethanol,2033,18,11.5859,10,6.2203,-5.3655,,10,6.2203,-5.3655,,11.5859
Philippines,Bioethanol,2034,19,12.2829,10,6.2203,-6.0626,,10,6.2203,-6.0626,,12.2829
Philippines,Bioethanol,2035,20,12.9861,10,6.2203,-6.7657,,10,6.2203,-6.7657,,12.9861
Philippines,Bioethanol,2036,20,12.9861,10,6.2203,-6.7657,,10,6.2203,-6.7657,,12.9861
Philippines,Bioethanol,2037,20,12.9861,10,6.2203,-6.7657,,10,6.2203,-6.7657,,12.9861
Philippines,Bioethanol,2038,20,12.9861,10,6.2203,-6.7657,,10,6.2203,-6.7657,,12.9861
Philippines,Bioethanol,2039,20,12.9861,10,6.2203,-6.7657,,10,6.2203,-6.7657,,12.9861
Philippines,Bioethanol,2040,20,12.9861,10,6.2203,-6.7657,,10,6.2203,-6.7657,,12.9861
Philippines,Bioethanol,2041,20,12.9861,10,6.2203,-6.7657,,10,6.2203,-6.7657,,12.9861
Philippines,Bioethanol,2042,20,12.9861,10,6.2203,-6.7657,,10,6.2203,-6.7657,,12.9861
Philippines,Bioethanol,2043,20,12.9861,10,6.2203,-6.7657,,10,6.2203,-6.7657,,12.9861
Philippines,Bioethanol,2044,20,12.9861,10,6.2203,-6.7657,,10,6.2203,-6.7657,,12.9861
Philippines,Bioethanol,2045,20,12.9861,10,6.2203,-6.7657,,10,6.2203,-6.7657,,12.9861
Philippines,Bioethanol,2046,20,12.9861,10,6.2203,-6.7657,,10,6.2203,-6.7657,,12.9861
Philippines,Bioethanol,2047,20,12.9861,10,6.2203,-6.7657,,10,6.2203,-6.7657,,12.9861
Philippines,Bioethanol,2048,20,12.9861,10,6.2203,-6.7657,,10,6.2203,-6.7657,,12.9861
Philippines,Bioethanol,2049,20,12.9861,10,6.2203,-6.7657,,10,6.2203,-6.7657,,12.9861
Philippines,Bioethanol,2050,20,12.9861,10,6.2203,-6.7657,,10,6.2203,-6.7657,,12.9861
Philippines,Bioethanol,2051,20,12.9861,10,6.2203,-6.7657,,10,6.2203,-6.7657,,12.9861
Philippines,Bioethanol,2052,20,12.9861,10,6.2203,-6.7657,,10,6.2203,-6.7657,,12.9861
Philippines,Bioethanol,2053,20,12.9861,10,6.2203,-6.7657,,10,6.2203,-6.7657,,12.9861
Philippines,Bioethanol,2054,20,12.9861,10,6.2203,-6.7657,,10,6.2203,-6.7657,,12.9861
Philippines,Bioethanol,2055,20,12.9861,10,6.2203,-6.7657,,10,6.2203,-6.7657,,12.9861
Philippines,Bioethanol,2056,20,12.9861,10,6.2203,-6.7657,,10,6.2203,-6.7657,,12.9861
Philippines,Bioethanol,2057,20,12.9861,10,6.2203,-6.7657,,10,6.2203,-6.7657,,12.9861
Philippines,Bioethanol,2058,20,12.9861,10,6.2203,-6.7657,,10,6.2203,-6.7657,,12.9861
Philippines,Bioethanol,2059,20,12.9861,10,6.2203,-6.7657,,10,6.2203,-6.7657,,12.9861
Philippines,Bioethanol,2060,20,12.9861,10,6.2203,-6.7657,,10,6.2203,-6.7657,,12.9861
Singapore,Bioethanol,2025,0,0,0,0,0,,0,0,0,,0
Singapore,Bioethanol,2026,3,1.8128,0,0,-1.8128,,0,0,-1.8128,,1.8128
Singapore,Bioethanol,2027,6,3.6705,0,0,-3.6705,,0,0,-3.6705,,3.6705
Singapore,Bioethanol,2028,9,5.5749,0,0,-5.5749,,0,0,-5.5749,,5.5749
Singapore,Bioethanol,2029,12,7.5276,0,0,-7.5276,,0,0,-7.5276,,7.5276
Singapore,Bioethanol,2030,15,9.5306,0,0,-9.5306,,0,0,-9.5306,,9.5306
Singapore,Bioethanol,2031,16,10.2098,0,0,-10.2098,,0,0,-10.2098,,10.2098
Singapore,Bioethanol,2032,17,10.8949,0,0,-10.8949,,0,0,-10.8949,,10.8949
Singapore,Bioethanol,2033,18,11.5859,0,0,-11.5859,,0,0,-11.5859,,11.5859
Singapore,Bioethanol,2034,19,12.2829,0,0,-12.2829,,0,0,-12.2829,,12.2829
Singapore,Bioethanol,2035,20,12.9861,0,0,-12.9861,,0,0,-12.9861,,12.9861
Singapore,Bioethanol,2036,20,12.9861,0,0,-12.9861,,0,0,-12.9861,,12.9861
Singapore,Bioethanol,2037,20,12.9861,0,0,-12.9861,,0,0,-12.9861,,12.9861
Singapore,Bioethanol,2038,20,12.9861,0,0,-12.9861,,0,0,-12.9861,,12.9861
Singapore,Bioethanol,2039,20,12.9861,0,0,-12.9861,,0,0,-12.9861,,12.9861
Singapore,Bioethanol,2040,20,12.9861,0,0,-12.9861,,0,0,-12.9861,,12.9861
Singapore,Bioethanol,2041,20,12.9861,0,0,-12.9861,,0,0,-12.9861,,12.9861
Singapore,Bioethanol,2042,20,12.9861,0,0,-12.9861,,0,0,-12.9861,,12.9861
Singapore,Bioethanol,2043,20,12.9861,0,0,-12.9861,,0,0,-12.9861,,12.9861
Singapore,Bioethanol,2044,20,12.9861,0,0,-12.9861,,0,0,-12.9861,,12.9861
Singapore,Bioethanol,2045,20,12.9861,0,0,-12.9861,,0,0,-12.9861,,12.9861
Singapore,Bioethanol,2046,20,12.9861,0,0,-12.9861,,0,0,-12.9861,,12.9861
Singapore,Bioethanol,2047,20,12.9861,0,0,-12.9861,,0,0,-12.9861,,12.9861
Singapore,Bioethanol,2048,20,12.9861,0,0,-12.9861,,0,0,-12.9861,,12.9861
Singapore,Bioethanol,2049,20,12.9861,0,0,-12.9861,,0,0,-12.9861,,12.9861
Singapore,Bioethanol,2050,20,12.9861,0,0,-12.9861,,0,0,-12.9861,,12.9861
Singapore,Bioethanol,2051,20,12.9861,0,0,-12.9861,,0,0,-12.9861,,12.9861
Singapore,Bioethanol,2052,20,12.9861,0,0,-12.9861,,0,0,-12.9861,,12.9861
Singapore,Bioethanol,2053,20,12.9861,0,0,-12.9861,,0,0,-12.9861,,12.9861
Singapore,Bioethanol,2054,20,12.9861,0,0,-12.9861,,0,0,-12.9861,,12.9861
Singapore,Bioethanol,2055,20,12.9861,0,0,-12.9861,,0,0,-12.9861,,12.9861
Singapore,Bioethanol,2056,20,12.9861,0,0,-12.9861,,0,0,-12.9861,,12.9861
Singapore,Bioethanol,2057,20,12.9861,0,0,-12.9861,,0,0,-12.9861,,12.9861
Singapore,Bioethanol,2058,20,12.9861,0,0,-12.9861,,0,0,-12.9861,,12.9861
Singapore,Bioethanol,2059,20,12.9861,0,0,-12.9861,,0,0,-12.9861,,12.9861
Singapore,Bioethanol,2060,20,12.9861,0,0,-12.9861,,0,0,-12.9861,,12.9861
Thailand,Bioethanol,2025,13.7,8.6564,0.7692,0.4606,-8.1957,,13.7,8.6564,0,,8.6564
Thailand,Bioethanol,2026,13.7,8.6564,1.5385,0.9241,-7.7322,,13.952,8.8251,0.1687,YES,8.8251
Thailand,Bioethanol,2027,20,12.9861,2.3077,1.3905,-11.5955,,14.204,8.9942,-3.9919,,12.9861
Thailand,Bioethanol,2028,20,12.9861,3.0769,1.8599,-11.1262,,14.456,9.1636,-3.8224,,12.9861
Thailand,Bioethanol,2029,20,12.9861,3.8462,2.3322,-10.6539,,14.708,9.3334,-3.6526,,12.9861
Thailand,Bioethanol,2030,20,12.9861,4.6154,2.8074,-10.1786,,14.96,9.5036,-3.4825,,12.9861
Thailand,Bioethanol,2031,20,12.9861,5.3846,3.2857,-9.7003,,15.212,9.6741,-3.3119,,12.9861
Thailand,Bioethanol,2032,20,12.9861,6.1538,3.7671,-9.219,,15.464,9.8451,-3.141,,12.9861
Thailand,Bioethanol,2033,20,12.9861,6.9231,4.2515,-8.7346,,15.716,10.0163,-2.9697,,12.9861
Thailand,Bioethanol,2034,20,12.9861,7.6923,4.739,-8.2471,,15.968,10.188,-2.7981,,12.9861
Thailand,Bioethanol,2035,20,12.9861,8.4615,5.2296,-7.7565,,16.22,10.36,-2.626,,12.9861
Thailand,Bioethanol,2036,20,12.9861,9.2308,5.7234,-7.2627,,16.472,10.5324,-2.4536,,12.9861
Thailand,Bioethanol,2037,20,12.9861,10,6.2203,-6.7657,,16.724,10.7052,-2.2809,,12.9861
Thailand,Bioethanol,2038,20,12.9861,10.7692,6.7205,-6.2655,,16.976,10.8784,-2.1077,,12.9861
Thailand,Bioethanol,2039,20,12.9861,11.5385,7.224,-5.7621,,17.228,11.0519,-1.9342,,12.9861
Thailand,Bioethanol,2040,20,12.9861,12.3077,7.7307,-5.2553,,17.48,11.2258,-1.7603,,12.9861
Thailand,Bioethanol,2041,20,12.9861,13.0769,8.2408,-4.7453,,17.732,11.4001,-1.586,,12.9861
Thailand,Bioethanol,2042,20,12.9861,13.8462,8.7542,-4.2319,,17.984,11.5748,-1.4113,,12.9861
Thailand,Bioethanol,2043,20,12.9861,14.6154,9.271,-3.7151,,18.236,11.7498,-1.2362,,12.9861
Thailand,Bioethanol,2044,20,12.9861,15.3846,9.7912,-3.1949,,18.488,11.9253,-1.0608,,12.9861
Thailand,Bioethanol,2045,20,12.9861,16.1538,10.3148,-2.6712,,18.74,12.1011,-0.885,,12.9861
Thailand,Bioethanol,2046,20,12.9861,16.9231,10.842,-2.1441,,18.992,12.2773,-0.7087,,12.9861
Thailand,Bioethanol,2047,20,12.9861,17.6923,11.3726,-1.6134,,19.244,12.4539,-0.5321,,12.9861
Thailand,Bioethanol,2048,20,12.9861,18.4615,11.9068,-1.0792,,19.496,12.6309,-0.3552,,12.9861
Thailand,Bioethanol,2049,20,12.9861,19.2308,12.4446,-0.5414,,19.748,12.8083,-0.1778,,12.9861
Thailand,Bioethanol,2050,20,12.9861,20,12.9861,0,,20,12.9861,0,,12.9861
Thailand,Bioethanol,2051,20,12.9861,20,12.9861,0,,20,12.9861,0,,12.9861
Thailand,Bioethanol,2052,20,12.9861,20,12.9861,0,,20,12.9861,0,,12.9861
Thailand,Bioethanol,2053,20,12.9861,20,12.9861,0,,20,12.9861,0,,12.9861
Thailand,Bioethanol,2054,20,12.9861,20,12.9861,0,,20,12.9861,0,,12.9861
Thailand,Bioethanol,2055,20,12.9861,20,12.9861,0,,20,12.9861,0,,12.9861
Thailand,Bioethanol,2056,20,12.9861,20,12.9861,0,,20,12.9861,0,,12.9861
Thailand,Bioethanol,2057,20,12.9861,20,12.9861,0,,20,12.9861,0,,12.9861
Thailand,Bioethanol,2058,20,12.9861,20,12.9861,0,,20,12.9861,0,,12.9861
Thailand,Bioethanol,2059,20,12.9861,20,12.9861,0,,20,12.9861,0,,12.9861
Thailand,Bioethanol,2060,20,12.9861,20,12.9861,0,,20,12.9861,0,,12.9861
Vietnam,Bioethanol,2025,1.5,0.9009,1.4815,0.8897,-0.0112,,1.5,0.9009,0,,0.9009
Vietnam,Bioethanol,2026,10,6.2203,2.2222,1.3386,-4.8818,,2.24,1.3494,-4.871,,6.2203
Vietnam,Bioethanol,2027,12,7.5276,2.963,1.7902,-5.7375,,2.98,1.8006,-5.7271,,7.5276
Vietnam,Bioethanol,2028,13,8.1896,3.7037,2.2445,-5.9451,,3.72,2.2545,-5.9351,,8.1896
Vietnam,Bioethanol,2029,14,8.8573,4.4444,2.7016,-6.1557,,4.46,2.7112,-6.1461,,8.8573
Vietnam,Bioethanol,2030,15,9.5306,5.1852,3.1614,-6.3692,,5.2,3.1707,-6.36,,9.5306
Vietnam,Bioethanol,2031,16,10.2098,5.9259,3.6241,-6.5857,,5.94,3.6329,-6.5769,,10.2098
Vietnam,Bioethanol,2032,17,10.8949,6.6667,4.0896,-6.8052,,6.68,4.0981,-6.7968,,10.8949
Vietnam,Bioethanol,2033,18,11.5859,7.4074,4.558,-7.0278,,7.42,4.566,-7.0198,,11.5859
Vietnam,Bioethanol,2034,19,12.2829,8.1481,5.0293,-7.2536,,8.16,5.0369,-7.246,,12.2829
Vietnam,Bioethanol,2035,20,12.9861,8.8889,5.5035,-7.4825,,8.9,5.5107,-7.4754,,12.9861
Vietnam,Bioethanol,2036,20,12.9861,9.6296,5.9807,-7.0054,,9.64,5.9874,-6.9987,,12.9861
Vietnam,Bioethanol,2037,20,12.9861,10.3704,6.4608,-6.5253,,10.38,6.467,-6.519,,12.9861
Vietnam,Bioethanol,2038,20,12.9861,11.1111,6.9439,-6.0422,,11.12,6.9497,-6.0363,,12.9861
Vietnam,Bioethanol,2039,20,12.9861,11.8519,7.43,-5.556,,11.86,7.4354,-5.5506,,12.9861
Vietnam,Bioethanol,2040,20,12.9861,12.5926,7.9193,-5.0668,,12.6,7.9242,-5.0619,,12.9861
Vietnam,Bioethanol,2041,20,12.9861,13.3333,8.4115,-4.5745,,13.34,8.416,-4.5701,,12.9861
Vietnam,Bioethanol,2042,20,12.9861,14.0741,8.907,-4.0791,,14.08,8.9109,-4.0751,,12.9861
Vietnam,Bioethanol,2043,20,12.9861,14.8148,9.4055,-3.5805,,14.82,9.409,-3.577,,12.9861
Vietnam,Bioethanol,2044,20,12.9861,15.5556,9.9072,-3.0788,,15.56,9.9103,-3.0758,,12.9861
Vietnam,Bioethanol,2045,20,12.9861,16.2963,10.4122,-2.5739,,16.3,10.4147,-2.5713,,12.9861
Vietnam,Bioethanol,2046,20,12.9861,17.037,10.9204,-2.0657,,17.04,10.9224,-2.0637,,12.9861
Vietnam,Bioethanol,2047,20,12.9861,17.7778,11.4318,-1.5543,,17.78,11.4333,-1.5527,,12.9861
Vietnam,Bioethanol,2048,20,12.9861,18.5185,11.9465,-1.0395,,18.52,11.9476,-1.0385,,12.9861
Vietnam,Bioethanol,2049,20,12.9861,19.2593,12.4646,-0.5214,,19.26,12.4651,-0.5209,,12.9861
Vietnam,Bioethanol,2050,20,12.9861,20,12.9861,0,,20,12.9861,0,,12.9861
Vietnam,Bioethanol,2051,20,12.9861,20,12.9861,0,,20,12.9861,0,,12.9861
Vietnam,Bioethanol,2052,20,12.9861,20,12.9861,0,,20,12.9861,0,,12.9861
Vietnam,Bioethanol,2053,20,12.9861,20,12.9861,0,,20,12.9861,0,,12.9861
Vietnam,Bioethanol,2054,20,12.9861,20,12.9861,0,,20,12.9861,0,,12.9861
Vietnam,Bioethanol,2055,20,12.9861,20,12.9861,0,,20,12.9861,0,,12.9861
Vietnam,Bioethanol,2056,20,12.9861,20,12.9861,0,,20,12.9861,0,,12.9861
Vietnam,Bioethanol,2057,20,12.9861,20,12.9861,0,,20,12.9861,0,,12.9861
Vietnam,Bioethanol,2058,20,12.9861,20,12.9861,0,,20,12.9861,0,,12.9861
Vietnam,Bioethanol,2059,20,12.9861,20,12.9861,0,,20,12.9861,0,,12.9861
Vietnam,Bioethanol,2060,20,12.9861,20,12.9861,0,,20,12.9861,0,,12.9861
