ams,branch,variable,expression,unit,fuel,source,note,src_csv,domain,data_confidence,scenario
Brunei,Transformation\Diesel Blending\Processes\Biodiesel,Minimum Share of Production,"Interp(2025, 0, 2026, 0, 2027, 0, 2030, 0, 2035, 0, 2040, 0, 2045, 0, 2050, 0, 2055, 0, 2060, 0)",Percent,Biodiesel,bioenergy team RETURN 2026-07-22 / blend_floor_mandated.csv,"B3 FLOOR: forced minimum = max(in-force mandate, canon RAS target). Volume%->energy% via the canon Mobius transform (B8); canon carries the identical Mobius on this variable as a live reference to Key\Biofuel Blending Targets -- this delta pins it to the team's explicit anchors.",blend_floor_mandated.csv,blend_floor,Team-owned content,Regional Aspiration Scenario
Cambodia,Transformation\Diesel Blending\Processes\Biodiesel,Minimum Share of Production,"Interp(2025, 0, 2026, 0, 2027, 0, 2030, 0, 2035, 0, 2040, 0, 2045, 0, 2050, 0, 2055, 0, 2060, 0)",Percent,Biodiesel,bioenergy team RETURN 2026-07-22 / blend_floor_mandated.csv,"B3 FLOOR: forced minimum = max(in-force mandate, canon RAS target). Volume%->energy% via the canon Mobius transform (B8); canon carries the identical Mobius on this variable as a live reference to Key\Biofuel Blending Targets -- this delta pins it to the team's explicit anchors.",blend_floor_mandated.csv,blend_floor,Team-owned content,Regional Aspiration Scenario
Indonesia,Transformation\Diesel Blending\Processes\Biodiesel,Minimum Share of Production,"Interp(2025, 37.5, 2026, 47.368421, 2027, 47.368421, 2030, 47.368421, 2035, 47.368421, 2040, 47.368421, 2045, 47.368421, 2050, 47.368421, 2055, 47.368421, 2060, 47.368421)",Percent,Biodiesel,bioenergy team RETURN 2026-07-22 / blend_floor_mandated.csv,"B3 FLOOR: forced minimum = max(in-force mandate, canon RAS target). Volume%->energy% via the canon Mobius transform (B8); canon carries the identical Mobius on this variable as a live reference to Key\Biofuel Blending Targets -- this delta pins it to the team's explicit anchors.",blend_floor_mandated.csv,blend_floor,Team-owned content,Regional Aspiration Scenario
Laos,Transformation\Diesel Blending\Processes\Biodiesel,Minimum Share of Production,"Interp(2025, 1.505514, 2026, 3.007013, 2027, 4.522613, 2030, 9.090909, 2035, 9.090909, 2040, 9.090909, 2045, 9.090909, 2050, 9.090909, 2055, 9.090909, 2060, 9.090909)",Percent,Biodiesel,bioenergy team RETURN 2026-07-22 / blend_floor_mandated.csv,"B3 FLOOR: forced minimum = max(in-force mandate, canon RAS target). Volume%->energy% via the canon Mobius transform (B8); canon carries the identical Mobius on this variable as a live reference to Key\Biofuel Blending Targets -- this delta pins it to the team's explicit anchors.",blend_floor_mandated.csv,blend_floor,Team-owned content,Regional Aspiration Scenario
Malaysia,Transformation\Diesel Blending\Processes\Biodiesel,Minimum Share of Production,"Interp(2025, 4.522613, 2026, 13.705584, 2027, 13.705584, 2030, 27.835052, 2035, 27.835052, 2040, 27.835052, 2045, 27.835052, 2050, 27.835052, 2055, 27.835052, 2060, 27.835052)",Percent,Biodiesel,bioenergy team RETURN 2026-07-22 / blend_floor_mandated.csv,"B3 FLOOR: forced minimum = max(in-force mandate, canon RAS target). Volume%->energy% via the canon Mobius transform (B8); canon carries the identical Mobius on this variable as a live reference to Key\Biofuel Blending Targets -- this delta pins it to the team's explicit anchors.",blend_floor_mandated.csv,blend_floor,Team-owned content,Regional Aspiration Scenario
Myanmar,Transformation\Diesel Blending\Processes\Biodiesel,Minimum Share of Production,"Interp(2025, 0, 2026, 0, 2027, 0, 2030, 0, 2035, 0, 2040, 0, 2045, 0, 2050, 0, 2055, 0, 2060, 0)",Percent,Biodiesel,bioenergy team RETURN 2026-07-22 / blend_floor_mandated.csv,"B3 FLOOR: forced minimum = max(in-force mandate, canon RAS target). Volume%->energy% via the canon Mobius transform (B8); canon carries the identical Mobius on this variable as a live reference to Key\Biofuel Blending Targets -- this delta pins it to the team's explicit anchors.",blend_floor_mandated.csv,blend_floor,Team-owned content,Regional Aspiration Scenario
Philippines,Transformation\Diesel Blending\Processes\Biodiesel,Minimum Share of Production,"Interp(2025, 3.614458, 2026, 4.522613, 2027, 4.522613, 2030, 4.522613, 2035, 4.522613, 2040, 4.522613, 2045, 4.522613, 2050, 4.522613, 2055, 4.522613, 2060, 4.522613)",Percent,Biodiesel,bioenergy team RETURN 2026-07-22 / blend_floor_mandated.csv,"B3 FLOOR: forced minimum = max(in-force mandate, canon RAS target). Volume%->energy% via the canon Mobius transform (B8); canon carries the identical Mobius on this variable as a live reference to Key\Biofuel Blending Targets -- this delta pins it to the team's explicit anchors.",blend_floor_mandated.csv,blend_floor,Team-owned content,Regional Aspiration Scenario
Singapore,Transformation\Diesel Blending\Processes\Biodiesel,Minimum Share of Production,"Interp(2025, 0, 2026, 0, 2027, 0, 2030, 0, 2035, 0, 2040, 0, 2045, 0, 2050, 0, 2055, 0, 2060, 0)",Percent,Biodiesel,bioenergy team RETURN 2026-07-22 / blend_floor_mandated.csv,"B3 FLOOR: forced minimum = max(in-force mandate, canon RAS target). Volume%->energy% via the canon Mobius transform (B8); canon carries the identical Mobius on this variable as a live reference to Key\Biofuel Blending Targets -- this delta pins it to the team's explicit anchors.",blend_floor_mandated.csv,blend_floor,Team-owned content,Regional Aspiration Scenario
Thailand,Transformation\Diesel Blending\Processes\Biodiesel,Minimum Share of Production,"Interp(2025, 6.344411, 2026, 6.344411, 2027, 6.344411, 2030, 10.507254, 2035, 19.446289, 2040, 23.076923, 2045, 23.076923, 2050, 23.076923, 2055, 23.076923, 2060, 23.076923)",Percent,Biodiesel,bioenergy team RETURN 2026-07-22 / blend_floor_mandated.csv,"B3 FLOOR: forced minimum = max(in-force mandate, canon RAS target). Volume%->energy% via the canon Mobius transform (B8); canon carries the identical Mobius on this variable as a live reference to Key\Biofuel Blending Targets -- this delta pins it to the team's explicit anchors.",blend_floor_mandated.csv,blend_floor,Team-owned content,Regional Aspiration Scenario
Vietnam,Transformation\Diesel Blending\Processes\Biodiesel,Minimum Share of Production,"Interp(2025, 1.333974, 2026, 2.002445, 2027, 2.671909, 2030, 4.695369, 2035, 8.072767, 2040, 11.475476, 2045, 14.913083, 2050, 18.367347, 2055, 18.367347, 2060, 18.367347)",Percent,Biodiesel,bioenergy team RETURN 2026-07-22 / blend_floor_mandated.csv,"B3 FLOOR: forced minimum = max(in-force mandate, canon RAS target). Volume%->energy% via the canon Mobius transform (B8); canon carries the identical Mobius on this variable as a live reference to Key\Biofuel Blending Targets -- this delta pins it to the team's explicit anchors.",blend_floor_mandated.csv,blend_floor,Team-owned content,Regional Aspiration Scenario
Brunei,Transformation\Gasoline Blending\Processes\Ethanol,Minimum Share of Production,"Interp(2025, 0, 2026, 0, 2027, 0, 2030, 0, 2035, 0, 2040, 0, 2045, 0, 2050, 0, 2055, 0, 2060, 0)",Percent,Bioethanol,bioenergy team RETURN 2026-07-22 / blend_floor_mandated.csv,"B3 FLOOR: forced minimum = max(in-force mandate, canon RAS target). Volume%->energy% via the canon Mobius transform (B8); canon carries the identical Mobius on this variable as a live reference to Key\Biofuel Blending Targets -- this delta pins it to the team's explicit anchors.",blend_floor_mandated.csv,blend_floor,Team-owned content,Regional Aspiration Scenario
Cambodia,Transformation\Gasoline Blending\Processes\Ethanol,Minimum Share of Production,"Interp(2025, 0, 2026, 0, 2027, 0, 2030, 0, 2035, 0, 2040, 0, 2045, 0, 2050, 0, 2055, 0, 2060, 0)",Percent,Bioethanol,bioenergy team RETURN 2026-07-22 / blend_floor_mandated.csv,"B3 FLOOR: forced minimum = max(in-force mandate, canon RAS target). Volume%->energy% via the canon Mobius transform (B8); canon carries the identical Mobius on this variable as a live reference to Key\Biofuel Blending Targets -- this delta pins it to the team's explicit anchors.",blend_floor_mandated.csv,blend_floor,Team-owned content,Regional Aspiration Scenario
Indonesia,Transformation\Gasoline Blending\Processes\Ethanol,Minimum Share of Production,"Interp(2025, 0, 2026, 0.479116, 2027, 0.961342, 2030, 2.426984, 2035, 4.934827, 2040, 7.52764, 2045, 10.209816, 2050, 12.986054, 2055, 12.986054, 2060, 12.986054)",Percent,Bioethanol,bioenergy team RETURN 2026-07-22 / blend_floor_mandated.csv,"B3 FLOOR: forced minimum = max(in-force mandate, canon RAS target). Volume%->energy% via the canon Mobius transform (B8); canon carries the identical Mobius on this variable as a live reference to Key\Biofuel Blending Targets -- this delta pins it to the team's explicit anchors.",blend_floor_mandated.csv,blend_floor,Team-owned content,Regional Aspiration Scenario
Laos,Transformation\Gasoline Blending\Processes\Ethanol,Minimum Share of Production,"Interp(2025, 1.003686, 2026, 2.014934, 2027, 3.046208, 2030, 6.220345, 2035, 6.220345, 2040, 6.220345, 2045, 6.220345, 2050, 6.220345, 2055, 6.220345, 2060, 6.220345)",Percent,Bioethanol,bioenergy team RETURN 2026-07-22 / blend_floor_mandated.csv,"B3 FLOOR: forced minimum = max(in-force mandate, canon RAS target). Volume%->energy% via the canon Mobius transform (B8); canon carries the identical Mobius on this variable as a live reference to Key\Biofuel Blending Targets -- this delta pins it to the team's explicit anchors.",blend_floor_mandated.csv,blend_floor,Team-owned content,Regional Aspiration Scenario
Malaysia,Transformation\Gasoline Blending\Processes\Ethanol,Minimum Share of Production,"Interp(2025, 0, 2026, 0, 2027, 0, 2030, 0, 2035, 0, 2040, 0, 2045, 0, 2050, 0, 2055, 0, 2060, 0)",Percent,Bioethanol,bioenergy team RETURN 2026-07-22 / blend_floor_mandated.csv,"B3 FLOOR: forced minimum = max(in-force mandate, canon RAS target). Volume%->energy% via the canon Mobius transform (B8); canon carries the identical Mobius on this variable as a live reference to Key\Biofuel Blending Targets -- this delta pins it to the team's explicit anchors.",blend_floor_mandated.csv,blend_floor,Team-owned content,Regional Aspiration Scenario
Myanmar,Transformation\Gasoline Blending\Processes\Ethanol,Minimum Share of Production,"Interp(2025, 0, 2026, 0, 2027, 0, 2030, 0, 2035, 0, 2040, 0, 2045, 0, 2050, 0, 2055, 0, 2060, 0)",Percent,Bioethanol,bioenergy team RETURN 2026-07-22 / blend_floor_mandated.csv,"B3 FLOOR: forced minimum = max(in-force mandate, canon RAS target). Volume%->energy% via the canon Mobius transform (B8); canon carries the identical Mobius on this variable as a live reference to Key\Biofuel Blending Targets -- this delta pins it to the team's explicit anchors.",blend_floor_mandated.csv,blend_floor,Team-owned content,Regional Aspiration Scenario
Philippines,Transformation\Gasoline Blending\Processes\Ethanol,Minimum Share of Production,"Interp(2025, 6.220345, 2026, 6.220345, 2027, 6.220345, 2030, 6.220345, 2035, 6.220345, 2040, 6.220345, 2045, 6.220345, 2050, 6.220345, 2055, 6.220345, 2060, 6.220345)",Percent,Bioethanol,bioenergy team RETURN 2026-07-22 / blend_floor_mandated.csv,"B3 FLOOR: forced minimum = max(in-force mandate, canon RAS target). Volume%->energy% via the canon Mobius transform (B8); canon carries the identical Mobius on this variable as a live reference to Key\Biofuel Blending Targets -- this delta pins it to the team's explicit anchors.",blend_floor_mandated.csv,blend_floor,Team-owned content,Regional Aspiration Scenario
Singapore,Transformation\Gasoline Blending\Processes\Ethanol,Minimum Share of Production,"Interp(2025, 0, 2026, 0, 2027, 0, 2030, 0, 2035, 0, 2040, 0, 2045, 0, 2050, 0, 2055, 0, 2060, 0)",Percent,Bioethanol,bioenergy team RETURN 2026-07-22 / blend_floor_mandated.csv,"B3 FLOOR: forced minimum = max(in-force mandate, canon RAS target). Volume%->energy% via the canon Mobius transform (B8); canon carries the identical Mobius on this variable as a live reference to Key\Biofuel Blending Targets -- this delta pins it to the team's explicit anchors.",blend_floor_mandated.csv,blend_floor,Team-owned content,Regional Aspiration Scenario
Thailand,Transformation\Gasoline Blending\Processes\Ethanol,Minimum Share of Production,"Interp(2025, 0.461093, 2026, 0.925067, 2027, 12.986054, 2030, 12.986054, 2035, 12.986054, 2040, 12.986054, 2045, 12.986054, 2050, 12.986054, 2055, 12.986054, 2060, 12.986054)",Percent,Bioethanol,bioenergy team RETURN 2026-07-22 / blend_floor_mandated.csv,"B3 FLOOR: forced minimum = max(in-force mandate, canon RAS target). Volume%->energy% via the canon Mobius transform (B8); canon carries the identical Mobius on this variable as a live reference to Key\Biofuel Blending Targets -- this delta pins it to the team's explicit anchors.",blend_floor_mandated.csv,blend_floor,Team-owned content,Regional Aspiration Scenario
Vietnam,Transformation\Gasoline Blending\Processes\Ethanol,Minimum Share of Production,"Interp(2025, 0.888809, 2026, 6.220345, 2027, 6.871236, 2030, 8.857272, 2035, 9.530643, 2040, 9.530643, 2045, 10.41471, 2050, 12.986054, 2055, 12.986054, 2060, 12.986054)",Percent,Bioethanol,bioenergy team RETURN 2026-07-22 / blend_floor_mandated.csv,"B3 FLOOR: forced minimum = max(in-force mandate, canon RAS target). Volume%->energy% via the canon Mobius transform (B8); canon carries the identical Mobius on this variable as a live reference to Key\Biofuel Blending Targets -- this delta pins it to the team's explicit anchors.",blend_floor_mandated.csv,blend_floor,Team-owned content,Regional Aspiration Scenario
Brunei,Transformation\Diesel Blending\Processes\Biodiesel,Maximum Share of Production,"Max(Minimum Share of Production, Interp(2025, 0, 2026, 2.708124, 2027, 5.432596, 2030, 13.705584, 2035, 27.835052, 2040, 42.408377, 2045, 47.368421, 2050, 48.866632, 2055, 50.369588, 2060, 51.877314))",%,Biodiesel,bioenergy team RETURN 2026-07-22 / blend_ceiling_ramp.csv (drift rebuild),"B3 CEILING (drift rebuild 2026-07-22b): the B50/E20 top wall is NOT a hard ceiling. Where the team physical wall sits flat AT the cap it is replaced by a slow upward drift new_ceil(y)=cap+0.3pp/yr*(y-y0), y0=first anchor year team ceiling>=cap (cap=50 biodiesel, 20 bioethanol); years below y0 keep the team ceiling unchanged. VOLUME% -> ENERGY% via the canon Mobius transform (B8). Guard Max(Minimum Share of Production, Interp) keeps the mandate dominant and is reference-first per S11.2e. All 10 anchors authored. Floor rows untouched. | var renamed Maximum_Share_of_Production -> Maximum Share of Production 2026-07-27 (underscore was an export-render artifact; live COM uses spaces, confirmed in LEAP UI)",blend_ceiling_ramp.csv,blend_ceiling,Team-owned content,Regional Aspiration Scenario
Cambodia,Transformation\Diesel Blending\Processes\Biodiesel,Maximum Share of Production,"Max(Minimum Share of Production, Interp(2025, 0, 2026, 2.708124, 2027, 5.432596, 2030, 13.705584, 2035, 27.835052, 2040, 42.408377, 2045, 47.368421, 2050, 48.866632, 2055, 50.369588, 2060, 51.877314))",%,Biodiesel,bioenergy team RETURN 2026-07-22 / blend_ceiling_ramp.csv (drift rebuild),"B3 CEILING (drift rebuild 2026-07-22b): the B50/E20 top wall is NOT a hard ceiling. Where the team physical wall sits flat AT the cap it is replaced by a slow upward drift new_ceil(y)=cap+0.3pp/yr*(y-y0), y0=first anchor year team ceiling>=cap (cap=50 biodiesel, 20 bioethanol); years below y0 keep the team ceiling unchanged. VOLUME% -> ENERGY% via the canon Mobius transform (B8). Guard Max(Minimum Share of Production, Interp) keeps the mandate dominant and is reference-first per S11.2e. All 10 anchors authored. Floor rows untouched. | var renamed Maximum_Share_of_Production -> Maximum Share of Production 2026-07-27 (underscore was an export-render artifact; live COM uses spaces, confirmed in LEAP UI)",blend_ceiling_ramp.csv,blend_ceiling,Team-owned content,Regional Aspiration Scenario
Indonesia,Transformation\Diesel Blending\Processes\Biodiesel,Maximum Share of Production,"Max(Minimum Share of Production, Interp(2025, 37.5, 2026, 47.368421, 2027, 47.667685, 2030, 48.56661, 2035, 50.068616, 2040, 51.575386, 2045, 53.086943, 2050, 54.603309, 2055, 56.124509, 2060, 57.650564))",%,Biodiesel,bioenergy team RETURN 2026-07-22 / blend_ceiling_ramp.csv (drift rebuild),"B3 CEILING (drift rebuild 2026-07-22b): the B50/E20 top wall is NOT a hard ceiling. Where the team physical wall sits flat AT the cap it is replaced by a slow upward drift new_ceil(y)=cap+0.3pp/yr*(y-y0), y0=first anchor year team ceiling>=cap (cap=50 biodiesel, 20 bioethanol); years below y0 keep the team ceiling unchanged. VOLUME% -> ENERGY% via the canon Mobius transform (B8). Guard Max(Minimum Share of Production, Interp) keeps the mandate dominant and is reference-first per S11.2e. All 10 anchors authored. Floor rows untouched. | var renamed Maximum_Share_of_Production -> Maximum Share of Production 2026-07-27 (underscore was an export-render artifact; live COM uses spaces, confirmed in LEAP UI)",blend_ceiling_ramp.csv,blend_ceiling,Team-owned content,Regional Aspiration Scenario
Laos,Transformation\Diesel Blending\Processes\Biodiesel,Maximum Share of Production,"Max(Minimum Share of Production, Interp(2025, 1.532605, 2026, 4.249975, 2027, 6.983775, 2030, 15.285264, 2035, 29.464009, 2040, 44.088954, 2045, 47.368421, 2050, 48.866632, 2055, 50.369588, 2060, 51.877314))",%,Biodiesel,bioenergy team RETURN 2026-07-22 / blend_ceiling_ramp.csv (drift rebuild),"B3 CEILING (drift rebuild 2026-07-22b): the B50/E20 top wall is NOT a hard ceiling. Where the team physical wall sits flat AT the cap it is replaced by a slow upward drift new_ceil(y)=cap+0.3pp/yr*(y-y0), y0=first anchor year team ceiling>=cap (cap=50 biodiesel, 20 bioethanol); years below y0 keep the team ceiling unchanged. VOLUME% -> ENERGY% via the canon Mobius transform (B8). Guard Max(Minimum Share of Production, Interp) keeps the mandate dominant and is reference-first per S11.2e. All 10 anchors authored. Floor rows untouched. | var renamed Maximum_Share_of_Production -> Maximum Share of Production 2026-07-27 (underscore was an export-render artifact; live COM uses spaces, confirmed in LEAP UI)",blend_ceiling_ramp.csv,blend_ceiling,Team-owned content,Regional Aspiration Scenario
Malaysia,Transformation\Diesel Blending\Processes\Biodiesel,Maximum Share of Production,"Max(Minimum Share of Production, Interp(2025, 6.344411, 2026, 13.705584, 2027, 16.496945, 2030, 27.835052, 2035, 42.408377, 2040, 47.368421, 2045, 48.866632, 2050, 50.369588, 2055, 51.877314, 2060, 53.389831))",%,Biodiesel,bioenergy team RETURN 2026-07-22 / blend_ceiling_ramp.csv (drift rebuild),"B3 CEILING (drift rebuild 2026-07-22b): the B50/E20 top wall is NOT a hard ceiling. Where the team physical wall sits flat AT the cap it is replaced by a slow upward drift new_ceil(y)=cap+0.3pp/yr*(y-y0), y0=first anchor year team ceiling>=cap (cap=50 biodiesel, 20 bioethanol); years below y0 keep the team ceiling unchanged. VOLUME% -> ENERGY% via the canon Mobius transform (B8). Guard Max(Minimum Share of Production, Interp) keeps the mandate dominant and is reference-first per S11.2e. All 10 anchors authored. Floor rows untouched. | var renamed Maximum_Share_of_Production -> Maximum Share of Production 2026-07-27 (underscore was an export-render artifact; live COM uses spaces, confirmed in LEAP UI)",blend_ceiling_ramp.csv,blend_ceiling,Team-owned content,Regional Aspiration Scenario
Myanmar,Transformation\Diesel Blending\Processes\Biodiesel,Maximum Share of Production,"Max(Minimum Share of Production, Interp(2025, 0, 2026, 2.708124, 2027, 5.432596, 2030, 13.705584, 2035, 27.835052, 2040, 42.408377, 2045, 47.368421, 2050, 48.866632, 2055, 50.369588, 2060, 51.877314))",%,Biodiesel,bioenergy team RETURN 2026-07-22 / blend_ceiling_ramp.csv (drift rebuild),"B3 CEILING (drift rebuild 2026-07-22b): the B50/E20 top wall is NOT a hard ceiling. Where the team physical wall sits flat AT the cap it is replaced by a slow upward drift new_ceil(y)=cap+0.3pp/yr*(y-y0), y0=first anchor year team ceiling>=cap (cap=50 biodiesel, 20 bioethanol); years below y0 keep the team ceiling unchanged. VOLUME% -> ENERGY% via the canon Mobius transform (B8). Guard Max(Minimum Share of Production, Interp) keeps the mandate dominant and is reference-first per S11.2e. All 10 anchors authored. Floor rows untouched. | var renamed Maximum_Share_of_Production -> Maximum Share of Production 2026-07-27 (underscore was an export-render artifact; live COM uses spaces, confirmed in LEAP UI)",blend_ceiling_ramp.csv,blend_ceiling,Team-owned content,Regional Aspiration Scenario
Philippines,Transformation\Diesel Blending\Processes\Biodiesel,Maximum Share of Production,"Max(Minimum Share of Production, Interp(2025, 3.614458, 2026, 6.344411, 2027, 9.090909, 2030, 17.431193, 2035, 31.677019, 2040, 46.37224, 2045, 47.368421, 2050, 48.866632, 2055, 50.369588, 2060, 51.877314))",%,Biodiesel,bioenergy team RETURN 2026-07-22 / blend_ceiling_ramp.csv (drift rebuild),"B3 CEILING (drift rebuild 2026-07-22b): the B50/E20 top wall is NOT a hard ceiling. Where the team physical wall sits flat AT the cap it is replaced by a slow upward drift new_ceil(y)=cap+0.3pp/yr*(y-y0), y0=first anchor year team ceiling>=cap (cap=50 biodiesel, 20 bioethanol); years below y0 keep the team ceiling unchanged. VOLUME% -> ENERGY% via the canon Mobius transform (B8). Guard Max(Minimum Share of Production, Interp) keeps the mandate dominant and is reference-first per S11.2e. All 10 anchors authored. Floor rows untouched. | var renamed Maximum_Share_of_Production -> Maximum Share of Production 2026-07-27 (underscore was an export-render artifact; live COM uses spaces, confirmed in LEAP UI)",blend_ceiling_ramp.csv,blend_ceiling,Team-owned content,Regional Aspiration Scenario
Singapore,Transformation\Diesel Blending\Processes\Biodiesel,Maximum Share of Production,"Max(Minimum Share of Production, Interp(2025, 0, 2026, 2.708124, 2027, 5.432596, 2030, 13.705584, 2035, 27.835052, 2040, 42.408377, 2045, 47.368421, 2050, 48.866632, 2055, 50.369588, 2060, 51.877314))",%,Biodiesel,bioenergy team RETURN 2026-07-22 / blend_ceiling_ramp.csv (drift rebuild),"B3 CEILING (drift rebuild 2026-07-22b): the B50/E20 top wall is NOT a hard ceiling. Where the team physical wall sits flat AT the cap it is replaced by a slow upward drift new_ceil(y)=cap+0.3pp/yr*(y-y0), y0=first anchor year team ceiling>=cap (cap=50 biodiesel, 20 bioethanol); years below y0 keep the team ceiling unchanged. VOLUME% -> ENERGY% via the canon Mobius transform (B8). Guard Max(Minimum Share of Production, Interp) keeps the mandate dominant and is reference-first per S11.2e. All 10 anchors authored. Floor rows untouched. | var renamed Maximum_Share_of_Production -> Maximum Share of Production 2026-07-27 (underscore was an export-render artifact; live COM uses spaces, confirmed in LEAP UI)",blend_ceiling_ramp.csv,blend_ceiling,Team-owned content,Regional Aspiration Scenario
Thailand,Transformation\Diesel Blending\Processes\Biodiesel,Maximum Share of Production,"Max(Minimum Share of Production, Interp(2025, 7.441016, 2026, 10.194175, 2027, 12.96409, 2030, 21.375921, 2035, 35.745477, 2040, 47.368421, 2045, 48.866632, 2050, 50.369588, 2055, 51.877314, 2060, 53.389831))",%,Biodiesel,bioenergy team RETURN 2026-07-22 / blend_ceiling_ramp.csv (drift rebuild),"B3 CEILING (drift rebuild 2026-07-22b): the B50/E20 top wall is NOT a hard ceiling. Where the team physical wall sits flat AT the cap it is replaced by a slow upward drift new_ceil(y)=cap+0.3pp/yr*(y-y0), y0=first anchor year team ceiling>=cap (cap=50 biodiesel, 20 bioethanol); years below y0 keep the team ceiling unchanged. VOLUME% -> ENERGY% via the canon Mobius transform (B8). Guard Max(Minimum Share of Production, Interp) keeps the mandate dominant and is reference-first per S11.2e. All 10 anchors authored. Floor rows untouched. | var renamed Maximum_Share_of_Production -> Maximum Share of Production 2026-07-27 (underscore was an export-render artifact; live COM uses spaces, confirmed in LEAP UI)",blend_ceiling_ramp.csv,blend_ceiling,Team-owned content,Regional Aspiration Scenario
Vietnam,Transformation\Diesel Blending\Processes\Biodiesel,Maximum Share of Production,"Max(Minimum Share of Production, Interp(2025, 1.352028, 2026, 4.068307, 2027, 6.801008, 2030, 15.099136, 2035, 29.27207, 2040, 43.890928, 2045, 47.368421, 2050, 48.866632, 2055, 50.369588, 2060, 51.877314))",%,Biodiesel,bioenergy team RETURN 2026-07-22 / blend_ceiling_ramp.csv (drift rebuild),"B3 CEILING (drift rebuild 2026-07-22b): the B50/E20 top wall is NOT a hard ceiling. Where the team physical wall sits flat AT the cap it is replaced by a slow upward drift new_ceil(y)=cap+0.3pp/yr*(y-y0), y0=first anchor year team ceiling>=cap (cap=50 biodiesel, 20 bioethanol); years below y0 keep the team ceiling unchanged. VOLUME% -> ENERGY% via the canon Mobius transform (B8). Guard Max(Minimum Share of Production, Interp) keeps the mandate dominant and is reference-first per S11.2e. All 10 anchors authored. Floor rows untouched. | var renamed Maximum_Share_of_Production -> Maximum Share of Production 2026-07-27 (underscore was an export-render artifact; live COM uses spaces, confirmed in LEAP UI)",blend_ceiling_ramp.csv,blend_ceiling,Team-owned content,Regional Aspiration Scenario
Brunei,Transformation\Gasoline Blending\Processes\Ethanol,Maximum Share of Production,"Max(Minimum Share of Production, Interp(2025, 0, 2026, 1.812812, 2027, 3.670547, 2030, 9.530643, 2035, 12.986054, 2040, 14.052411, 2045, 15.132979, 2050, 16.228043, 2055, 17.337897, 2060, 18.462844))",%,Bioethanol,bioenergy team RETURN 2026-07-22 / blend_ceiling_ramp.csv (drift rebuild),"B3 CEILING (drift rebuild 2026-07-22b): the B50/E20 top wall is NOT a hard ceiling. Where the team physical wall sits flat AT the cap it is replaced by a slow upward drift new_ceil(y)=cap+0.3pp/yr*(y-y0), y0=first anchor year team ceiling>=cap (cap=50 biodiesel, 20 bioethanol); years below y0 keep the team ceiling unchanged. VOLUME% -> ENERGY% via the canon Mobius transform (B8). Guard Max(Minimum Share of Production, Interp) keeps the mandate dominant and is reference-first per S11.2e. All 10 anchors authored. Floor rows untouched. | var renamed Maximum_Share_of_Production -> Maximum Share of Production 2026-07-27 (underscore was an export-render artifact; live COM uses spaces, confirmed in LEAP UI)",blend_ceiling_ramp.csv,blend_ceiling,Team-owned content,Regional Aspiration Scenario
Cambodia,Transformation\Gasoline Blending\Processes\Ethanol,Maximum Share of Production,"Max(Minimum Share of Production, Interp(2025, 0, 2026, 1.812812, 2027, 3.670547, 2030, 9.530643, 2035, 12.986054, 2040, 14.052411, 2045, 15.132979, 2050, 16.228043, 2055, 17.337897, 2060, 18.462844))",%,Bioethanol,bioenergy team RETURN 2026-07-22 / blend_ceiling_ramp.csv (drift rebuild),"B3 CEILING (drift rebuild 2026-07-22b): the B50/E20 top wall is NOT a hard ceiling. Where the team physical wall sits flat AT the cap it is replaced by a slow upward drift new_ceil(y)=cap+0.3pp/yr*(y-y0), y0=first anchor year team ceiling>=cap (cap=50 biodiesel, 20 bioethanol); years below y0 keep the team ceiling unchanged. VOLUME% -> ENERGY% via the canon Mobius transform (B8). Guard Max(Minimum Share of Production, Interp) keeps the mandate dominant and is reference-first per S11.2e. All 10 anchors authored. Floor rows untouched. | var renamed Maximum_Share_of_Production -> Maximum Share of Production 2026-07-27 (underscore was an export-render artifact; live COM uses spaces, confirmed in LEAP UI)",blend_ceiling_ramp.csv,blend_ceiling,Team-owned content,Regional Aspiration Scenario
Indonesia,Transformation\Gasoline Blending\Processes\Ethanol,Maximum Share of Production,"Max(Minimum Share of Production, Interp(2025, 0, 2026, 1.812812, 2027, 3.670547, 2030, 9.530643, 2035, 12.986054, 2040, 14.052411, 2045, 15.132979, 2050, 16.228043, 2055, 17.337897, 2060, 18.462844))",%,Bioethanol,bioenergy team RETURN 2026-07-22 / blend_ceiling_ramp.csv (drift rebuild),"B3 CEILING (drift rebuild 2026-07-22b): the B50/E20 top wall is NOT a hard ceiling. Where the team physical wall sits flat AT the cap it is replaced by a slow upward drift new_ceil(y)=cap+0.3pp/yr*(y-y0), y0=first anchor year team ceiling>=cap (cap=50 biodiesel, 20 bioethanol); years below y0 keep the team ceiling unchanged. VOLUME% -> ENERGY% via the canon Mobius transform (B8). Guard Max(Minimum Share of Production, Interp) keeps the mandate dominant and is reference-first per S11.2e. All 10 anchors authored. Floor rows untouched. | var renamed Maximum_Share_of_Production -> Maximum Share of Production 2026-07-27 (underscore was an export-render artifact; live COM uses spaces, confirmed in LEAP UI)",blend_ceiling_ramp.csv,blend_ceiling,Team-owned content,Regional Aspiration Scenario
Laos,Transformation\Gasoline Blending\Processes\Ethanol,Maximum Share of Production,"Max(Minimum Share of Production, Interp(2025, 1.021841, 2026, 2.859906, 2027, 4.743844, 2030, 10.68873, 2035, 12.986054, 2040, 14.052411, 2045, 15.132979, 2050, 16.228043, 2055, 17.337897, 2060, 18.462844))",%,Bioethanol,bioenergy team RETURN 2026-07-22 / blend_ceiling_ramp.csv (drift rebuild),"B3 CEILING (drift rebuild 2026-07-22b): the B50/E20 top wall is NOT a hard ceiling. Where the team physical wall sits flat AT the cap it is replaced by a slow upward drift new_ceil(y)=cap+0.3pp/yr*(y-y0), y0=first anchor year team ceiling>=cap (cap=50 biodiesel, 20 bioethanol); years below y0 keep the team ceiling unchanged. VOLUME% -> ENERGY% via the canon Mobius transform (B8). Guard Max(Minimum Share of Production, Interp) keeps the mandate dominant and is reference-first per S11.2e. All 10 anchors authored. Floor rows untouched. | var renamed Maximum_Share_of_Production -> Maximum Share of Production 2026-07-27 (underscore was an export-render artifact; live COM uses spaces, confirmed in LEAP UI)",blend_ceiling_ramp.csv,blend_ceiling,Team-owned content,Regional Aspiration Scenario
Malaysia,Transformation\Gasoline Blending\Processes\Ethanol,Maximum Share of Production,"Max(Minimum Share of Production, Interp(2025, 0, 2026, 1.812812, 2027, 3.670547, 2030, 9.530643, 2035, 12.986054, 2040, 14.052411, 2045, 15.132979, 2050, 16.228043, 2055, 17.337897, 2060, 18.462844))",%,Bioethanol,bioenergy team RETURN 2026-07-22 / blend_ceiling_ramp.csv (drift rebuild),"B3 CEILING (drift rebuild 2026-07-22b): the B50/E20 top wall is NOT a hard ceiling. Where the team physical wall sits flat AT the cap it is replaced by a slow upward drift new_ceil(y)=cap+0.3pp/yr*(y-y0), y0=first anchor year team ceiling>=cap (cap=50 biodiesel, 20 bioethanol); years below y0 keep the team ceiling unchanged. VOLUME% -> ENERGY% via the canon Mobius transform (B8). Guard Max(Minimum Share of Production, Interp) keeps the mandate dominant and is reference-first per S11.2e. All 10 anchors authored. Floor rows untouched. | var renamed Maximum_Share_of_Production -> Maximum Share of Production 2026-07-27 (underscore was an export-render artifact; live COM uses spaces, confirmed in LEAP UI)",blend_ceiling_ramp.csv,blend_ceiling,Team-owned content,Regional Aspiration Scenario
Myanmar,Transformation\Gasoline Blending\Processes\Ethanol,Maximum Share of Production,"Max(Minimum Share of Production, Interp(2025, 0, 2026, 1.812812, 2027, 3.670547, 2030, 9.530643, 2035, 12.986054, 2040, 14.052411, 2045, 15.132979, 2050, 16.228043, 2055, 17.337897, 2060, 18.462844))",%,Bioethanol,bioenergy team RETURN 2026-07-22 / blend_ceiling_ramp.csv (drift rebuild),"B3 CEILING (drift rebuild 2026-07-22b): the B50/E20 top wall is NOT a hard ceiling. Where the team physical wall sits flat AT the cap it is replaced by a slow upward drift new_ceil(y)=cap+0.3pp/yr*(y-y0), y0=first anchor year team ceiling>=cap (cap=50 biodiesel, 20 bioethanol); years below y0 keep the team ceiling unchanged. VOLUME% -> ENERGY% via the canon Mobius transform (B8). Guard Max(Minimum Share of Production, Interp) keeps the mandate dominant and is reference-first per S11.2e. All 10 anchors authored. Floor rows untouched. | var renamed Maximum_Share_of_Production -> Maximum Share of Production 2026-07-27 (underscore was an export-render artifact; live COM uses spaces, confirmed in LEAP UI)",blend_ceiling_ramp.csv,blend_ceiling,Team-owned content,Regional Aspiration Scenario
Philippines,Transformation\Gasoline Blending\Processes\Ethanol,Maximum Share of Production,"Max(Minimum Share of Production, Interp(2025, 6.220345, 2026, 8.189628, 2027, 9.530643, 2030, 10.894866, 2035, 12.986054, 2040, 14.052411, 2045, 15.132979, 2050, 16.228043, 2055, 17.337897, 2060, 18.462844))",%,Bioethanol,bioenergy team RETURN 2026-07-22 / blend_ceiling_ramp.csv (drift rebuild),"B3 CEILING (drift rebuild 2026-07-22b): the B50/E20 top wall is NOT a hard ceiling. Where the team physical wall sits flat AT the cap it is replaced by a slow upward drift new_ceil(y)=cap+0.3pp/yr*(y-y0), y0=first anchor year team ceiling>=cap (cap=50 biodiesel, 20 bioethanol); years below y0 keep the team ceiling unchanged. VOLUME% -> ENERGY% via the canon Mobius transform (B8). Guard Max(Minimum Share of Production, Interp) keeps the mandate dominant and is reference-first per S11.2e. All 10 anchors authored. Floor rows untouched. | var renamed Maximum_Share_of_Production -> Maximum Share of Production 2026-07-27 (underscore was an export-render artifact; live COM uses spaces, confirmed in LEAP UI)",blend_ceiling_ramp.csv,blend_ceiling,Team-owned content,Regional Aspiration Scenario
Singapore,Transformation\Gasoline Blending\Processes\Ethanol,Maximum Share of Production,"Max(Minimum Share of Production, Interp(2025, 0, 2026, 1.812812, 2027, 3.670547, 2030, 9.530643, 2035, 12.986054, 2040, 14.052411, 2045, 15.132979, 2050, 16.228043, 2055, 17.337897, 2060, 18.462844))",%,Bioethanol,bioenergy team RETURN 2026-07-22 / blend_ceiling_ramp.csv (drift rebuild),"B3 CEILING (drift rebuild 2026-07-22b): the B50/E20 top wall is NOT a hard ceiling. Where the team physical wall sits flat AT the cap it is replaced by a slow upward drift new_ceil(y)=cap+0.3pp/yr*(y-y0), y0=first anchor year team ceiling>=cap (cap=50 biodiesel, 20 bioethanol); years below y0 keep the team ceiling unchanged. VOLUME% -> ENERGY% via the canon Mobius transform (B8). Guard Max(Minimum Share of Production, Interp) keeps the mandate dominant and is reference-first per S11.2e. All 10 anchors authored. Floor rows untouched. | var renamed Maximum_Share_of_Production -> Maximum Share of Production 2026-07-27 (underscore was an export-render artifact; live COM uses spaces, confirmed in LEAP UI)",blend_ceiling_ramp.csv,blend_ceiling,Team-owned content,Regional Aspiration Scenario
Thailand,Transformation\Gasoline Blending\Processes\Ethanol,Maximum Share of Production,"Max(Minimum Share of Production, Interp(2025, 8.65638, 2026, 9.530643, 2027, 12.986054, 2030, 13.624179, 2035, 14.699028, 2040, 15.788259, 2045, 16.892162, 2050, 18.011035, 2055, 19.145185, 2060, 20.294927))",%,Bioethanol,bioenergy team RETURN 2026-07-22 / blend_ceiling_ramp.csv (drift rebuild),"B3 CEILING (drift rebuild 2026-07-22b): the B50/E20 top wall is NOT a hard ceiling. Where the team physical wall sits flat AT the cap it is replaced by a slow upward drift new_ceil(y)=cap+0.3pp/yr*(y-y0), y0=first anchor year team ceiling>=cap (cap=50 biodiesel, 20 bioethanol); years below y0 keep the team ceiling unchanged. VOLUME% -> ENERGY% via the canon Mobius transform (B8). Guard Max(Minimum Share of Production, Interp) keeps the mandate dominant and is reference-first per S11.2e. All 10 anchors authored. Floor rows untouched. | var renamed Maximum_Share_of_Production -> Maximum Share of Production 2026-07-27 (underscore was an export-render artifact; live COM uses spaces, confirmed in LEAP UI)",blend_ceiling_ramp.csv,blend_ceiling,Team-owned content,Regional Aspiration Scenario
Vietnam,Transformation\Gasoline Blending\Processes\Ethanol,Maximum Share of Production,"Max(Minimum Share of Production, Interp(2025, 6.026142, 2026, 7.990441, 2027, 9.530643, 2030, 10.894866, 2035, 12.986054, 2040, 14.052411, 2045, 15.132979, 2050, 16.228043, 2055, 17.337897, 2060, 18.462844))",%,Bioethanol,bioenergy team RETURN 2026-07-22 / blend_ceiling_ramp.csv (drift rebuild),"B3 CEILING (drift rebuild 2026-07-22b): the B50/E20 top wall is NOT a hard ceiling. Where the team physical wall sits flat AT the cap it is replaced by a slow upward drift new_ceil(y)=cap+0.3pp/yr*(y-y0), y0=first anchor year team ceiling>=cap (cap=50 biodiesel, 20 bioethanol); years below y0 keep the team ceiling unchanged. VOLUME% -> ENERGY% via the canon Mobius transform (B8). Guard Max(Minimum Share of Production, Interp) keeps the mandate dominant and is reference-first per S11.2e. All 10 anchors authored. Floor rows untouched. | var renamed Maximum_Share_of_Production -> Maximum Share of Production 2026-07-27 (underscore was an export-render artifact; live COM uses spaces, confirmed in LEAP UI)",blend_ceiling_ramp.csv,blend_ceiling,Team-owned content,Regional Aspiration Scenario
Brunei,Transformation\Biodiesel Production\Processes\CME Biodiesel,Maximum Capacity Addition,"Interp(2025, 0, 2027, 0, 2028, 5.8495, 2060, 5.8495)",Million Gigajoules/Year,Biodiesel,bioenergy team RETURN 2026-07-22 / build_rate_limit.csv,"G4 build-rate limit, resolved OFFLINE from the team's rule (first_feasible_year=2028, alpha=0.2/yr, one_train_floor=5.8495, installed_2023=0). Recursion closed by holding installed(y) = canon `Exogenous Capacity` (constant post-2023) -> constant allowance 5.8495 from 2028, binder = one_train_floor. Pure numerics -- no Max()/Min(), so S11.2e cannot fire. Replaces canon's `Unlimited` (S A.11).",build_rate_limit.csv,build_rate,Team-owned content,Regional Aspiration Scenario
Cambodia,Transformation\Biodiesel Production\Processes\CME Biodiesel,Maximum Capacity Addition,"Interp(2025, 0, 2027, 0, 2028, 5.8495, 2060, 5.8495)",Million Gigajoules/Year,Biodiesel,bioenergy team RETURN 2026-07-22 / build_rate_limit.csv,"G4 build-rate limit, resolved OFFLINE from the team's rule (first_feasible_year=2028, alpha=0.2/yr, one_train_floor=5.8495, installed_2023=0). Recursion closed by holding installed(y) = canon `Exogenous Capacity` (constant post-2023) -> constant allowance 5.8495 from 2028, binder = one_train_floor. Pure numerics -- no Max()/Min(), so S11.2e cannot fire. Replaces canon's `Unlimited` (S A.11).",build_rate_limit.csv,build_rate,Team-owned content,Regional Aspiration Scenario
Indonesia,Transformation\Biodiesel Production\Processes\CME Biodiesel,Maximum Capacity Addition,"Interp(2025, 0, 2027, 0, 2028, 5.8495, 2060, 5.8495)",Million Gigajoules/Year,Biodiesel,bioenergy team RETURN 2026-07-22 / build_rate_limit.csv,"G4 build-rate limit, resolved OFFLINE from the team's rule (first_feasible_year=2028, alpha=0.2/yr, one_train_floor=5.8495, installed_2023=0). Recursion closed by holding installed(y) = canon `Exogenous Capacity` (constant post-2023) -> constant allowance 5.8495 from 2028, binder = one_train_floor. Pure numerics -- no Max()/Min(), so S11.2e cannot fire. Replaces canon's `Unlimited` (S A.11).",build_rate_limit.csv,build_rate,Team-owned content,Regional Aspiration Scenario
Laos,Transformation\Biodiesel Production\Processes\CME Biodiesel,Maximum Capacity Addition,"Interp(2025, 0, 2027, 0, 2028, 5.8495, 2060, 5.8495)",Million Gigajoules/Year,Biodiesel,bioenergy team RETURN 2026-07-22 / build_rate_limit.csv,"G4 build-rate limit, resolved OFFLINE from the team's rule (first_feasible_year=2028, alpha=0.2/yr, one_train_floor=5.8495, installed_2023=0). Recursion closed by holding installed(y) = canon `Exogenous Capacity` (constant post-2023) -> constant allowance 5.8495 from 2028, binder = one_train_floor. Pure numerics -- no Max()/Min(), so S11.2e cannot fire. Replaces canon's `Unlimited` (S A.11).",build_rate_limit.csv,build_rate,Team-owned content,Regional Aspiration Scenario
Malaysia,Transformation\Biodiesel Production\Processes\CME Biodiesel,Maximum Capacity Addition,"Interp(2025, 0, 2027, 0, 2028, 5.8495, 2060, 5.8495)",Million Gigajoules/Year,Biodiesel,bioenergy team RETURN 2026-07-22 / build_rate_limit.csv,"G4 build-rate limit, resolved OFFLINE from the team's rule (first_feasible_year=2028, alpha=0.2/yr, one_train_floor=5.8495, installed_2023=0). Recursion closed by holding installed(y) = canon `Exogenous Capacity` (constant post-2023) -> constant allowance 5.8495 from 2028, binder = one_train_floor. Pure numerics -- no Max()/Min(), so S11.2e cannot fire. Replaces canon's `Unlimited` (S A.11).",build_rate_limit.csv,build_rate,Team-owned content,Regional Aspiration Scenario
Myanmar,Transformation\Biodiesel Production\Processes\CME Biodiesel,Maximum Capacity Addition,"Interp(2025, 0, 2027, 0, 2028, 5.8495, 2060, 5.8495)",Million Gigajoules/Year,Biodiesel,bioenergy team RETURN 2026-07-22 / build_rate_limit.csv,"G4 build-rate limit, resolved OFFLINE from the team's rule (first_feasible_year=2028, alpha=0.2/yr, one_train_floor=5.8495, installed_2023=0). Recursion closed by holding installed(y) = canon `Exogenous Capacity` (constant post-2023) -> constant allowance 5.8495 from 2028, binder = one_train_floor. Pure numerics -- no Max()/Min(), so S11.2e cannot fire. Replaces canon's `Unlimited` (S A.11).",build_rate_limit.csv,build_rate,Team-owned content,Regional Aspiration Scenario
Philippines,Transformation\Biodiesel Production\Processes\CME Biodiesel,Maximum Capacity Addition,"Interp(2025, 0, 2027, 0, 2028, 5.8495, 2060, 5.8495)",Million Gigajoules/Year,Biodiesel,bioenergy team RETURN 2026-07-22 / build_rate_limit.csv,"G4 build-rate limit, resolved OFFLINE from the team's rule (first_feasible_year=2028, alpha=0.2/yr, one_train_floor=5.8495, installed_2023=0). Recursion closed by holding installed(y) = canon `Exogenous Capacity` (constant post-2023) -> constant allowance 5.8495 from 2028, binder = one_train_floor. Pure numerics -- no Max()/Min(), so S11.2e cannot fire. Replaces canon's `Unlimited` (S A.11).",build_rate_limit.csv,build_rate,Team-owned content,Regional Aspiration Scenario
Singapore,Transformation\Biodiesel Production\Processes\CME Biodiesel,Maximum Capacity Addition,"Interp(2025, 0, 2027, 0, 2028, 5.8495, 2060, 5.8495)",Million Gigajoules/Year,Biodiesel,bioenergy team RETURN 2026-07-22 / build_rate_limit.csv,"G4 build-rate limit, resolved OFFLINE from the team's rule (first_feasible_year=2028, alpha=0.2/yr, one_train_floor=5.8495, installed_2023=0). Recursion closed by holding installed(y) = canon `Exogenous Capacity` (constant post-2023) -> constant allowance 5.8495 from 2028, binder = one_train_floor. Pure numerics -- no Max()/Min(), so S11.2e cannot fire. Replaces canon's `Unlimited` (S A.11).",build_rate_limit.csv,build_rate,Team-owned content,Regional Aspiration Scenario
Thailand,Transformation\Biodiesel Production\Processes\CME Biodiesel,Maximum Capacity Addition,"Interp(2025, 0, 2027, 0, 2028, 5.8495, 2060, 5.8495)",Million Gigajoules/Year,Biodiesel,bioenergy team RETURN 2026-07-22 / build_rate_limit.csv,"G4 build-rate limit, resolved OFFLINE from the team's rule (first_feasible_year=2028, alpha=0.2/yr, one_train_floor=5.8495, installed_2023=0). Recursion closed by holding installed(y) = canon `Exogenous Capacity` (constant post-2023) -> constant allowance 5.8495 from 2028, binder = one_train_floor. Pure numerics -- no Max()/Min(), so S11.2e cannot fire. Replaces canon's `Unlimited` (S A.11).",build_rate_limit.csv,build_rate,Team-owned content,Regional Aspiration Scenario
Vietnam,Transformation\Biodiesel Production\Processes\CME Biodiesel,Maximum Capacity Addition,"Interp(2025, 0, 2027, 0, 2028, 5.8495, 2060, 5.8495)",Million Gigajoules/Year,Biodiesel,bioenergy team RETURN 2026-07-22 / build_rate_limit.csv,"G4 build-rate limit, resolved OFFLINE from the team's rule (first_feasible_year=2028, alpha=0.2/yr, one_train_floor=5.8495, installed_2023=0). Recursion closed by holding installed(y) = canon `Exogenous Capacity` (constant post-2023) -> constant allowance 5.8495 from 2028, binder = one_train_floor. Pure numerics -- no Max()/Min(), so S11.2e cannot fire. Replaces canon's `Unlimited` (S A.11).",build_rate_limit.csv,build_rate,Team-owned content,Regional Aspiration Scenario
Brunei,Transformation\Bioethanol Production\Processes\Cassava,Maximum Capacity Addition,"Interp(2025, 0, 2027, 0, 2028, 0.1369, 2060, 0.1369)",Million Tonne Coal Equiv/Year,Ethanol,bioenergy team RETURN 2026-07-22 / build_rate_limit.csv,"G4 build-rate limit, resolved OFFLINE from the team's rule (first_feasible_year=2028, alpha=0.2/yr, one_train_floor=0.1369, installed_2023=0). Recursion closed by holding installed(y) = canon `Exogenous Capacity` (constant post-2023) -> constant allowance 0.1369 from 2028, binder = one_train_floor. Pure numerics -- no Max()/Min(), so S11.2e cannot fire. Replaces canon's `Unlimited` (S A.11).",build_rate_limit.csv,build_rate,Team-owned content,Regional Aspiration Scenario
Cambodia,Transformation\Bioethanol Production\Processes\Cassava,Maximum Capacity Addition,"Interp(2025, 0, 2027, 0, 2028, 0.1369, 2060, 0.1369)",Million Tonne Coal Equiv/Year,Ethanol,bioenergy team RETURN 2026-07-22 / build_rate_limit.csv,"G4 build-rate limit, resolved OFFLINE from the team's rule (first_feasible_year=2028, alpha=0.2/yr, one_train_floor=0.1369, installed_2023=0). Recursion closed by holding installed(y) = canon `Exogenous Capacity` (constant post-2023) -> constant allowance 0.1369 from 2028, binder = one_train_floor. Pure numerics -- no Max()/Min(), so S11.2e cannot fire. Replaces canon's `Unlimited` (S A.11).",build_rate_limit.csv,build_rate,Team-owned content,Regional Aspiration Scenario
Indonesia,Transformation\Bioethanol Production\Processes\Cassava,Maximum Capacity Addition,"Interp(2025, 0, 2027, 0, 2028, 0.1369, 2060, 0.1369)",Million Tonne Coal Equiv/Year,Ethanol,bioenergy team RETURN 2026-07-22 / build_rate_limit.csv,"G4 build-rate limit, resolved OFFLINE from the team's rule (first_feasible_year=2028, alpha=0.2/yr, one_train_floor=0.1369, installed_2023=0). Recursion closed by holding installed(y) = canon `Exogenous Capacity` (constant post-2023) -> constant allowance 0.1369 from 2028, binder = one_train_floor. Pure numerics -- no Max()/Min(), so S11.2e cannot fire. Replaces canon's `Unlimited` (S A.11).",build_rate_limit.csv,build_rate,Team-owned content,Regional Aspiration Scenario
Laos,Transformation\Bioethanol Production\Processes\Cassava,Maximum Capacity Addition,"Interp(2025, 0, 2027, 0, 2028, 0.1369, 2060, 0.1369)",Million Tonne Coal Equiv/Year,Ethanol,bioenergy team RETURN 2026-07-22 / build_rate_limit.csv,"G4 build-rate limit, resolved OFFLINE from the team's rule (first_feasible_year=2028, alpha=0.2/yr, one_train_floor=0.1369, installed_2023=0). Recursion closed by holding installed(y) = canon `Exogenous Capacity` (constant post-2023) -> constant allowance 0.1369 from 2028, binder = one_train_floor. Pure numerics -- no Max()/Min(), so S11.2e cannot fire. Replaces canon's `Unlimited` (S A.11).",build_rate_limit.csv,build_rate,Team-owned content,Regional Aspiration Scenario
Malaysia,Transformation\Bioethanol Production\Processes\Cassava,Maximum Capacity Addition,"Interp(2025, 0, 2027, 0, 2028, 0.1369, 2060, 0.1369)",Million Tonne Coal Equiv/Year,Ethanol,bioenergy team RETURN 2026-07-22 / build_rate_limit.csv,"G4 build-rate limit, resolved OFFLINE from the team's rule (first_feasible_year=2028, alpha=0.2/yr, one_train_floor=0.1369, installed_2023=0). Recursion closed by holding installed(y) = canon `Exogenous Capacity` (constant post-2023) -> constant allowance 0.1369 from 2028, binder = one_train_floor. Pure numerics -- no Max()/Min(), so S11.2e cannot fire. Replaces canon's `Unlimited` (S A.11).",build_rate_limit.csv,build_rate,Team-owned content,Regional Aspiration Scenario
Myanmar,Transformation\Bioethanol Production\Processes\Cassava,Maximum Capacity Addition,"Interp(2025, 0, 2027, 0, 2028, 0.1369, 2060, 0.1369)",Million Tonne Coal Equiv/Year,Ethanol,bioenergy team RETURN 2026-07-22 / build_rate_limit.csv,"G4 build-rate limit, resolved OFFLINE from the team's rule (first_feasible_year=2028, alpha=0.2/yr, one_train_floor=0.1369, installed_2023=0). Recursion closed by holding installed(y) = canon `Exogenous Capacity` (constant post-2023) -> constant allowance 0.1369 from 2028, binder = one_train_floor. Pure numerics -- no Max()/Min(), so S11.2e cannot fire. Replaces canon's `Unlimited` (S A.11).",build_rate_limit.csv,build_rate,Team-owned content,Regional Aspiration Scenario
Philippines,Transformation\Bioethanol Production\Processes\Cassava,Maximum Capacity Addition,"Interp(2025, 0, 2027, 0, 2028, 0.1369, 2060, 0.1369)",Million Tonne Coal Equiv/Year,Ethanol,bioenergy team RETURN 2026-07-22 / build_rate_limit.csv,"G4 build-rate limit, resolved OFFLINE from the team's rule (first_feasible_year=2028, alpha=0.2/yr, one_train_floor=0.1369, installed_2023=0). Recursion closed by holding installed(y) = canon `Exogenous Capacity` (constant post-2023) -> constant allowance 0.1369 from 2028, binder = one_train_floor. Pure numerics -- no Max()/Min(), so S11.2e cannot fire. Replaces canon's `Unlimited` (S A.11).",build_rate_limit.csv,build_rate,Team-owned content,Regional Aspiration Scenario
Singapore,Transformation\Bioethanol Production\Processes\Cassava,Maximum Capacity Addition,"Interp(2025, 0, 2027, 0, 2028, 0.1369, 2060, 0.1369)",Million Tonne Coal Equiv/Year,Ethanol,bioenergy team RETURN 2026-07-22 / build_rate_limit.csv,"G4 build-rate limit, resolved OFFLINE from the team's rule (first_feasible_year=2028, alpha=0.2/yr, one_train_floor=0.1369, installed_2023=0). Recursion closed by holding installed(y) = canon `Exogenous Capacity` (constant post-2023) -> constant allowance 0.1369 from 2028, binder = one_train_floor. Pure numerics -- no Max()/Min(), so S11.2e cannot fire. Replaces canon's `Unlimited` (S A.11).",build_rate_limit.csv,build_rate,Team-owned content,Regional Aspiration Scenario
Thailand,Transformation\Bioethanol Production\Processes\Cassava,Maximum Capacity Addition,"Interp(2025, 0, 2026, 0.1369, 2060, 0.1369)",Million Tonne Coal Equiv/Year,Ethanol,bioenergy team RETURN 2026-07-22 / build_rate_limit.csv,"G4 build-rate limit, resolved OFFLINE from the team's rule (first_feasible_year=2026, alpha=0.2/yr, one_train_floor=0.1369, installed_2023=0.2242). Recursion closed by holding installed(y) = canon `Exogenous Capacity` (constant post-2023) -> constant allowance 0.1369 from 2026, binder = one_train_floor. Pure numerics -- no Max()/Min(), so S11.2e cannot fire. Replaces canon's `Unlimited` (S A.11).",build_rate_limit.csv,build_rate,Team-owned content,Regional Aspiration Scenario
Vietnam,Transformation\Bioethanol Production\Processes\Cassava,Maximum Capacity Addition,"Interp(2025, 0, 2027, 0, 2028, 0.1369, 2060, 0.1369)",Million Tonne Coal Equiv/Year,Ethanol,bioenergy team RETURN 2026-07-22 / build_rate_limit.csv,"G4 build-rate limit, resolved OFFLINE from the team's rule (first_feasible_year=2028, alpha=0.2/yr, one_train_floor=0.1369, installed_2023=0). Recursion closed by holding installed(y) = canon `Exogenous Capacity` (constant post-2023) -> constant allowance 0.1369 from 2028, binder = one_train_floor. Pure numerics -- no Max()/Min(), so S11.2e cannot fire. Replaces canon's `Unlimited` (S A.11).",build_rate_limit.csv,build_rate,Team-owned content,Regional Aspiration Scenario
Brunei,Transformation\Bioethanol Production\Processes\Corn Ethanol,Maximum Capacity Addition,"Interp(2025, 0, 2027, 0, 2028, 0.1369, 2060, 0.1369)",Million Tonne Coal Equiv/Year,Ethanol,bioenergy team RETURN 2026-07-22 / build_rate_limit.csv,"G4 build-rate limit, resolved OFFLINE from the team's rule (first_feasible_year=2028, alpha=0.2/yr, one_train_floor=0.1369, installed_2023=0). Recursion closed by holding installed(y) = canon `Exogenous Capacity` (constant post-2023) -> constant allowance 0.1369 from 2028, binder = one_train_floor. Pure numerics -- no Max()/Min(), so S11.2e cannot fire. Replaces canon's `Unlimited` (S A.11).",build_rate_limit.csv,build_rate,Team-owned content,Regional Aspiration Scenario
Cambodia,Transformation\Bioethanol Production\Processes\Corn Ethanol,Maximum Capacity Addition,"Interp(2025, 0, 2027, 0, 2028, 0.1369, 2060, 0.1369)",Million Tonne Coal Equiv/Year,Ethanol,bioenergy team RETURN 2026-07-22 / build_rate_limit.csv,"G4 build-rate limit, resolved OFFLINE from the team's rule (first_feasible_year=2028, alpha=0.2/yr, one_train_floor=0.1369, installed_2023=0). Recursion closed by holding installed(y) = canon `Exogenous Capacity` (constant post-2023) -> constant allowance 0.1369 from 2028, binder = one_train_floor. Pure numerics -- no Max()/Min(), so S11.2e cannot fire. Replaces canon's `Unlimited` (S A.11).",build_rate_limit.csv,build_rate,Team-owned content,Regional Aspiration Scenario
Indonesia,Transformation\Bioethanol Production\Processes\Corn Ethanol,Maximum Capacity Addition,"Interp(2025, 0, 2027, 0, 2028, 0.1369, 2060, 0.1369)",Million Tonne Coal Equiv/Year,Ethanol,bioenergy team RETURN 2026-07-22 / build_rate_limit.csv,"G4 build-rate limit, resolved OFFLINE from the team's rule (first_feasible_year=2028, alpha=0.2/yr, one_train_floor=0.1369, installed_2023=0). Recursion closed by holding installed(y) = canon `Exogenous Capacity` (constant post-2023) -> constant allowance 0.1369 from 2028, binder = one_train_floor. Pure numerics -- no Max()/Min(), so S11.2e cannot fire. Replaces canon's `Unlimited` (S A.11).",build_rate_limit.csv,build_rate,Team-owned content,Regional Aspiration Scenario
Laos,Transformation\Bioethanol Production\Processes\Corn Ethanol,Maximum Capacity Addition,"Interp(2025, 0, 2027, 0, 2028, 0.1369, 2060, 0.1369)",Million Tonne Coal Equiv/Year,Ethanol,bioenergy team RETURN 2026-07-22 / build_rate_limit.csv,"G4 build-rate limit, resolved OFFLINE from the team's rule (first_feasible_year=2028, alpha=0.2/yr, one_train_floor=0.1369, installed_2023=0). Recursion closed by holding installed(y) = canon `Exogenous Capacity` (constant post-2023) -> constant allowance 0.1369 from 2028, binder = one_train_floor. Pure numerics -- no Max()/Min(), so S11.2e cannot fire. Replaces canon's `Unlimited` (S A.11).",build_rate_limit.csv,build_rate,Team-owned content,Regional Aspiration Scenario
Malaysia,Transformation\Bioethanol Production\Processes\Corn Ethanol,Maximum Capacity Addition,"Interp(2025, 0, 2027, 0, 2028, 0.1369, 2060, 0.1369)",Million Tonne Coal Equiv/Year,Ethanol,bioenergy team RETURN 2026-07-22 / build_rate_limit.csv,"G4 build-rate limit, resolved OFFLINE from the team's rule (first_feasible_year=2028, alpha=0.2/yr, one_train_floor=0.1369, installed_2023=0). Recursion closed by holding installed(y) = canon `Exogenous Capacity` (constant post-2023) -> constant allowance 0.1369 from 2028, binder = one_train_floor. Pure numerics -- no Max()/Min(), so S11.2e cannot fire. Replaces canon's `Unlimited` (S A.11).",build_rate_limit.csv,build_rate,Team-owned content,Regional Aspiration Scenario
Myanmar,Transformation\Bioethanol Production\Processes\Corn Ethanol,Maximum Capacity Addition,"Interp(2025, 0, 2027, 0, 2028, 0.1369, 2060, 0.1369)",Million Tonne Coal Equiv/Year,Ethanol,bioenergy team RETURN 2026-07-22 / build_rate_limit.csv,"G4 build-rate limit, resolved OFFLINE from the team's rule (first_feasible_year=2028, alpha=0.2/yr, one_train_floor=0.1369, installed_2023=0). Recursion closed by holding installed(y) = canon `Exogenous Capacity` (constant post-2023) -> constant allowance 0.1369 from 2028, binder = one_train_floor. Pure numerics -- no Max()/Min(), so S11.2e cannot fire. Replaces canon's `Unlimited` (S A.11).",build_rate_limit.csv,build_rate,Team-owned content,Regional Aspiration Scenario
Philippines,Transformation\Bioethanol Production\Processes\Corn Ethanol,Maximum Capacity Addition,"Interp(2025, 0, 2027, 0, 2028, 0.1369, 2060, 0.1369)",Million Tonne Coal Equiv/Year,Ethanol,bioenergy team RETURN 2026-07-22 / build_rate_limit.csv,"G4 build-rate limit, resolved OFFLINE from the team's rule (first_feasible_year=2028, alpha=0.2/yr, one_train_floor=0.1369, installed_2023=0). Recursion closed by holding installed(y) = canon `Exogenous Capacity` (constant post-2023) -> constant allowance 0.1369 from 2028, binder = one_train_floor. Pure numerics -- no Max()/Min(), so S11.2e cannot fire. Replaces canon's `Unlimited` (S A.11).",build_rate_limit.csv,build_rate,Team-owned content,Regional Aspiration Scenario
Singapore,Transformation\Bioethanol Production\Processes\Corn Ethanol,Maximum Capacity Addition,"Interp(2025, 0, 2027, 0, 2028, 0.1369, 2060, 0.1369)",Million Tonne Coal Equiv/Year,Ethanol,bioenergy team RETURN 2026-07-22 / build_rate_limit.csv,"G4 build-rate limit, resolved OFFLINE from the team's rule (first_feasible_year=2028, alpha=0.2/yr, one_train_floor=0.1369, installed_2023=0). Recursion closed by holding installed(y) = canon `Exogenous Capacity` (constant post-2023) -> constant allowance 0.1369 from 2028, binder = one_train_floor. Pure numerics -- no Max()/Min(), so S11.2e cannot fire. Replaces canon's `Unlimited` (S A.11).",build_rate_limit.csv,build_rate,Team-owned content,Regional Aspiration Scenario
Thailand,Transformation\Bioethanol Production\Processes\Corn Ethanol,Maximum Capacity Addition,"Interp(2025, 0, 2027, 0, 2028, 0.1369, 2060, 0.1369)",Million Tonne Coal Equiv/Year,Ethanol,bioenergy team RETURN 2026-07-22 / build_rate_limit.csv,"G4 build-rate limit, resolved OFFLINE from the team's rule (first_feasible_year=2028, alpha=0.2/yr, one_train_floor=0.1369, installed_2023=0). Recursion closed by holding installed(y) = canon `Exogenous Capacity` (constant post-2023) -> constant allowance 0.1369 from 2028, binder = one_train_floor. Pure numerics -- no Max()/Min(), so S11.2e cannot fire. Replaces canon's `Unlimited` (S A.11).",build_rate_limit.csv,build_rate,Team-owned content,Regional Aspiration Scenario
Vietnam,Transformation\Bioethanol Production\Processes\Corn Ethanol,Maximum Capacity Addition,"Interp(2025, 0, 2027, 0, 2028, 0.1369, 2060, 0.1369)",Million Tonne Coal Equiv/Year,Ethanol,bioenergy team RETURN 2026-07-22 / build_rate_limit.csv,"G4 build-rate limit, resolved OFFLINE from the team's rule (first_feasible_year=2028, alpha=0.2/yr, one_train_floor=0.1369, installed_2023=0). Recursion closed by holding installed(y) = canon `Exogenous Capacity` (constant post-2023) -> constant allowance 0.1369 from 2028, binder = one_train_floor. Pure numerics -- no Max()/Min(), so S11.2e cannot fire. Replaces canon's `Unlimited` (S A.11).",build_rate_limit.csv,build_rate,Team-owned content,Regional Aspiration Scenario
Brunei,Transformation\Biodiesel Production\Processes\FAME Biodiesel,Maximum Capacity Addition,"Interp(2025, 0, 2027, 0, 2028, 5.8495, 2060, 5.8495)",Million Gigajoules/Year,Biodiesel,bioenergy team RETURN 2026-07-22 / build_rate_limit.csv,"G4 build-rate limit, resolved OFFLINE from the team's rule (first_feasible_year=2028, alpha=0.2/yr, one_train_floor=5.8495, installed_2023=0). Recursion closed by holding installed(y) = canon `Exogenous Capacity` (constant post-2023) -> constant allowance 5.8495 from 2028, binder = one_train_floor. Pure numerics -- no Max()/Min(), so S11.2e cannot fire. Replaces canon's `Unlimited` (S A.11).",build_rate_limit.csv,build_rate,Team-owned content,Regional Aspiration Scenario
Cambodia,Transformation\Biodiesel Production\Processes\FAME Biodiesel,Maximum Capacity Addition,"Interp(2025, 0, 2027, 0, 2028, 5.8495, 2060, 5.8495)",Million Gigajoules/Year,Biodiesel,bioenergy team RETURN 2026-07-22 / build_rate_limit.csv,"G4 build-rate limit, resolved OFFLINE from the team's rule (first_feasible_year=2028, alpha=0.2/yr, one_train_floor=5.8495, installed_2023=0). Recursion closed by holding installed(y) = canon `Exogenous Capacity` (constant post-2023) -> constant allowance 5.8495 from 2028, binder = one_train_floor. Pure numerics -- no Max()/Min(), so S11.2e cannot fire. Replaces canon's `Unlimited` (S A.11).",build_rate_limit.csv,build_rate,Team-owned content,Regional Aspiration Scenario
Indonesia,Transformation\Biodiesel Production\Processes\FAME Biodiesel,Maximum Capacity Addition,"Interp(2025, 0, 2026, 127.3037, 2060, 127.3037)",Million Gigajoules/Year,Biodiesel,bioenergy team RETURN 2026-07-22 / build_rate_limit.csv,"G4 build-rate limit, resolved OFFLINE from the team's rule (first_feasible_year=2026, alpha=0.2/yr, one_train_floor=5.8495, installed_2023=636.5184). Recursion closed by holding installed(y) = canon `Exogenous Capacity` (constant post-2023) -> constant allowance 127.3037 from 2026, binder = alpha x installed. Pure numerics -- no Max()/Min(), so S11.2e cannot fire. Replaces canon's `Unlimited` (S A.11).",build_rate_limit.csv,build_rate,Team-owned content,Regional Aspiration Scenario
Laos,Transformation\Biodiesel Production\Processes\FAME Biodiesel,Maximum Capacity Addition,"Interp(2025, 0, 2027, 0, 2028, 5.8495, 2060, 5.8495)",Million Gigajoules/Year,Biodiesel,bioenergy team RETURN 2026-07-22 / build_rate_limit.csv,"G4 build-rate limit, resolved OFFLINE from the team's rule (first_feasible_year=2028, alpha=0.2/yr, one_train_floor=5.8495, installed_2023=0). Recursion closed by holding installed(y) = canon `Exogenous Capacity` (constant post-2023) -> constant allowance 5.8495 from 2028, binder = one_train_floor. Pure numerics -- no Max()/Min(), so S11.2e cannot fire. Replaces canon's `Unlimited` (S A.11).",build_rate_limit.csv,build_rate,Team-owned content,Regional Aspiration Scenario
Malaysia,Transformation\Biodiesel Production\Processes\FAME Biodiesel,Maximum Capacity Addition,"Interp(2025, 0, 2026, 10.8443, 2060, 10.8443)",Million Gigajoules/Year,Biodiesel,bioenergy team RETURN 2026-07-22 / build_rate_limit.csv,"G4 build-rate limit, resolved OFFLINE from the team's rule (first_feasible_year=2026, alpha=0.2/yr, one_train_floor=5.8495, installed_2023=54.2214). Recursion closed by holding installed(y) = canon `Exogenous Capacity` (constant post-2023) -> constant allowance 10.8443 from 2026, binder = alpha x installed. Pure numerics -- no Max()/Min(), so S11.2e cannot fire. Replaces canon's `Unlimited` (S A.11).",build_rate_limit.csv,build_rate,Team-owned content,Regional Aspiration Scenario
Myanmar,Transformation\Biodiesel Production\Processes\FAME Biodiesel,Maximum Capacity Addition,"Interp(2025, 0, 2027, 0, 2028, 5.8495, 2060, 5.8495)",Million Gigajoules/Year,Biodiesel,bioenergy team RETURN 2026-07-22 / build_rate_limit.csv,"G4 build-rate limit, resolved OFFLINE from the team's rule (first_feasible_year=2028, alpha=0.2/yr, one_train_floor=5.8495, installed_2023=0). Recursion closed by holding installed(y) = canon `Exogenous Capacity` (constant post-2023) -> constant allowance 5.8495 from 2028, binder = one_train_floor. Pure numerics -- no Max()/Min(), so S11.2e cannot fire. Replaces canon's `Unlimited` (S A.11).",build_rate_limit.csv,build_rate,Team-owned content,Regional Aspiration Scenario
Philippines,Transformation\Biodiesel Production\Processes\FAME Biodiesel,Maximum Capacity Addition,"Interp(2025, 0, 2026, 5.8495, 2060, 5.8495)",Million Gigajoules/Year,Biodiesel,bioenergy team RETURN 2026-07-22 / build_rate_limit.csv,"G4 build-rate limit, resolved OFFLINE from the team's rule (first_feasible_year=2026, alpha=0.2/yr, one_train_floor=5.8495, installed_2023=7.7214). RE-BASED for B4: team shipped installed_2023=225 read off the defective canon expression; corrected to 7.7214 (x0.0343174 GJ/liter, the factor implied by the three sibling regions). Recursion closed by holding installed(y) = canon `Exogenous Capacity` (constant post-2023) -> constant allowance 5.8495 from 2026, binder = one_train_floor. Pure numerics -- no Max()/Min(), so S11.2e cannot fire. Replaces canon's `Unlimited` (S A.11).",build_rate_limit.csv,build_rate,Team-owned content,Regional Aspiration Scenario
Singapore,Transformation\Biodiesel Production\Processes\FAME Biodiesel,Maximum Capacity Addition,"Interp(2025, 0, 2027, 0, 2028, 5.8495, 2060, 5.8495)",Million Gigajoules/Year,Biodiesel,bioenergy team RETURN 2026-07-22 / build_rate_limit.csv,"G4 build-rate limit, resolved OFFLINE from the team's rule (first_feasible_year=2028, alpha=0.2/yr, one_train_floor=5.8495, installed_2023=0). Recursion closed by holding installed(y) = canon `Exogenous Capacity` (constant post-2023) -> constant allowance 5.8495 from 2028, binder = one_train_floor. Pure numerics -- no Max()/Min(), so S11.2e cannot fire. Replaces canon's `Unlimited` (S A.11).",build_rate_limit.csv,build_rate,Team-owned content,Regional Aspiration Scenario
Thailand,Transformation\Biodiesel Production\Processes\FAME Biodiesel,Maximum Capacity Addition,"Interp(2025, 0, 2026, 19.9727, 2060, 19.9727)",Million Gigajoules/Year,Biodiesel,bioenergy team RETURN 2026-07-22 / build_rate_limit.csv,"G4 build-rate limit, resolved OFFLINE from the team's rule (first_feasible_year=2026, alpha=0.2/yr, one_train_floor=5.8495, installed_2023=99.8635). Recursion closed by holding installed(y) = canon `Exogenous Capacity` (constant post-2023) -> constant allowance 19.9727 from 2026, binder = alpha x installed. Pure numerics -- no Max()/Min(), so S11.2e cannot fire. Replaces canon's `Unlimited` (S A.11).",build_rate_limit.csv,build_rate,Team-owned content,Regional Aspiration Scenario
Vietnam,Transformation\Biodiesel Production\Processes\FAME Biodiesel,Maximum Capacity Addition,"Interp(2025, 0, 2027, 0, 2028, 5.8495, 2060, 5.8495)",Million Gigajoules/Year,Biodiesel,bioenergy team RETURN 2026-07-22 / build_rate_limit.csv,"G4 build-rate limit, resolved OFFLINE from the team's rule (first_feasible_year=2028, alpha=0.2/yr, one_train_floor=5.8495, installed_2023=0). Recursion closed by holding installed(y) = canon `Exogenous Capacity` (constant post-2023) -> constant allowance 5.8495 from 2028, binder = one_train_floor. Pure numerics -- no Max()/Min(), so S11.2e cannot fire. Replaces canon's `Unlimited` (S A.11).",build_rate_limit.csv,build_rate,Team-owned content,Regional Aspiration Scenario
Brunei,Transformation\Bioethanol Production\Processes\Molasses,Maximum Capacity Addition,"Interp(2025, 0, 2027, 0, 2028, 0.1369, 2060, 0.1369)",Million Tonne Coal Equiv/Year,Ethanol,bioenergy team RETURN 2026-07-22 / build_rate_limit.csv,"G4 build-rate limit, resolved OFFLINE from the team's rule (first_feasible_year=2028, alpha=0.2/yr, one_train_floor=0.1369, installed_2023=0). Recursion closed by holding installed(y) = canon `Exogenous Capacity` (constant post-2023) -> constant allowance 0.1369 from 2028, binder = one_train_floor. Pure numerics -- no Max()/Min(), so S11.2e cannot fire. Replaces canon's `Unlimited` (S A.11).",build_rate_limit.csv,build_rate,Team-owned content,Regional Aspiration Scenario
Cambodia,Transformation\Bioethanol Production\Processes\Molasses,Maximum Capacity Addition,"Interp(2025, 0, 2027, 0, 2028, 0.1369, 2060, 0.1369)",Million Tonne Coal Equiv/Year,Ethanol,bioenergy team RETURN 2026-07-22 / build_rate_limit.csv,"G4 build-rate limit, resolved OFFLINE from the team's rule (first_feasible_year=2028, alpha=0.2/yr, one_train_floor=0.1369, installed_2023=0). Recursion closed by holding installed(y) = canon `Exogenous Capacity` (constant post-2023) -> constant allowance 0.1369 from 2028, binder = one_train_floor. Pure numerics -- no Max()/Min(), so S11.2e cannot fire. Replaces canon's `Unlimited` (S A.11).",build_rate_limit.csv,build_rate,Team-owned content,Regional Aspiration Scenario
Indonesia,Transformation\Bioethanol Production\Processes\Molasses,Maximum Capacity Addition,"Interp(2025, 0, 2026, 0.1369, 2060, 0.1369)",Million Tonne Coal Equiv/Year,Ethanol,bioenergy team RETURN 2026-07-22 / build_rate_limit.csv,"G4 build-rate limit, resolved OFFLINE from the team's rule (first_feasible_year=2026, alpha=0.2/yr, one_train_floor=0.1369, installed_2023=0.072). Recursion closed by holding installed(y) = canon `Exogenous Capacity` (constant post-2023) -> constant allowance 0.1369 from 2026, binder = one_train_floor. Pure numerics -- no Max()/Min(), so S11.2e cannot fire. Replaces canon's `Unlimited` (S A.11).",build_rate_limit.csv,build_rate,Team-owned content,Regional Aspiration Scenario
Laos,Transformation\Bioethanol Production\Processes\Molasses,Maximum Capacity Addition,"Interp(2025, 0, 2027, 0, 2028, 0.1369, 2060, 0.1369)",Million Tonne Coal Equiv/Year,Ethanol,bioenergy team RETURN 2026-07-22 / build_rate_limit.csv,"G4 build-rate limit, resolved OFFLINE from the team's rule (first_feasible_year=2028, alpha=0.2/yr, one_train_floor=0.1369, installed_2023=0). Recursion closed by holding installed(y) = canon `Exogenous Capacity` (constant post-2023) -> constant allowance 0.1369 from 2028, binder = one_train_floor. Pure numerics -- no Max()/Min(), so S11.2e cannot fire. Replaces canon's `Unlimited` (S A.11).",build_rate_limit.csv,build_rate,Team-owned content,Regional Aspiration Scenario
Malaysia,Transformation\Bioethanol Production\Processes\Molasses,Maximum Capacity Addition,"Interp(2025, 0, 2027, 0, 2028, 0.1369, 2060, 0.1369)",Million Tonne Coal Equiv/Year,Ethanol,bioenergy team RETURN 2026-07-22 / build_rate_limit.csv,"G4 build-rate limit, resolved OFFLINE from the team's rule (first_feasible_year=2028, alpha=0.2/yr, one_train_floor=0.1369, installed_2023=0). Recursion closed by holding installed(y) = canon `Exogenous Capacity` (constant post-2023) -> constant allowance 0.1369 from 2028, binder = one_train_floor. Pure numerics -- no Max()/Min(), so S11.2e cannot fire. Replaces canon's `Unlimited` (S A.11).",build_rate_limit.csv,build_rate,Team-owned content,Regional Aspiration Scenario
Myanmar,Transformation\Bioethanol Production\Processes\Molasses,Maximum Capacity Addition,"Interp(2025, 0, 2027, 0, 2028, 0.1369, 2060, 0.1369)",Million Tonne Coal Equiv/Year,Ethanol,bioenergy team RETURN 2026-07-22 / build_rate_limit.csv,"G4 build-rate limit, resolved OFFLINE from the team's rule (first_feasible_year=2028, alpha=0.2/yr, one_train_floor=0.1369, installed_2023=0). Recursion closed by holding installed(y) = canon `Exogenous Capacity` (constant post-2023) -> constant allowance 0.1369 from 2028, binder = one_train_floor. Pure numerics -- no Max()/Min(), so S11.2e cannot fire. Replaces canon's `Unlimited` (S A.11).",build_rate_limit.csv,build_rate,Team-owned content,Regional Aspiration Scenario
Philippines,Transformation\Bioethanol Production\Processes\Molasses,Maximum Capacity Addition,"Interp(2025, 0, 2026, 0.1369, 2060, 0.1369)",Million Tonne Coal Equiv/Year,Ethanol,bioenergy team RETURN 2026-07-22 / build_rate_limit.csv,"G4 build-rate limit, resolved OFFLINE from the team's rule (first_feasible_year=2026, alpha=0.2/yr, one_train_floor=0.1369, installed_2023=0.2951). Recursion closed by holding installed(y) = canon `Exogenous Capacity` (constant post-2023) -> constant allowance 0.1369 from 2026, binder = one_train_floor. Pure numerics -- no Max()/Min(), so S11.2e cannot fire. Replaces canon's `Unlimited` (S A.11).",build_rate_limit.csv,build_rate,Team-owned content,Regional Aspiration Scenario
Singapore,Transformation\Bioethanol Production\Processes\Molasses,Maximum Capacity Addition,"Interp(2025, 0, 2027, 0, 2028, 0.1369, 2060, 0.1369)",Million Tonne Coal Equiv/Year,Ethanol,bioenergy team RETURN 2026-07-22 / build_rate_limit.csv,"G4 build-rate limit, resolved OFFLINE from the team's rule (first_feasible_year=2028, alpha=0.2/yr, one_train_floor=0.1369, installed_2023=0). Recursion closed by holding installed(y) = canon `Exogenous Capacity` (constant post-2023) -> constant allowance 0.1369 from 2028, binder = one_train_floor. Pure numerics -- no Max()/Min(), so S11.2e cannot fire. Replaces canon's `Unlimited` (S A.11).",build_rate_limit.csv,build_rate,Team-owned content,Regional Aspiration Scenario
Thailand,Transformation\Bioethanol Production\Processes\Molasses,Maximum Capacity Addition,"Interp(2025, 0, 2026, 0.2227, 2060, 0.2227)",Million Tonne Coal Equiv/Year,Ethanol,bioenergy team RETURN 2026-07-22 / build_rate_limit.csv,"G4 build-rate limit, resolved OFFLINE from the team's rule (first_feasible_year=2026, alpha=0.2/yr, one_train_floor=0.1369, installed_2023=1.1136). Recursion closed by holding installed(y) = canon `Exogenous Capacity` (constant post-2023) -> constant allowance 0.2227 from 2026, binder = alpha x installed. Pure numerics -- no Max()/Min(), so S11.2e cannot fire. Replaces canon's `Unlimited` (S A.11).",build_rate_limit.csv,build_rate,Team-owned content,Regional Aspiration Scenario
Vietnam,Transformation\Bioethanol Production\Processes\Molasses,Maximum Capacity Addition,"Interp(2025, 0, 2027, 0, 2028, 0.1369, 2060, 0.1369)",Million Tonne Coal Equiv/Year,Ethanol,bioenergy team RETURN 2026-07-22 / build_rate_limit.csv,"G4 build-rate limit, resolved OFFLINE from the team's rule (first_feasible_year=2028, alpha=0.2/yr, one_train_floor=0.1369, installed_2023=0). Recursion closed by holding installed(y) = canon `Exogenous Capacity` (constant post-2023) -> constant allowance 0.1369 from 2028, binder = one_train_floor. Pure numerics -- no Max()/Min(), so S11.2e cannot fire. Replaces canon's `Unlimited` (S A.11).",build_rate_limit.csv,build_rate,Team-owned content,Regional Aspiration Scenario
Brunei,Transformation\Biodiesel Production\Processes\POME Biodiesel,Maximum Capacity Addition,"Interp(2025, 0, 2027, 0, 2028, 5.8495, 2060, 5.8495)",Million Gigajoules/Year,Biodiesel,bioenergy team RETURN 2026-07-22 / build_rate_limit.csv,"G4 build-rate limit, resolved OFFLINE from the team's rule (first_feasible_year=2028, alpha=0.2/yr, one_train_floor=5.8495, installed_2023=0). Recursion closed by holding installed(y) = canon `Exogenous Capacity` (constant post-2023) -> constant allowance 5.8495 from 2028, binder = one_train_floor. Pure numerics -- no Max()/Min(), so S11.2e cannot fire. Replaces canon's `Unlimited` (S A.11).",build_rate_limit.csv,build_rate,Team-owned content,Regional Aspiration Scenario
Cambodia,Transformation\Biodiesel Production\Processes\POME Biodiesel,Maximum Capacity Addition,"Interp(2025, 0, 2027, 0, 2028, 5.8495, 2060, 5.8495)",Million Gigajoules/Year,Biodiesel,bioenergy team RETURN 2026-07-22 / build_rate_limit.csv,"G4 build-rate limit, resolved OFFLINE from the team's rule (first_feasible_year=2028, alpha=0.2/yr, one_train_floor=5.8495, installed_2023=0). Recursion closed by holding installed(y) = canon `Exogenous Capacity` (constant post-2023) -> constant allowance 5.8495 from 2028, binder = one_train_floor. Pure numerics -- no Max()/Min(), so S11.2e cannot fire. Replaces canon's `Unlimited` (S A.11).",build_rate_limit.csv,build_rate,Team-owned content,Regional Aspiration Scenario
Indonesia,Transformation\Biodiesel Production\Processes\POME Biodiesel,Maximum Capacity Addition,"Interp(2025, 0, 2027, 0, 2028, 5.8495, 2060, 5.8495)",Million Gigajoules/Year,Biodiesel,bioenergy team RETURN 2026-07-22 / build_rate_limit.csv,"G4 build-rate limit, resolved OFFLINE from the team's rule (first_feasible_year=2028, alpha=0.2/yr, one_train_floor=5.8495, installed_2023=0). Recursion closed by holding installed(y) = canon `Exogenous Capacity` (constant post-2023) -> constant allowance 5.8495 from 2028, binder = one_train_floor. Pure numerics -- no Max()/Min(), so S11.2e cannot fire. Replaces canon's `Unlimited` (S A.11).",build_rate_limit.csv,build_rate,Team-owned content,Regional Aspiration Scenario
Laos,Transformation\Biodiesel Production\Processes\POME Biodiesel,Maximum Capacity Addition,"Interp(2025, 0, 2027, 0, 2028, 5.8495, 2060, 5.8495)",Million Gigajoules/Year,Biodiesel,bioenergy team RETURN 2026-07-22 / build_rate_limit.csv,"G4 build-rate limit, resolved OFFLINE from the team's rule (first_feasible_year=2028, alpha=0.2/yr, one_train_floor=5.8495, installed_2023=0). Recursion closed by holding installed(y) = canon `Exogenous Capacity` (constant post-2023) -> constant allowance 5.8495 from 2028, binder = one_train_floor. Pure numerics -- no Max()/Min(), so S11.2e cannot fire. Replaces canon's `Unlimited` (S A.11).",build_rate_limit.csv,build_rate,Team-owned content,Regional Aspiration Scenario
Malaysia,Transformation\Biodiesel Production\Processes\POME Biodiesel,Maximum Capacity Addition,"Interp(2025, 0, 2027, 0, 2028, 5.8495, 2060, 5.8495)",Million Gigajoules/Year,Biodiesel,bioenergy team RETURN 2026-07-22 / build_rate_limit.csv,"G4 build-rate limit, resolved OFFLINE from the team's rule (first_feasible_year=2028, alpha=0.2/yr, one_train_floor=5.8495, installed_2023=0). Recursion closed by holding installed(y) = canon `Exogenous Capacity` (constant post-2023) -> constant allowance 5.8495 from 2028, binder = one_train_floor. Pure numerics -- no Max()/Min(), so S11.2e cannot fire. Replaces canon's `Unlimited` (S A.11).",build_rate_limit.csv,build_rate,Team-owned content,Regional Aspiration Scenario
Myanmar,Transformation\Biodiesel Production\Processes\POME Biodiesel,Maximum Capacity Addition,"Interp(2025, 0, 2027, 0, 2028, 5.8495, 2060, 5.8495)",Million Gigajoules/Year,Biodiesel,bioenergy team RETURN 2026-07-22 / build_rate_limit.csv,"G4 build-rate limit, resolved OFFLINE from the team's rule (first_feasible_year=2028, alpha=0.2/yr, one_train_floor=5.8495, installed_2023=0). Recursion closed by holding installed(y) = canon `Exogenous Capacity` (constant post-2023) -> constant allowance 5.8495 from 2028, binder = one_train_floor. Pure numerics -- no Max()/Min(), so S11.2e cannot fire. Replaces canon's `Unlimited` (S A.11).",build_rate_limit.csv,build_rate,Team-owned content,Regional Aspiration Scenario
Philippines,Transformation\Biodiesel Production\Processes\POME Biodiesel,Maximum Capacity Addition,"Interp(2025, 0, 2027, 0, 2028, 5.8495, 2060, 5.8495)",Million Gigajoules/Year,Biodiesel,bioenergy team RETURN 2026-07-22 / build_rate_limit.csv,"G4 build-rate limit, resolved OFFLINE from the team's rule (first_feasible_year=2028, alpha=0.2/yr, one_train_floor=5.8495, installed_2023=0). Recursion closed by holding installed(y) = canon `Exogenous Capacity` (constant post-2023) -> constant allowance 5.8495 from 2028, binder = one_train_floor. Pure numerics -- no Max()/Min(), so S11.2e cannot fire. Replaces canon's `Unlimited` (S A.11).",build_rate_limit.csv,build_rate,Team-owned content,Regional Aspiration Scenario
Singapore,Transformation\Biodiesel Production\Processes\POME Biodiesel,Maximum Capacity Addition,"Interp(2025, 0, 2027, 0, 2028, 5.8495, 2060, 5.8495)",Million Gigajoules/Year,Biodiesel,bioenergy team RETURN 2026-07-22 / build_rate_limit.csv,"G4 build-rate limit, resolved OFFLINE from the team's rule (first_feasible_year=2028, alpha=0.2/yr, one_train_floor=5.8495, installed_2023=0). Recursion closed by holding installed(y) = canon `Exogenous Capacity` (constant post-2023) -> constant allowance 5.8495 from 2028, binder = one_train_floor. Pure numerics -- no Max()/Min(), so S11.2e cannot fire. Replaces canon's `Unlimited` (S A.11).",build_rate_limit.csv,build_rate,Team-owned content,Regional Aspiration Scenario
Thailand,Transformation\Biodiesel Production\Processes\POME Biodiesel,Maximum Capacity Addition,"Interp(2025, 0, 2027, 0, 2028, 5.8495, 2060, 5.8495)",Million Gigajoules/Year,Biodiesel,bioenergy team RETURN 2026-07-22 / build_rate_limit.csv,"G4 build-rate limit, resolved OFFLINE from the team's rule (first_feasible_year=2028, alpha=0.2/yr, one_train_floor=5.8495, installed_2023=0). Recursion closed by holding installed(y) = canon `Exogenous Capacity` (constant post-2023) -> constant allowance 5.8495 from 2028, binder = one_train_floor. Pure numerics -- no Max()/Min(), so S11.2e cannot fire. Replaces canon's `Unlimited` (S A.11).",build_rate_limit.csv,build_rate,Team-owned content,Regional Aspiration Scenario
Vietnam,Transformation\Biodiesel Production\Processes\POME Biodiesel,Maximum Capacity Addition,"Interp(2025, 0, 2027, 0, 2028, 5.8495, 2060, 5.8495)",Million Gigajoules/Year,Biodiesel,bioenergy team RETURN 2026-07-22 / build_rate_limit.csv,"G4 build-rate limit, resolved OFFLINE from the team's rule (first_feasible_year=2028, alpha=0.2/yr, one_train_floor=5.8495, installed_2023=0). Recursion closed by holding installed(y) = canon `Exogenous Capacity` (constant post-2023) -> constant allowance 5.8495 from 2028, binder = one_train_floor. Pure numerics -- no Max()/Min(), so S11.2e cannot fire. Replaces canon's `Unlimited` (S A.11).",build_rate_limit.csv,build_rate,Team-owned content,Regional Aspiration Scenario
Brunei,Transformation\Bioethanol Production\Processes\Sugarcane,Maximum Capacity Addition,"Interp(2025, 0, 2027, 0, 2028, 0.1369, 2060, 0.1369)",Million Tonne Coal Equiv/Year,Ethanol,bioenergy team RETURN 2026-07-22 / build_rate_limit.csv,"G4 build-rate limit, resolved OFFLINE from the team's rule (first_feasible_year=2028, alpha=0.2/yr, one_train_floor=0.1369, installed_2023=0). Recursion closed by holding installed(y) = canon `Exogenous Capacity` (constant post-2023) -> constant allowance 0.1369 from 2028, binder = one_train_floor. Pure numerics -- no Max()/Min(), so S11.2e cannot fire. Replaces canon's `Unlimited` (S A.11).",build_rate_limit.csv,build_rate,Team-owned content,Regional Aspiration Scenario
Cambodia,Transformation\Bioethanol Production\Processes\Sugarcane,Maximum Capacity Addition,"Interp(2025, 0, 2027, 0, 2028, 0.1369, 2060, 0.1369)",Million Tonne Coal Equiv/Year,Ethanol,bioenergy team RETURN 2026-07-22 / build_rate_limit.csv,"G4 build-rate limit, resolved OFFLINE from the team's rule (first_feasible_year=2028, alpha=0.2/yr, one_train_floor=0.1369, installed_2023=0). Recursion closed by holding installed(y) = canon `Exogenous Capacity` (constant post-2023) -> constant allowance 0.1369 from 2028, binder = one_train_floor. Pure numerics -- no Max()/Min(), so S11.2e cannot fire. Replaces canon's `Unlimited` (S A.11).",build_rate_limit.csv,build_rate,Team-owned content,Regional Aspiration Scenario
Indonesia,Transformation\Bioethanol Production\Processes\Sugarcane,Maximum Capacity Addition,"Interp(2025, 0, 2027, 0, 2028, 0.1369, 2060, 0.1369)",Million Tonne Coal Equiv/Year,Ethanol,bioenergy team RETURN 2026-07-22 / build_rate_limit.csv,"G4 build-rate limit, resolved OFFLINE from the team's rule (first_feasible_year=2028, alpha=0.2/yr, one_train_floor=0.1369, installed_2023=0). Recursion closed by holding installed(y) = canon `Exogenous Capacity` (constant post-2023) -> constant allowance 0.1369 from 2028, binder = one_train_floor. Pure numerics -- no Max()/Min(), so S11.2e cannot fire. Replaces canon's `Unlimited` (S A.11).",build_rate_limit.csv,build_rate,Team-owned content,Regional Aspiration Scenario
Laos,Transformation\Bioethanol Production\Processes\Sugarcane,Maximum Capacity Addition,"Interp(2025, 0, 2027, 0, 2028, 0.1369, 2060, 0.1369)",Million Tonne Coal Equiv/Year,Ethanol,bioenergy team RETURN 2026-07-22 / build_rate_limit.csv,"G4 build-rate limit, resolved OFFLINE from the team's rule (first_feasible_year=2028, alpha=0.2/yr, one_train_floor=0.1369, installed_2023=0). Recursion closed by holding installed(y) = canon `Exogenous Capacity` (constant post-2023) -> constant allowance 0.1369 from 2028, binder = one_train_floor. Pure numerics -- no Max()/Min(), so S11.2e cannot fire. Replaces canon's `Unlimited` (S A.11).",build_rate_limit.csv,build_rate,Team-owned content,Regional Aspiration Scenario
Malaysia,Transformation\Bioethanol Production\Processes\Sugarcane,Maximum Capacity Addition,"Interp(2025, 0, 2027, 0, 2028, 0.1369, 2060, 0.1369)",Million Tonne Coal Equiv/Year,Ethanol,bioenergy team RETURN 2026-07-22 / build_rate_limit.csv,"G4 build-rate limit, resolved OFFLINE from the team's rule (first_feasible_year=2028, alpha=0.2/yr, one_train_floor=0.1369, installed_2023=0). Recursion closed by holding installed(y) = canon `Exogenous Capacity` (constant post-2023) -> constant allowance 0.1369 from 2028, binder = one_train_floor. Pure numerics -- no Max()/Min(), so S11.2e cannot fire. Replaces canon's `Unlimited` (S A.11).",build_rate_limit.csv,build_rate,Team-owned content,Regional Aspiration Scenario
Myanmar,Transformation\Bioethanol Production\Processes\Sugarcane,Maximum Capacity Addition,"Interp(2025, 0, 2027, 0, 2028, 0.1369, 2060, 0.1369)",Million Tonne Coal Equiv/Year,Ethanol,bioenergy team RETURN 2026-07-22 / build_rate_limit.csv,"G4 build-rate limit, resolved OFFLINE from the team's rule (first_feasible_year=2028, alpha=0.2/yr, one_train_floor=0.1369, installed_2023=0). Recursion closed by holding installed(y) = canon `Exogenous Capacity` (constant post-2023) -> constant allowance 0.1369 from 2028, binder = one_train_floor. Pure numerics -- no Max()/Min(), so S11.2e cannot fire. Replaces canon's `Unlimited` (S A.11).",build_rate_limit.csv,build_rate,Team-owned content,Regional Aspiration Scenario
Philippines,Transformation\Bioethanol Production\Processes\Sugarcane,Maximum Capacity Addition,"Interp(2025, 0, 2026, 0.1369, 2060, 0.1369)",Million Tonne Coal Equiv/Year,Ethanol,bioenergy team RETURN 2026-07-22 / build_rate_limit.csv,"G4 build-rate limit, resolved OFFLINE from the team's rule (first_feasible_year=2026, alpha=0.2/yr, one_train_floor=0.1369, installed_2023=0.0491). Recursion closed by holding installed(y) = canon `Exogenous Capacity` (constant post-2023) -> constant allowance 0.1369 from 2026, binder = one_train_floor. Pure numerics -- no Max()/Min(), so S11.2e cannot fire. Replaces canon's `Unlimited` (S A.11).",build_rate_limit.csv,build_rate,Team-owned content,Regional Aspiration Scenario
Singapore,Transformation\Bioethanol Production\Processes\Sugarcane,Maximum Capacity Addition,"Interp(2025, 0, 2027, 0, 2028, 0.1369, 2060, 0.1369)",Million Tonne Coal Equiv/Year,Ethanol,bioenergy team RETURN 2026-07-22 / build_rate_limit.csv,"G4 build-rate limit, resolved OFFLINE from the team's rule (first_feasible_year=2028, alpha=0.2/yr, one_train_floor=0.1369, installed_2023=0). Recursion closed by holding installed(y) = canon `Exogenous Capacity` (constant post-2023) -> constant allowance 0.1369 from 2028, binder = one_train_floor. Pure numerics -- no Max()/Min(), so S11.2e cannot fire. Replaces canon's `Unlimited` (S A.11).",build_rate_limit.csv,build_rate,Team-owned content,Regional Aspiration Scenario
Thailand,Transformation\Bioethanol Production\Processes\Sugarcane,Maximum Capacity Addition,"Interp(2025, 0, 2026, 0.1369, 2060, 0.1369)",Million Tonne Coal Equiv/Year,Ethanol,bioenergy team RETURN 2026-07-22 / build_rate_limit.csv,"G4 build-rate limit, resolved OFFLINE from the team's rule (first_feasible_year=2026, alpha=0.2/yr, one_train_floor=0.1369, installed_2023=0.0806). Recursion closed by holding installed(y) = canon `Exogenous Capacity` (constant post-2023) -> constant allowance 0.1369 from 2026, binder = one_train_floor. Pure numerics -- no Max()/Min(), so S11.2e cannot fire. Replaces canon's `Unlimited` (S A.11).",build_rate_limit.csv,build_rate,Team-owned content,Regional Aspiration Scenario
Vietnam,Transformation\Bioethanol Production\Processes\Sugarcane,Maximum Capacity Addition,"Interp(2025, 0, 2027, 0, 2028, 0.1369, 2060, 0.1369)",Million Tonne Coal Equiv/Year,Ethanol,bioenergy team RETURN 2026-07-22 / build_rate_limit.csv,"G4 build-rate limit, resolved OFFLINE from the team's rule (first_feasible_year=2028, alpha=0.2/yr, one_train_floor=0.1369, installed_2023=0). Recursion closed by holding installed(y) = canon `Exogenous Capacity` (constant post-2023) -> constant allowance 0.1369 from 2028, binder = one_train_floor. Pure numerics -- no Max()/Min(), so S11.2e cannot fire. Replaces canon's `Unlimited` (S A.11).",build_rate_limit.csv,build_rate,Team-owned content,Regional Aspiration Scenario
Philippines,Transformation\Biodiesel Production\Processes\FAME Biodiesel,Exogenous Capacity,"Interp(2015, 204, 2016, 227, 2017, 220, 2018, 220, 2019, 242, 2020, 188, 2021, 198, 2022, 203, 2023, 225) * 10^6 * ConvFuelUnits(liter, gj, biodiesel) ? (ACE) Biofuel Production, Feedstock, and Land Use Data in ASEAN.xlsx",Million Gigajoules/Year,Biodiesel,B4 structural fix -- canon defect; multiplier mirrored from the Thailand/Indonesia/Malaysia siblings,"B4: canon Philippines carried the bare Interp series with NO multiplier while all three non-zero siblings carry '* 10^6 * ConvFuelUnits(liter, gj, biodiesel)'. Exogenous Capacity is a LOWER bound (exports as ResidualCapacity), so the bare form forced ~29x the plant the Philippines has. Sibling quoted verbatim in BUILD_NOTES.",LEAP Input Transformation.xlsx (canon v0.67),exogenous_capacity_fix,Structure-owned (ours),Regional Aspiration Scenario
Philippines,Transformation\Biodiesel Production\Processes\FAME Biodiesel,Exogenous Capacity,"Interp(2015, 204, 2016, 227, 2017, 220, 2018, 220, 2019, 242, 2020, 188, 2021, 198, 2022, 203, 2023, 225) * 10^6 * ConvFuelUnits(liter, gj, biodiesel) ? (ACE) Biofuel Production, Feedstock, and Land Use Data in ASEAN.xlsx",Million Gigajoules/Year,Biodiesel,B4 structural fix -- canon defect; multiplier mirrored from the Thailand/Indonesia/Malaysia siblings,"B4: canon Philippines carried the bare Interp series with NO multiplier while all three non-zero siblings carry '* 10^6 * ConvFuelUnits(liter, gj, biodiesel)'. Exogenous Capacity is a LOWER bound (exports as ResidualCapacity), so the bare form forced ~29x the plant the Philippines has. Sibling quoted verbatim in BUILD_NOTES.",LEAP Input Transformation.xlsx (canon v0.67),exogenous_capacity_fix,Structure-owned (ours),AMS Target Scenario
Philippines,Transformation\Biodiesel Production\Processes\FAME Biodiesel,Exogenous Capacity,"Interp(2015, 204, 2016, 227, 2017, 220, 2018, 220, 2019, 242, 2020, 188, 2021, 198, 2022, 203, 2023, 225) * 10^6 * ConvFuelUnits(liter, gj, biodiesel) ? (ACE) Biofuel Production, Feedstock, and Land Use Data in ASEAN.xlsx",Million Gigajoules/Year,Biodiesel,B4 structural fix -- canon defect; multiplier mirrored from the Thailand/Indonesia/Malaysia siblings,"B4: canon Philippines carried the bare Interp series with NO multiplier while all three non-zero siblings carry '* 10^6 * ConvFuelUnits(liter, gj, biodiesel)'. Exogenous Capacity is a LOWER bound (exports as ResidualCapacity), so the bare form forced ~29x the plant the Philippines has. Sibling quoted verbatim in BUILD_NOTES.",LEAP Input Transformation.xlsx (canon v0.67),exogenous_capacity_fix,Structure-owned (ours),Baseline Simulation
Philippines,Transformation\Biodiesel Production\Processes\FAME Biodiesel,Exogenous Capacity,"Interp(2015, 204, 2016, 227, 2017, 220, 2018, 220, 2019, 242, 2020, 188, 2021, 198, 2022, 203, 2023, 225) * 10^6 * ConvFuelUnits(liter, gj, biodiesel) ? (ACE) Biofuel Production, Feedstock, and Land Use Data in ASEAN.xlsx",Million Gigajoules/Year,Biodiesel,B4 structural fix -- canon defect; multiplier mirrored from the Thailand/Indonesia/Malaysia siblings,"B4: canon Philippines carried the bare Interp series with NO multiplier while all three non-zero siblings carry '* 10^6 * ConvFuelUnits(liter, gj, biodiesel)'. Exogenous Capacity is a LOWER bound (exports as ResidualCapacity), so the bare form forced ~29x the plant the Philippines has. Sibling quoted verbatim in BUILD_NOTES. | CA row added 2026-07-23: canon authors ExoCap per-scenario; the multiplier defect exists in CA too, fixing to avoid a 29x phantom floor in the base",LEAP Input Transformation.xlsx (canon v0.67),exogenous_capacity_fix,Structure-owned (ours),Current Accounts
