r,e,y,val,solvedtm,region_name,emission_name
R1,E1,2025,141459347.4601289,2026-05-13 09:47:49.138,Indonesia,Carbon Dioxide Biogenic
R11,E1,2025,166433909.08039218,2026-05-13 09:47:49.138,Thailand,Carbon Dioxide Biogenic
R12,E1,2025,163729898.08248398,2026-05-13 09:47:49.138,Myanmar,Carbon Dioxide Biogenic
R13,E1,2025,71610292.83008195,2026-05-13 09:47:49.138,Laos,Carbon Dioxide Biogenic
R14,E1,2025,5212494.426131277,2026-05-13 09:47:49.138,Vietnam,Carbon Dioxide Biogenic
R17,E1,2025,368.27346176326375,2026-05-13 09:47:49.138,Malaysia,Carbon Dioxide Biogenic
R19,E1,2025,411797522.0893628,2026-05-13 09:47:49.138,Philippines,Carbon Dioxide Biogenic
R20,E1,2025,14284506.278107226,2026-05-13 09:47:49.138,Timor Leste,Carbon Dioxide Biogenic
R6,E1,2025,34488480.31579094,2026-05-13 09:47:49.138,Cambodia,Carbon Dioxide Biogenic
R1,E13,2025,824843.9103999097,2026-05-13 09:47:49.138,Indonesia,Sulfur Dioxide
R11,E13,2025,285845.6861438617,2026-05-13 09:47:49.138,Thailand,Sulfur Dioxide
R12,E13,2025,7396.501197209773,2026-05-13 09:47:49.138,Myanmar,Sulfur Dioxide
R13,E13,2025,73791.08002315773,2026-05-13 09:47:49.138,Laos,Sulfur Dioxide
R14,E13,2025,578365.1326356919,2026-05-13 09:47:49.138,Vietnam,Sulfur Dioxide
R15,E13,2025,37079.906233998394,2026-05-13 09:47:49.138,Brunei,Sulfur Dioxide
R16,E13,2025,25192.115193240697,2026-05-13 09:47:49.138,Singapore,Sulfur Dioxide
R17,E13,2025,614012.9284721237,2026-05-13 09:47:49.138,Malaysia,Sulfur Dioxide
R19,E13,2025,369611.17652810755,2026-05-13 09:47:49.138,Philippines,Sulfur Dioxide
R20,E13,2025,800.7635634715703,2026-05-13 09:47:49.138,Timor Leste,Sulfur Dioxide
R6,E13,2025,30470.265557858896,2026-05-13 09:47:49.138,Cambodia,Sulfur Dioxide
R1,E15,2025,13377.304832682566,2026-05-13 09:47:49.138,Indonesia,Ammonia
R11,E15,2025,9464.525371364476,2026-05-13 09:47:49.138,Thailand,Ammonia
R12,E15,2025,8463.76223728155,2026-05-13 09:47:49.138,Myanmar,Ammonia
R13,E15,2025,2830.6159944807127,2026-05-13 09:47:49.138,Laos,Ammonia
R14,E15,2025,3056.524897987696,2026-05-13 09:47:49.138,Vietnam,Ammonia
R15,E15,2025,761.9142935136347,2026-05-13 09:47:49.138,Brunei,Ammonia
R16,E15,2025,649.8891357718838,2026-05-13 09:47:49.138,Singapore,Ammonia
R17,E15,2025,4727.8118332144695,2026-05-13 09:47:49.138,Malaysia,Ammonia
R19,E15,2025,13755.871602488449,2026-05-13 09:47:49.138,Philippines,Ammonia
R20,E15,2025,528.0958107159785,2026-05-13 09:47:49.138,Timor Leste,Ammonia
R6,E15,2025,1147.3730372764182,2026-05-13 09:47:49.138,Cambodia,Ammonia
R1,E16,2025,46904.15578821222,2026-05-13 09:47:49.138,Indonesia,Particulates PM2pt5
R11,E16,2025,50753.14056195051,2026-05-13 09:47:49.138,Thailand,Particulates PM2pt5
R12,E16,2025,49380.1366623957,2026-05-13 09:47:49.138,Myanmar,Particulates PM2pt5
R13,E16,2025,19086.653057980733,2026-05-13 09:47:49.138,Laos,Particulates PM2pt5
R14,E16,2025,11806.44878470047,2026-05-13 09:47:49.138,Vietnam,Particulates PM2pt5
R15,E16,2025,2400.0527325773774,2026-05-13 09:47:49.138,Brunei,Particulates PM2pt5
R16,E16,2025,11162.054083132298,2026-05-13 09:47:49.138,Singapore,Particulates PM2pt5
R17,E16,2025,10886.201673510524,2026-05-13 09:47:49.138,Malaysia,Particulates PM2pt5
R19,E16,2025,94549.30108257449,2026-05-13 09:47:49.138,Philippines,Particulates PM2pt5
R20,E16,2025,3958.4551651054703,2026-05-13 09:47:49.138,Timor Leste,Particulates PM2pt5
R6,E16,2025,7837.783387606292,2026-05-13 09:47:49.138,Cambodia,Particulates PM2pt5
R1,E18,2025,6940.615207303512,2026-05-13 09:47:49.138,Indonesia,Black Carbon
R11,E18,2025,6553.196772205733,2026-05-13 09:47:49.138,Thailand,Black Carbon
R12,E18,2025,8088.096369409901,2026-05-13 09:47:49.138,Myanmar,Black Carbon
R13,E18,2025,2723.5189140343277,2026-05-13 09:47:49.138,Laos,Black Carbon
R14,E18,2025,1353.115787795442,2026-05-13 09:47:49.138,Vietnam,Black Carbon
R15,E18,2025,132.25640999693144,2026-05-13 09:47:49.138,Brunei,Black Carbon
R16,E18,2025,1327.409859375414,2026-05-13 09:47:49.138,Singapore,Black Carbon
R17,E18,2025,829.5891274312378,2026-05-13 09:47:49.138,Malaysia,Black Carbon
R19,E18,2025,15459.23880716517,2026-05-13 09:47:49.138,Philippines,Black Carbon
R20,E18,2025,496.00228804123907,2026-05-13 09:47:49.138,Timor Leste,Black Carbon
R6,E18,2025,1103.4031380361282,2026-05-13 09:47:49.138,Cambodia,Black Carbon
R1,E19,2025,19488.20719661836,2026-05-13 09:47:49.138,Indonesia,Organic Carbon
R11,E19,2025,18457.763676901675,2026-05-13 09:47:49.138,Thailand,Organic Carbon
R12,E19,2025,21822.948424995928,2026-05-13 09:47:49.138,Myanmar,Organic Carbon
R13,E19,2025,8335.262424053759,2026-05-13 09:47:49.138,Laos,Organic Carbon
R14,E19,2025,1701.3595972148366,2026-05-13 09:47:49.138,Vietnam,Organic Carbon
R15,E19,2025,0.4865729191539479,2026-05-13 09:47:49.138,Brunei,Organic Carbon
R16,E19,2025,3895.1808578625682,2026-05-13 09:47:49.138,Singapore,Organic Carbon
R17,E19,2025,321.0633577392408,2026-05-13 09:47:49.138,Malaysia,Organic Carbon
R19,E19,2025,39787.5845760653,2026-05-13 09:47:49.138,Philippines,Organic Carbon
R20,E19,2025,1720.53524857328,2026-05-13 09:47:49.138,Timor Leste,Organic Carbon
R6,E19,2025,3391.967394137798,2026-05-13 09:47:49.138,Cambodia,Organic Carbon
R1,E2,2025,318730118.61184484,2026-05-13 09:47:49.138,Indonesia,Carbon Dioxide
R11,E2,2025,170649653.79428667,2026-05-13 09:47:49.138,Thailand,Carbon Dioxide
R12,E2,2025,33698922.18149129,2026-05-13 09:47:49.138,Myanmar,Carbon Dioxide
R13,E2,2025,11255712.929291744,2026-05-13 09:47:49.138,Laos,Carbon Dioxide
R14,E2,2025,166942315.1875429,2026-05-13 09:47:49.138,Vietnam,Carbon Dioxide
R15,E2,2025,31767482.255823374,2026-05-13 09:47:49.138,Brunei,Carbon Dioxide
R16,E2,2025,173557573.27848592,2026-05-13 09:47:49.138,Singapore,Carbon Dioxide
R17,E2,2025,232442356.71541473,2026-05-13 09:47:49.138,Malaysia,Carbon Dioxide
R19,E2,2025,88343535.46624401,2026-05-13 09:47:49.138,Philippines,Carbon Dioxide
R20,E2,2025,342162.29206333985,2026-05-13 09:47:49.138,Timor Leste,Carbon Dioxide
R6,E2,2025,9243773.516540892,2026-05-13 09:47:49.138,Cambodia,Carbon Dioxide
R1,E3,2025,580053.5462390698,2026-05-13 09:47:49.138,Indonesia,Carbon Monoxide
R11,E3,2025,609648.3698317241,2026-05-13 09:47:49.138,Thailand,Carbon Monoxide
R12,E3,2025,554919.2575462781,2026-05-13 09:47:49.138,Myanmar,Carbon Monoxide
R13,E3,2025,231002.03242393385,2026-05-13 09:47:49.138,Laos,Carbon Monoxide
R14,E3,2025,57498.182290693876,2026-05-13 09:47:49.138,Vietnam,Carbon Monoxide
R15,E3,2025,15754.832608487333,2026-05-13 09:47:49.138,Brunei,Carbon Monoxide
R16,E3,2025,23303.286986415977,2026-05-13 09:47:49.138,Singapore,Carbon Monoxide
R17,E3,2025,109932.53573290806,2026-05-13 09:47:49.138,Malaysia,Carbon Monoxide
R19,E3,2025,1392613.395437926,2026-05-13 09:47:49.138,Philippines,Carbon Monoxide
R20,E3,2025,45914.905660339864,2026-05-13 09:47:49.138,Timor Leste,Carbon Monoxide
R6,E3,2025,110084.8571607377,2026-05-13 09:47:49.138,Cambodia,Carbon Monoxide
R1,E4,2025,362075.999645581,2026-05-13 09:47:49.138,Indonesia,Methane (Combustion and Biogenic)
R11,E4,2025,132445.13135900325,2026-05-13 09:47:49.138,Thailand,Methane (Combustion and Biogenic)
R12,E4,2025,146457.9359182449,2026-05-13 09:47:49.138,Myanmar,Methane (Combustion and Biogenic)
R13,E4,2025,26491.920551595336,2026-05-13 09:47:49.138,Laos,Methane (Combustion and Biogenic)
R14,E4,2025,99984.00918682203,2026-05-13 09:47:49.138,Vietnam,Methane (Combustion and Biogenic)
R15,E4,2025,38354.3138608925,2026-05-13 09:47:49.138,Brunei,Methane (Combustion and Biogenic)
R16,E4,2025,112818.72519096425,2026-05-13 09:47:49.138,Singapore,Methane (Combustion and Biogenic)
R17,E4,2025,245607.9839624328,2026-05-13 09:47:49.138,Malaysia,Methane (Combustion and Biogenic)
R19,E4,2025,80455.6312498984,2026-05-13 09:47:49.138,Philippines,Methane (Combustion and Biogenic)
R20,E4,2025,2921.627438434455,2026-05-13 09:47:49.138,Timor Leste,Methane (Combustion and Biogenic)
R6,E4,2025,12069.44656464156,2026-05-13 09:47:49.138,Cambodia,Methane (Combustion and Biogenic)
R16,E407,2025,-319718.4038885267,2026-05-13 09:47:49.138,Singapore,Sequestered Carbon Dioxide
R1,E5,2025,551735.6771975891,2026-05-13 09:47:49.138,Indonesia,Non Methane Volatile Organic Compounds
R11,E5,2025,233013.33784085023,2026-05-13 09:47:49.138,Thailand,Non Methane Volatile Organic Compounds
R12,E5,2025,205889.78909419107,2026-05-13 09:47:49.138,Myanmar,Non Methane Volatile Organic Compounds
R13,E5,2025,78679.0214934901,2026-05-13 09:47:49.138,Laos,Non Methane Volatile Organic Compounds
R14,E5,2025,128912.78384560719,2026-05-13 09:47:49.138,Vietnam,Non Methane Volatile Organic Compounds
R15,E5,2025,25936.83199327764,2026-05-13 09:47:49.138,Brunei,Non Methane Volatile Organic Compounds
R16,E5,2025,147620.958867834,2026-05-13 09:47:49.138,Singapore,Non Methane Volatile Organic Compounds
R17,E5,2025,144137.29464156096,2026-05-13 09:47:49.138,Malaysia,Non Methane Volatile Organic Compounds
R19,E5,2025,390503.537609886,2026-05-13 09:47:49.138,Philippines,Non Methane Volatile Organic Compounds
R20,E5,2025,17039.331021325084,2026-05-13 09:47:49.138,Timor Leste,Non Methane Volatile Organic Compounds
R6,E5,2025,41808.27784330912,2026-05-13 09:47:49.138,Cambodia,Non Methane Volatile Organic Compounds
R1,E7,2025,648104.0387162553,2026-05-13 09:47:49.138,Indonesia,Nitrogen Oxides
R11,E7,2025,412388.2807824803,2026-05-13 09:47:49.138,Thailand,Nitrogen Oxides
R12,E7,2025,58141.27998280451,2026-05-13 09:47:49.138,Myanmar,Nitrogen Oxides
R13,E7,2025,35214.1701931912,2026-05-13 09:47:49.138,Laos,Nitrogen Oxides
R14,E7,2025,497899.3408563094,2026-05-13 09:47:49.138,Vietnam,Nitrogen Oxides
R15,E7,2025,46255.008188295156,2026-05-13 09:47:49.138,Brunei,Nitrogen Oxides
R16,E7,2025,181769.9683714846,2026-05-13 09:47:49.138,Singapore,Nitrogen Oxides
R17,E7,2025,358774.2143473747,2026-05-13 09:47:49.138,Malaysia,Nitrogen Oxides
R19,E7,2025,335616.29026848165,2026-05-13 09:47:49.138,Philippines,Nitrogen Oxides
R20,E7,2025,1583.623834704382,2026-05-13 09:47:49.138,Timor Leste,Nitrogen Oxides
R6,E7,2025,29280.53402381079,2026-05-13 09:47:49.138,Cambodia,Nitrogen Oxides
R1,E8,2025,2892.806339284397,2026-05-13 09:47:49.138,Indonesia,Nitrous Oxide
R11,E8,2025,1059.9311784181527,2026-05-13 09:47:49.138,Thailand,Nitrous Oxide
R12,E8,2025,637.8193775356649,2026-05-13 09:47:49.138,Myanmar,Nitrous Oxide
R13,E8,2025,318.20572092598786,2026-05-13 09:47:49.138,Laos,Nitrous Oxide
R14,E8,2025,2043.6137557312727,2026-05-13 09:47:49.138,Vietnam,Nitrous Oxide
R15,E8,2025,25.91594679142083,2026-05-13 09:47:49.138,Brunei,Nitrous Oxide
R16,E8,2025,3937.678277657914,2026-05-13 09:47:49.138,Singapore,Nitrous Oxide
R17,E8,2025,971.1529904546918,2026-05-13 09:47:49.138,Malaysia,Nitrous Oxide
R19,E8,2025,1866.147928131555,2026-05-13 09:47:49.138,Philippines,Nitrous Oxide
R20,E8,2025,39.65567418229822,2026-05-13 09:47:49.138,Timor Leste,Nitrous Oxide
R6,E8,2025,169.30477077942106,2026-05-13 09:47:49.138,Cambodia,Nitrous Oxide
R1,E9,2025,57254.26312631895,2026-05-13 09:47:49.138,Indonesia,Particulates PM10
R11,E9,2025,61619.45399015714,2026-05-13 09:47:49.138,Thailand,Particulates PM10
R12,E9,2025,59603.18549032418,2026-05-13 09:47:49.138,Myanmar,Particulates PM10
R13,E9,2025,23519.068857276376,2026-05-13 09:47:49.138,Laos,Particulates PM10
R14,E9,2025,13689.996603836,2026-05-13 09:47:49.138,Vietnam,Particulates PM10
R15,E9,2025,3120.7176418435874,2026-05-13 09:47:49.138,Brunei,Particulates PM10
R16,E9,2025,12549.816218197457,2026-05-13 09:47:49.138,Singapore,Particulates PM10
R17,E9,2025,15557.921306940045,2026-05-13 09:47:49.138,Malaysia,Particulates PM10
R19,E9,2025,114798.84763870908,2026-05-13 09:47:49.138,Philippines,Particulates PM10
R20,E9,2025,4957.074632461428,2026-05-13 09:47:49.138,Timor Leste,Particulates PM10
R6,E9,2025,9704.124437649998,2026-05-13 09:47:49.138,Cambodia,Particulates PM10
R1,E1,2030,75428183.96215567,2026-05-13 09:47:49.138,Indonesia,Carbon Dioxide Biogenic
R11,E1,2030,15644.44348174687,2026-05-13 09:47:49.138,Thailand,Carbon Dioxide Biogenic
R12,E1,2030,28868603.49965167,2026-05-13 09:47:49.138,Myanmar,Carbon Dioxide Biogenic
R13,E1,2030,56732624.06279822,2026-05-13 09:47:49.138,Laos,Carbon Dioxide Biogenic
R14,E1,2030,10419721.836863717,2026-05-13 09:47:49.138,Vietnam,Carbon Dioxide Biogenic
R16,E1,2030,30950.07425828737,2026-05-13 09:47:49.138,Singapore,Carbon Dioxide Biogenic
R17,E1,2030,108807.6494378843,2026-05-13 09:47:49.138,Malaysia,Carbon Dioxide Biogenic
R19,E1,2030,299069111.9008472,2026-05-13 09:47:49.138,Philippines,Carbon Dioxide Biogenic
R20,E1,2030,14709560.868663833,2026-05-13 09:47:49.138,Timor Leste,Carbon Dioxide Biogenic
R6,E1,2030,169211.7871109145,2026-05-13 09:47:49.138,Cambodia,Carbon Dioxide Biogenic
R1,E13,2030,555564.1762363734,2026-05-13 09:47:49.138,Indonesia,Sulfur Dioxide
R11,E13,2030,257223.36020302883,2026-05-13 09:47:49.138,Thailand,Sulfur Dioxide
R12,E13,2030,5092.620217219055,2026-05-13 09:47:49.138,Myanmar,Sulfur Dioxide
R13,E13,2030,102972.68137065585,2026-05-13 09:47:49.138,Laos,Sulfur Dioxide
R14,E13,2030,536270.1388652371,2026-05-13 09:47:49.138,Vietnam,Sulfur Dioxide
R15,E13,2030,34033.53977340403,2026-05-13 09:47:49.138,Brunei,Sulfur Dioxide
R16,E13,2030,26192.949977783235,2026-05-13 09:47:49.138,Singapore,Sulfur Dioxide
R17,E13,2030,245537.86579555616,2026-05-13 09:47:49.138,Malaysia,Sulfur Dioxide
R19,E13,2030,316712.8931351083,2026-05-13 09:47:49.138,Philippines,Sulfur Dioxide
R20,E13,2030,785.9507889525096,2026-05-13 09:47:49.138,Timor Leste,Sulfur Dioxide
R6,E13,2030,20262.63556692238,2026-05-13 09:47:49.138,Cambodia,Sulfur Dioxide
R1,E15,2030,13033.098327215226,2026-05-13 09:47:49.138,Indonesia,Ammonia
R11,E15,2030,4973.13994134724,2026-05-13 09:47:49.138,Thailand,Ammonia
R12,E15,2030,3509.101460942337,2026-05-13 09:47:49.138,Myanmar,Ammonia
R13,E15,2030,2324.5152861725496,2026-05-13 09:47:49.138,Laos,Ammonia
R14,E15,2030,4457.792979395099,2026-05-13 09:47:49.138,Vietnam,Ammonia
R15,E15,2030,742.281778833284,2026-05-13 09:47:49.138,Brunei,Ammonia
R16,E15,2030,660.9254260213453,2026-05-13 09:47:49.138,Singapore,Ammonia
R17,E15,2030,4983.920315955511,2026-05-13 09:47:49.138,Malaysia,Ammonia
R19,E15,2030,10693.224931547693,2026-05-13 09:47:49.138,Philippines,Ammonia
R20,E15,2030,543.3412600049319,2026-05-13 09:47:49.138,Timor Leste,Ammonia
R6,E15,2030,85.91126643709492,2026-05-13 09:47:49.138,Cambodia,Ammonia
R1,E16,2030,30383.505716864896,2026-05-13 09:47:49.138,Indonesia,Particulates PM2pt5
R11,E16,2030,18516.476511583714,2026-05-13 09:47:49.138,Thailand,Particulates PM2pt5
R12,E16,2030,12445.88777759815,2026-05-13 09:47:49.138,Myanmar,Particulates PM2pt5
R13,E16,2030,15166.415202672562,2026-05-13 09:47:49.138,Laos,Particulates PM2pt5
R14,E16,2030,20261.81830078587,2026-05-13 09:47:49.138,Vietnam,Particulates PM2pt5
R15,E16,2030,2384.234189668534,2026-05-13 09:47:49.138,Brunei,Particulates PM2pt5
R16,E16,2030,11183.376041037582,2026-05-13 09:47:49.138,Singapore,Particulates PM2pt5
R17,E16,2030,9424.418304824105,2026-05-13 09:47:49.138,Malaysia,Particulates PM2pt5
R19,E16,2030,70802.53226975419,2026-05-13 09:47:49.138,Philippines,Particulates PM2pt5
R20,E16,2030,4076.0174424932607,2026-05-13 09:47:49.138,Timor Leste,Particulates PM2pt5
R6,E16,2030,334.92361824971596,2026-05-13 09:47:49.138,Cambodia,Particulates PM2pt5
R1,E18,2030,4780.234443074908,2026-05-13 09:47:49.138,Indonesia,Black Carbon
R11,E18,2030,1889.3361437455212,2026-05-13 09:47:49.138,Thailand,Black Carbon
R12,E18,2030,2738.92976400094,2026-05-13 09:47:49.138,Myanmar,Black Carbon
R13,E18,2030,2230.9882138501857,2026-05-13 09:47:49.138,Laos,Black Carbon
R14,E18,2030,1734.9272410288272,2026-05-13 09:47:49.138,Vietnam,Black Carbon
R15,E18,2030,132.28776430137222,2026-05-13 09:47:49.138,Brunei,Black Carbon
R16,E18,2030,1334.9747439658202,2026-05-13 09:47:49.138,Singapore,Black Carbon
R17,E18,2030,789.881535877169,2026-05-13 09:47:49.138,Malaysia,Black Carbon
R19,E18,2030,11605.874739201425,2026-05-13 09:47:49.138,Philippines,Black Carbon
R20,E18,2030,510.7022653386862,2026-05-13 09:47:49.138,Timor Leste,Black Carbon
R6,E18,2030,51.14552975392746,2026-05-13 09:47:49.138,Cambodia,Black Carbon
R1,E19,2030,11547.384137406892,2026-05-13 09:47:49.138,Indonesia,Organic Carbon
R11,E19,2030,4106.797809567843,2026-05-13 09:47:49.138,Thailand,Organic Carbon
R12,E19,2030,5936.308961226459,2026-05-13 09:47:49.138,Myanmar,Organic Carbon
R13,E19,2030,6612.339594171958,2026-05-13 09:47:49.138,Laos,Organic Carbon
R14,E19,2030,2262.829481616554,2026-05-13 09:47:49.138,Vietnam,Organic Carbon
R15,E19,2030,0.4346935797181605,2026-05-13 09:47:49.138,Brunei,Organic Carbon
R16,E19,2030,3889.958607625566,2026-05-13 09:47:49.138,Singapore,Organic Carbon
R17,E19,2030,301.09952035458286,2026-05-13 09:47:49.138,Malaysia,Organic Carbon
R19,E19,2030,29739.751940627695,2026-05-13 09:47:49.138,Philippines,Organic Carbon
R20,E19,2030,1771.732219578748,2026-05-13 09:47:49.138,Timor Leste,Organic Carbon
R6,E19,2030,82.53281746684594,2026-05-13 09:47:49.138,Cambodia,Organic Carbon
R1,E2,2030,287116075.8792645,2026-05-13 09:47:49.138,Indonesia,Carbon Dioxide
R11,E2,2030,171489839.579176,2026-05-13 09:47:49.138,Thailand,Carbon Dioxide
R12,E2,2030,33358423.882554837,2026-05-13 09:47:49.138,Myanmar,Carbon Dioxide
R13,E2,2030,15086356.907739138,2026-05-13 09:47:49.138,Laos,Carbon Dioxide
R14,E2,2030,183660792.2755701,2026-05-13 09:47:49.138,Vietnam,Carbon Dioxide
R15,E2,2030,30428317.192253545,2026-05-13 09:47:49.138,Brunei,Carbon Dioxide
R16,E2,2030,174736890.1183967,2026-05-13 09:47:49.138,Singapore,Carbon Dioxide
R17,E2,2030,198624037.49519795,2026-05-13 09:47:49.138,Malaysia,Carbon Dioxide
R19,E2,2030,82996613.34907646,2026-05-13 09:47:49.138,Philippines,Carbon Dioxide
R20,E2,2030,338026.5715378993,2026-05-13 09:47:49.138,Timor Leste,Carbon Dioxide
R6,E2,2030,8815726.000429327,2026-05-13 09:47:49.138,Cambodia,Carbon Dioxide
R1,E3,2030,374987.11935456714,2026-05-13 09:47:49.138,Indonesia,Carbon Monoxide
R11,E3,2030,101337.73191330564,2026-05-13 09:47:49.138,Thailand,Carbon Monoxide
R12,E3,2030,124010.56126164661,2026-05-13 09:47:49.138,Myanmar,Carbon Monoxide
R13,E3,2030,184166.50227972958,2026-05-13 09:47:49.138,Laos,Carbon Monoxide
R14,E3,2030,86488.97932672784,2026-05-13 09:47:49.138,Vietnam,Carbon Monoxide
R15,E3,2030,15138.137417039587,2026-05-13 09:47:49.138,Brunei,Carbon Monoxide
R16,E3,2030,23384.650466324892,2026-05-13 09:47:49.138,Singapore,Carbon Monoxide
R17,E3,2030,107905.21089532571,2026-05-13 09:47:49.138,Malaysia,Carbon Monoxide
R19,E3,2030,1075695.479648846,2026-05-13 09:47:49.138,Philippines,Carbon Monoxide
R20,E3,2030,47278.41283539449,2026-05-13 09:47:49.138,Timor Leste,Carbon Monoxide
R6,E3,2030,3805.9999924375943,2026-05-13 09:47:49.138,Cambodia,Carbon Monoxide
R1,E4,2030,365637.4022081707,2026-05-13 09:47:49.138,Indonesia,Methane (Combustion and Biogenic)
R11,E4,2030,103059.2927124179,2026-05-13 09:47:49.138,Thailand,Methane (Combustion and Biogenic)
R12,E4,2030,119774.42021800039,2026-05-13 09:47:49.138,Myanmar,Methane (Combustion and Biogenic)
R13,E4,2030,23660.336115009555,2026-05-13 09:47:49.138,Laos,Methane (Combustion and Biogenic)
R14,E4,2030,129736.85621771672,2026-05-13 09:47:49.138,Vietnam,Methane (Combustion and Biogenic)
R15,E4,2030,38591.655895090575,2026-05-13 09:47:49.138,Brunei,Methane (Combustion and Biogenic)
R16,E4,2030,112764.27555263997,2026-05-13 09:47:49.138,Singapore,Methane (Combustion and Biogenic)
R17,E4,2030,256560.53931579608,2026-05-13 09:47:49.138,Malaysia,Methane (Combustion and Biogenic)
R19,E4,2030,62001.749776171426,2026-05-13 09:47:49.138,Philippines,Methane (Combustion and Biogenic)
R20,E4,2030,3010.899976516822,2026-05-13 09:47:49.138,Timor Leste,Methane (Combustion and Biogenic)
R6,E4,2030,8729.0893765275,2026-05-13 09:47:49.138,Cambodia,Methane (Combustion and Biogenic)
R16,E407,2030,-19841.03162407385,2026-05-13 09:47:49.138,Singapore,Sequestered Carbon Dioxide
R1,E5,2030,567808.6995413548,2026-05-13 09:47:49.138,Indonesia,Non Methane Volatile Organic Compounds
R11,E5,2030,105217.52008778817,2026-05-13 09:47:49.138,Thailand,Non Methane Volatile Organic Compounds
R12,E5,2030,63016.54448835412,2026-05-13 09:47:49.138,Myanmar,Non Methane Volatile Organic Compounds
R13,E5,2030,63013.87383207722,2026-05-13 09:47:49.138,Laos,Non Methane Volatile Organic Compounds
R14,E5,2030,146478.94489201446,2026-05-13 09:47:49.138,Vietnam,Non Methane Volatile Organic Compounds
R15,E5,2030,25953.975459787718,2026-05-13 09:47:49.138,Brunei,Non Methane Volatile Organic Compounds
R16,E5,2030,148065.6542183769,2026-05-13 09:47:49.138,Singapore,Non Methane Volatile Organic Compounds
R17,E5,2030,155844.8169374874,2026-05-13 09:47:49.138,Malaysia,Non Methane Volatile Organic Compounds
R19,E5,2030,308917.5058800239,2026-05-13 09:47:49.138,Philippines,Non Methane Volatile Organic Compounds
R20,E5,2030,17776.913611403364,2026-05-13 09:47:49.138,Timor Leste,Non Methane Volatile Organic Compounds
R6,E5,2030,14703.007561601256,2026-05-13 09:47:49.138,Cambodia,Non Methane Volatile Organic Compounds
R1,E7,2030,513790.6545873984,2026-05-13 09:47:49.138,Indonesia,Nitrogen Oxides
R11,E7,2030,415818.3472547742,2026-05-13 09:47:49.138,Thailand,Nitrogen Oxides
R12,E7,2030,45160.45508378146,2026-05-13 09:47:49.138,Myanmar,Nitrogen Oxides
R13,E7,2030,44400.90859423009,2026-05-13 09:47:49.138,Laos,Nitrogen Oxides
R14,E7,2030,523126.4643383752,2026-05-13 09:47:49.138,Vietnam,Nitrogen Oxides
R15,E7,2030,43186.245502034355,2026-05-13 09:47:49.138,Brunei,Nitrogen Oxides
R16,E7,2030,182867.31844476488,2026-05-13 09:47:49.138,Singapore,Nitrogen Oxides
R17,E7,2030,278671.13580937986,2026-05-13 09:47:49.138,Malaysia,Nitrogen Oxides
R19,E7,2030,313489.8666367768,2026-05-13 09:47:49.138,Philippines,Nitrogen Oxides
R20,E7,2030,1618.5199638497395,2026-05-13 09:47:49.138,Timor Leste,Nitrogen Oxides
R6,E7,2030,23853.01448196757,2026-05-13 09:47:49.138,Cambodia,Nitrogen Oxides
R1,E8,2030,2107.2815495936134,2026-05-13 09:47:49.138,Indonesia,Nitrous Oxide
R11,E8,2030,729.1794172417459,2026-05-13 09:47:49.138,Thailand,Nitrous Oxide
R12,E8,2030,275.58558458241146,2026-05-13 09:47:49.138,Myanmar,Nitrous Oxide
R13,E8,2030,330.3753955071477,2026-05-13 09:47:49.138,Laos,Nitrous Oxide
R14,E8,2030,2045.1081909538548,2026-05-13 09:47:49.138,Vietnam,Nitrous Oxide
R15,E8,2030,18.244590085947575,2026-05-13 09:47:49.138,Brunei,Nitrous Oxide
R16,E8,2030,3964.5893652814534,2026-05-13 09:47:49.138,Singapore,Nitrous Oxide
R17,E8,2030,420.10399967383483,2026-05-13 09:47:49.138,Malaysia,Nitrous Oxide
R19,E8,2030,1605.3788805845038,2026-05-13 09:47:49.138,Philippines,Nitrous Oxide
R20,E8,2030,40.7105479762623,2026-05-13 09:47:49.138,Timor Leste,Nitrous Oxide
R6,E8,2030,79.06310659680723,2026-05-13 09:47:49.138,Cambodia,Nitrous Oxide
R1,E9,2030,36394.63551411585,2026-05-13 09:47:49.138,Indonesia,Particulates PM10
R11,E9,2030,21546.285997188817,2026-05-13 09:47:49.138,Thailand,Particulates PM10
R12,E9,2030,13870.837490265392,2026-05-13 09:47:49.138,Myanmar,Particulates PM10
R13,E9,2030,18624.41557788468,2026-05-13 09:47:49.138,Laos,Particulates PM10
R14,E9,2030,23384.019787545898,2026-05-13 09:47:49.138,Vietnam,Particulates PM10
R15,E9,2030,3104.897867462515,2026-05-13 09:47:49.138,Brunei,Particulates PM10
R16,E9,2030,12572.932344546767,2026-05-13 09:47:49.138,Singapore,Particulates PM10
R17,E9,2030,12461.62555941429,2026-05-13 09:47:49.138,Malaysia,Particulates PM10
R19,E9,2030,85356.45618184599,2026-05-13 09:47:49.138,Philippines,Particulates PM10
R20,E9,2030,5103.849212228958,2026-05-13 09:47:49.138,Timor Leste,Particulates PM10
R6,E9,2030,371.8960030031939,2026-05-13 09:47:49.138,Cambodia,Particulates PM10
R1,E1,2035,6388198.889664607,2026-05-13 09:47:49.138,Indonesia,Carbon Dioxide Biogenic
R11,E1,2035,1787937.383564566,2026-05-13 09:47:49.138,Thailand,Carbon Dioxide Biogenic
R12,E1,2035,5078028.176642511,2026-05-13 09:47:49.138,Myanmar,Carbon Dioxide Biogenic
R13,E1,2035,45557032.88916659,2026-05-13 09:47:49.138,Laos,Carbon Dioxide Biogenic
R14,E1,2035,32515149.35494843,2026-05-13 09:47:49.138,Vietnam,Carbon Dioxide Biogenic
R16,E1,2035,68210.30527592267,2026-05-13 09:47:49.138,Singapore,Carbon Dioxide Biogenic
R17,E1,2035,132270.23266666703,2026-05-13 09:47:49.138,Malaysia,Carbon Dioxide Biogenic
R19,E1,2035,150669022.05432376,2026-05-13 09:47:49.138,Philippines,Carbon Dioxide Biogenic
R20,E1,2035,14881590.845282087,2026-05-13 09:47:49.138,Timor Leste,Carbon Dioxide Biogenic
R6,E1,2035,241616.5474729906,2026-05-13 09:47:49.138,Cambodia,Carbon Dioxide Biogenic
R1,E13,2035,516972.314178856,2026-05-13 09:47:49.138,Indonesia,Sulfur Dioxide
R11,E13,2035,311199.7675406869,2026-05-13 09:47:49.138,Thailand,Sulfur Dioxide
R12,E13,2035,6126.215756594035,2026-05-13 09:47:49.138,Myanmar,Sulfur Dioxide
R13,E13,2035,96762.59809077479,2026-05-13 09:47:49.138,Laos,Sulfur Dioxide
R14,E13,2035,449403.4004895334,2026-05-13 09:47:49.138,Vietnam,Sulfur Dioxide
R15,E13,2035,32844.045295350144,2026-05-13 09:47:49.138,Brunei,Sulfur Dioxide
R16,E13,2035,27607.53356555292,2026-05-13 09:47:49.138,Singapore,Sulfur Dioxide
R17,E13,2035,196514.83027084975,2026-05-13 09:47:49.138,Malaysia,Sulfur Dioxide
R19,E13,2035,314825.5623442373,2026-05-13 09:47:49.138,Philippines,Sulfur Dioxide
R20,E13,2035,794.3816295702003,2026-05-13 09:47:49.138,Timor Leste,Sulfur Dioxide
R6,E13,2035,20613.687187554006,2026-05-13 09:47:49.138,Cambodia,Sulfur Dioxide
R1,E15,2035,14096.059345372021,2026-05-13 09:47:49.138,Indonesia,Ammonia
R11,E15,2035,5792.838610462492,2026-05-13 09:47:49.138,Thailand,Ammonia
R12,E15,2035,2626.447955847092,2026-05-13 09:47:49.138,Myanmar,Ammonia
R13,E15,2035,1926.6210085008338,2026-05-13 09:47:49.138,Laos,Ammonia
R14,E15,2035,5201.054078123105,2026-05-13 09:47:49.138,Vietnam,Ammonia
R15,E15,2035,738.5568581954691,2026-05-13 09:47:49.138,Brunei,Ammonia
R16,E15,2035,745.5542466740987,2026-05-13 09:47:49.138,Singapore,Ammonia
R17,E15,2035,5425.50701949279,2026-05-13 09:47:49.138,Malaysia,Ammonia
R19,E15,2035,6694.629322968465,2026-05-13 09:47:49.138,Philippines,Ammonia
R20,E15,2035,549.7137331148684,2026-05-13 09:47:49.138,Timor Leste,Ammonia
R6,E15,2035,84.68289579420474,2026-05-13 09:47:49.138,Cambodia,Ammonia
R1,E16,2035,17158.081809223208,2026-05-13 09:47:49.138,Indonesia,Particulates PM2pt5
R11,E16,2035,24625.32315280908,2026-05-13 09:47:49.138,Thailand,Particulates PM2pt5
R12,E16,2035,6489.703346385588,2026-05-13 09:47:49.138,Myanmar,Particulates PM2pt5
R13,E16,2035,12255.760756944337,2026-05-13 09:47:49.138,Laos,Particulates PM2pt5
R14,E16,2035,43664.43334963659,2026-05-13 09:47:49.138,Vietnam,Particulates PM2pt5
R15,E16,2035,2381.265150274387,2026-05-13 09:47:49.138,Brunei,Particulates PM2pt5
R16,E16,2035,11125.308101217235,2026-05-13 09:47:49.138,Singapore,Particulates PM2pt5
R17,E16,2035,9195.48471110308,2026-05-13 09:47:49.138,Malaysia,Particulates PM2pt5
R19,E16,2035,43906.22839659313,2026-05-13 09:47:49.138,Philippines,Particulates PM2pt5
R20,E16,2035,4123.64637676773,2026-05-13 09:47:49.138,Timor Leste,Particulates PM2pt5
R6,E16,2035,472.07044723512564,2026-05-13 09:47:49.138,Cambodia,Particulates PM2pt5
R1,E18,2035,2869.0527859883823,2026-05-13 09:47:49.138,Indonesia,Black Carbon
R11,E18,2035,2291.0490899828715,2026-05-13 09:47:49.138,Thailand,Black Carbon
R12,E18,2035,1815.5143936416416,2026-05-13 09:47:49.138,Myanmar,Black Carbon
R13,E18,2035,1842.6702911761552,2026-05-13 09:47:49.138,Laos,Black Carbon
R14,E18,2035,2137.5944546836968,2026-05-13 09:47:49.138,Vietnam,Black Carbon
R15,E18,2035,132.29027218049316,2026-05-13 09:47:49.138,Brunei,Black Carbon
R16,E18,2035,1344.1696239543744,2026-05-13 09:47:49.138,Singapore,Black Carbon
R17,E18,2035,750.8895447549286,2026-05-13 09:47:49.138,Malaysia,Black Carbon
R19,E18,2035,7847.6412814442565,2026-05-13 09:47:49.138,Philippines,Black Carbon
R20,E18,2035,516.6362170601328,2026-05-13 09:47:49.138,Timor Leste,Black Carbon
R6,E18,2035,58.477517419940796,2026-05-13 09:47:49.138,Cambodia,Black Carbon
R1,E19,2035,3646.746294492832,2026-05-13 09:47:49.138,Indonesia,Organic Carbon
R11,E19,2035,4967.062227420144,2026-05-13 09:47:49.138,Thailand,Organic Carbon
R12,E19,2035,3290.1821910171557,2026-05-13 09:47:49.138,Myanmar,Organic Carbon
R13,E19,2035,5320.910169914894,2026-05-13 09:47:49.138,Laos,Organic Carbon
R14,E19,2035,2851.090904175119,2026-05-13 09:47:49.138,Vietnam,Organic Carbon
R15,E19,2035,0.38219965857827826,2026-05-13 09:47:49.138,Brunei,Organic Carbon
R16,E19,2035,3903.406995569936,2026-05-13 09:47:49.138,Singapore,Organic Carbon
R17,E19,2035,279.1156279871274,2026-05-13 09:47:49.138,Malaysia,Organic Carbon
R19,E19,2035,17928.7448755765,2026-05-13 09:47:49.138,Philippines,Organic Carbon
R20,E19,2035,1792.4532464908762,2026-05-13 09:47:49.138,Timor Leste,Organic Carbon
R6,E19,2035,93.90475493153149,2026-05-13 09:47:49.138,Cambodia,Organic Carbon
R1,E2,2035,312200901.0565335,2026-05-13 09:47:49.138,Indonesia,Carbon Dioxide
R11,E2,2035,187907199.75373092,2026-05-13 09:47:49.138,Thailand,Carbon Dioxide
R12,E2,2035,34939227.42906698,2026-05-13 09:47:49.138,Myanmar,Carbon Dioxide
R13,E2,2035,14601645.578916822,2026-05-13 09:47:49.138,Laos,Carbon Dioxide
R14,E2,2035,174907734.73126245,2026-05-13 09:47:49.138,Vietnam,Carbon Dioxide
R15,E2,2035,30112718.292480066,2026-05-13 09:47:49.138,Brunei,Carbon Dioxide
R16,E2,2035,174997935.36721557,2026-05-13 09:47:49.138,Singapore,Carbon Dioxide
R17,E2,2035,201731058.39173076,2026-05-13 09:47:49.138,Malaysia,Carbon Dioxide
R19,E2,2035,85434930.2843142,2026-05-13 09:47:49.138,Philippines,Carbon Dioxide
R20,E2,2035,343545.4682504352,2026-05-13 09:47:49.138,Timor Leste,Carbon Dioxide
R6,E2,2035,8777933.564591778,2026-05-13 09:47:49.138,Cambodia,Carbon Dioxide
R1,E3,2035,167558.51770116668,2026-05-13 09:47:49.138,Indonesia,Carbon Monoxide
R11,E3,2035,112209.45590702836,2026-05-13 09:47:49.138,Thailand,Carbon Monoxide
R12,E3,2035,49810.178801026515,2026-05-13 09:47:49.138,Myanmar,Carbon Monoxide
R13,E3,2035,148606.0291629723,2026-05-13 09:47:49.138,Laos,Carbon Monoxide
R14,E3,2035,111772.1789752275,2026-05-13 09:47:49.138,Vietnam,Carbon Monoxide
R15,E3,2035,15007.335059197865,2026-05-13 09:47:49.138,Brunei,Carbon Monoxide
R16,E3,2035,25332.88844723923,2026-05-13 09:47:49.138,Singapore,Carbon Monoxide
R17,E3,2035,111915.67022628631,2026-05-13 09:47:49.138,Malaysia,Carbon Monoxide
R19,E3,2035,658664.4371062939,2026-05-13 09:47:49.138,Philippines,Carbon Monoxide
R20,E3,2035,47832.18969860902,2026-05-13 09:47:49.138,Timor Leste,Carbon Monoxide
R6,E3,2035,3929.929727270297,2026-05-13 09:47:49.138,Cambodia,Carbon Monoxide
R1,E4,2035,658889.1600284412,2026-05-13 09:47:49.138,Indonesia,Methane (Combustion and Biogenic)
R11,E4,2035,197194.1660371744,2026-05-13 09:47:49.138,Thailand,Methane (Combustion and Biogenic)
R12,E4,2035,161743.09187504495,2026-05-13 09:47:49.138,Myanmar,Methane (Combustion and Biogenic)
R13,E4,2035,30091.37890482898,2026-05-13 09:47:49.138,Laos,Methane (Combustion and Biogenic)
R14,E4,2035,207867.1913605376,2026-05-13 09:47:49.138,Vietnam,Methane (Combustion and Biogenic)
R15,E4,2035,73891.52604892608,2026-05-13 09:47:49.138,Brunei,Methane (Combustion and Biogenic)
R16,E4,2035,218759.57713317598,2026-05-13 09:47:49.138,Singapore,Methane (Combustion and Biogenic)
R17,E4,2035,484002.08495290496,2026-05-13 09:47:49.138,Malaysia,Methane (Combustion and Biogenic)
R19,E4,2035,41958.33370785551,2026-05-13 09:47:49.138,Philippines,Methane (Combustion and Biogenic)
R20,E4,2035,3051.5582884116147,2026-05-13 09:47:49.138,Timor Leste,Methane (Combustion and Biogenic)
R6,E4,2035,10297.02537167507,2026-05-13 09:47:49.138,Cambodia,Methane (Combustion and Biogenic)
R16,E407,2035,-35508.756154195195,2026-05-13 09:47:49.138,Singapore,Sequestered Carbon Dioxide
R1,E5,2035,647435.5726029107,2026-05-13 09:47:49.138,Indonesia,Non Methane Volatile Organic Compounds
R11,E5,2035,153860.36290446523,2026-05-13 09:47:49.138,Thailand,Non Methane Volatile Organic Compounds
R12,E5,2035,63336.924405537946,2026-05-13 09:47:49.138,Myanmar,Non Methane Volatile Organic Compounds
R13,E5,2035,51697.109552677066,2026-05-13 09:47:49.138,Laos,Non Methane Volatile Organic Compounds
R14,E5,2035,181630.12835183094,2026-05-13 09:47:49.138,Vietnam,Non Methane Volatile Organic Compounds
R15,E5,2035,47667.5518790524,2026-05-13 09:47:49.138,Brunei,Non Methane Volatile Organic Compounds
R16,E5,2035,288811.3634375277,2026-05-13 09:47:49.138,Singapore,Non Methane Volatile Organic Compounds
R17,E5,2035,265104.5995550809,2026-05-13 09:47:49.138,Malaysia,Non Methane Volatile Organic Compounds
R19,E5,2035,221073.65364027355,2026-05-13 09:47:49.138,Philippines,Non Methane Volatile Organic Compounds
R20,E5,2035,19952.744424648718,2026-05-13 09:47:49.138,Timor Leste,Non Methane Volatile Organic Compounds
R6,E5,2035,18946.982337673806,2026-05-13 09:47:49.138,Cambodia,Non Methane Volatile Organic Compounds
R1,E7,2035,522253.356021104,2026-05-13 09:47:49.138,Indonesia,Nitrogen Oxides
R11,E7,2035,478070.15572250047,2026-05-13 09:47:49.138,Thailand,Nitrogen Oxides
R12,E7,2035,45207.03228178212,2026-05-13 09:47:49.138,Myanmar,Nitrogen Oxides
R13,E7,2035,41553.66273838301,2026-05-13 09:47:49.138,Laos,Nitrogen Oxides
R14,E7,2035,532290.0727542103,2026-05-13 09:47:49.138,Vietnam,Nitrogen Oxides
R15,E7,2035,42251.65733484487,2026-05-13 09:47:49.138,Brunei,Nitrogen Oxides
R16,E7,2035,188294.48580456432,2026-05-13 09:47:49.138,Singapore,Nitrogen Oxides
R17,E7,2035,274894.54706575675,2026-05-13 09:47:49.138,Malaysia,Nitrogen Oxides
R19,E7,2035,330999.0476135934,2026-05-13 09:47:49.138,Philippines,Nitrogen Oxides
R20,E7,2035,1639.1789801032453,2026-05-13 09:47:49.138,Timor Leste,Nitrogen Oxides
R6,E7,2035,24946.50585680832,2026-05-13 09:47:49.138,Cambodia,Nitrogen Oxides
R1,E8,2035,2185.926112525711,2026-05-13 09:47:49.138,Indonesia,Nitrous Oxide
R11,E8,2035,941.8825479445948,2026-05-13 09:47:49.138,Thailand,Nitrous Oxide
R12,E8,2035,211.1711790170911,2026-05-13 09:47:49.138,Myanmar,Nitrous Oxide
R13,E8,2035,291.42076848098736,2026-05-13 09:47:49.138,Laos,Nitrous Oxide
R14,E8,2035,2862.194563051847,2026-05-13 09:47:49.138,Vietnam,Nitrous Oxide
R15,E8,2035,15.0832008999159,2026-05-13 09:47:49.138,Brunei,Nitrous Oxide
R16,E8,2035,3997.270810099421,2026-05-13 09:47:49.138,Singapore,Nitrous Oxide
R17,E8,2035,369.717238453748,2026-05-13 09:47:49.138,Malaysia,Nitrous Oxide
R19,E8,2035,1413.8058545444867,2026-05-13 09:47:49.138,Philippines,Nitrous Oxide
R20,E8,2035,41.18530008191797,2026-05-13 09:47:49.138,Timor Leste,Nitrous Oxide
R6,E8,2035,85.484288563333,2026-05-13 09:47:49.138,Cambodia,Nitrous Oxide
R1,E9,2035,18964.830915916526,2026-05-13 09:47:49.138,Indonesia,Particulates PM10
R11,E9,2035,28681.801670205852,2026-05-13 09:47:49.138,Thailand,Particulates PM10
R12,E9,2035,6634.557771648833,2026-05-13 09:47:49.138,Myanmar,Particulates PM10
R13,E9,2035,15010.45431711588,2026-05-13 09:47:49.138,Laos,Particulates PM10
R14,E9,2035,50567.2161438182,2026-05-13 09:47:49.138,Vietnam,Particulates PM10
R15,E9,2035,3101.927758138594,2026-05-13 09:47:49.138,Brunei,Particulates PM10
R16,E9,2035,12514.774371179563,2026-05-13 09:47:49.138,Singapore,Particulates PM10
R17,E9,2035,12014.276124434085,2026-05-13 09:47:49.138,Malaysia,Particulates PM10
R19,E9,2035,51573.97700180928,2026-05-13 09:47:49.138,Philippines,Particulates PM10
R20,E9,2035,5163.488529442426,2026-05-13 09:47:49.138,Timor Leste,Particulates PM10
R6,E9,2035,529.3875980120353,2026-05-13 09:47:49.138,Cambodia,Particulates PM10
R1,E1,2040,10310351.809750017,2026-05-13 09:47:49.138,Indonesia,Carbon Dioxide Biogenic
R11,E1,2040,48376118.0081746,2026-05-13 09:47:49.138,Thailand,Carbon Dioxide Biogenic
R12,E1,2040,4256593.343884019,2026-05-13 09:47:49.138,Myanmar,Carbon Dioxide Biogenic
R13,E1,2040,34352929.90078025,2026-05-13 09:47:49.138,Laos,Carbon Dioxide Biogenic
R14,E1,2040,33741595.946193874,2026-05-13 09:47:49.138,Vietnam,Carbon Dioxide Biogenic
R16,E1,2040,82257.98059984244,2026-05-13 09:47:49.138,Singapore,Carbon Dioxide Biogenic
R17,E1,2040,135967.83134611117,2026-05-13 09:47:49.138,Malaysia,Carbon Dioxide Biogenic
R19,E1,2040,3557597.833495916,2026-05-13 09:47:49.138,Philippines,Carbon Dioxide Biogenic
R20,E1,2040,14669713.873810615,2026-05-13 09:47:49.138,Timor Leste,Carbon Dioxide Biogenic
R6,E1,2040,334093.86343947187,2026-05-13 09:47:49.138,Cambodia,Carbon Dioxide Biogenic
R1,E13,2040,455188.3617549566,2026-05-13 09:47:49.138,Indonesia,Sulfur Dioxide
R11,E13,2040,442143.38936728146,2026-05-13 09:47:49.138,Thailand,Sulfur Dioxide
R12,E13,2040,10071.631593390553,2026-05-13 09:47:49.138,Myanmar,Sulfur Dioxide
R13,E13,2040,84684.68629847874,2026-05-13 09:47:49.138,Laos,Sulfur Dioxide
R14,E13,2040,351235.5706932683,2026-05-13 09:47:49.138,Vietnam,Sulfur Dioxide
R15,E13,2040,32446.344355455203,2026-05-13 09:47:49.138,Brunei,Sulfur Dioxide
R16,E13,2040,29055.69380068385,2026-05-13 09:47:49.138,Singapore,Sulfur Dioxide
R17,E13,2040,185757.93545739693,2026-05-13 09:47:49.138,Malaysia,Sulfur Dioxide
R19,E13,2040,228800.81163113346,2026-05-13 09:47:49.138,Philippines,Sulfur Dioxide
R20,E13,2040,850.9544325333861,2026-05-13 09:47:49.138,Timor Leste,Sulfur Dioxide
R6,E13,2040,19042.87563217061,2026-05-13 09:47:49.138,Cambodia,Sulfur Dioxide
R1,E15,2040,19030.72225990213,2026-05-13 09:47:49.138,Indonesia,Ammonia
R11,E15,2040,6914.387602683822,2026-05-13 09:47:49.138,Thailand,Ammonia
R12,E15,2040,2431.218175049964,2026-05-13 09:47:49.138,Myanmar,Ammonia
R13,E15,2040,1531.562422155145,2026-05-13 09:47:49.138,Laos,Ammonia
R14,E15,2040,5960.415992836372,2026-05-13 09:47:49.138,Vietnam,Ammonia
R15,E15,2040,737.0601508439963,2026-05-13 09:47:49.138,Brunei,Ammonia
R16,E15,2040,810.15993411266,2026-05-13 09:47:49.138,Singapore,Ammonia
R17,E15,2040,6030.393248753661,2026-05-13 09:47:49.138,Malaysia,Ammonia
R19,E15,2040,3034.7598520213965,2026-05-13 09:47:49.138,Philippines,Ammonia
R20,E15,2040,542.7849418295187,2026-05-13 09:47:49.138,Timor Leste,Ammonia
R6,E15,2040,84.07578541414512,2026-05-13 09:47:49.138,Cambodia,Ammonia
R1,E16,2040,23369.3703709907,2026-05-13 09:47:49.138,Indonesia,Particulates PM2pt5
R11,E16,2040,48936.09233177484,2026-05-13 09:47:49.138,Thailand,Particulates PM2pt5
R12,E16,2040,5507.105602209029,2026-05-13 09:47:49.138,Myanmar,Particulates PM2pt5
R13,E16,2040,9381.373420632272,2026-05-13 09:47:49.138,Laos,Particulates PM2pt5
R14,E16,2040,45075.992050141846,2026-05-13 09:47:49.138,Vietnam,Particulates PM2pt5
R15,E16,2040,2380.055948880916,2026-05-13 09:47:49.138,Brunei,Particulates PM2pt5
R16,E16,2040,11176.207502014147,2026-05-13 09:47:49.138,Singapore,Particulates PM2pt5
R17,E16,2040,9017.054429776721,2026-05-13 09:47:49.138,Malaysia,Particulates PM2pt5
R19,E16,2040,19196.626900231426,2026-05-13 09:47:49.138,Philippines,Particulates PM2pt5
R20,E16,2040,4065.2280851045793,2026-05-13 09:47:49.138,Timor Leste,Particulates PM2pt5
R6,E16,2040,643.1892071407319,2026-05-13 09:47:49.138,Cambodia,Particulates PM2pt5
R1,E18,2040,3566.255707359523,2026-05-13 09:47:49.138,Indonesia,Black Carbon
R11,E18,2040,2743.8459625913865,2026-05-13 09:47:49.138,Thailand,Black Carbon
R12,E18,2040,1534.7606179026945,2026-05-13 09:47:49.138,Myanmar,Black Carbon
R13,E18,2040,1455.8981642697956,2026-05-13 09:47:49.138,Laos,Black Carbon
R14,E18,2040,2609.663527857741,2026-05-13 09:47:49.138,Vietnam,Black Carbon
R15,E18,2040,132.28964292560323,2026-05-13 09:47:49.138,Brunei,Black Carbon
R16,E18,2040,1354.0963250820637,2026-05-13 09:47:49.138,Singapore,Black Carbon
R17,E18,2040,684.8361666199875,2026-05-13 09:47:49.138,Malaysia,Black Carbon
R19,E18,2040,4288.807559017637,2026-05-13 09:47:49.138,Philippines,Black Carbon
R20,E18,2040,509.2744563767572,2026-05-13 09:47:49.138,Timor Leste,Black Carbon
R6,E18,2040,66.9807534748748,2026-05-13 09:47:49.138,Cambodia,Black Carbon
R1,E19,2040,4879.844958231932,2026-05-13 09:47:49.138,Indonesia,Organic Carbon
R11,E19,2040,5938.3064768858385,2026-05-13 09:47:49.138,Thailand,Organic Carbon
R12,E19,2040,2768.0081112227776,2026-05-13 09:47:49.138,Myanmar,Organic Carbon
R13,E19,2040,4037.1170173102087,2026-05-13 09:47:49.138,Laos,Organic Carbon
R14,E19,2040,3547.4302977166362,2026-05-13 09:47:49.138,Vietnam,Organic Carbon
R15,E19,2040,0.3358017926257994,2026-05-13 09:47:49.138,Brunei,Organic Carbon
R16,E19,2040,3917.9307291002933,2026-05-13 09:47:49.138,Singapore,Organic Carbon
R17,E19,2040,237.51267177984153,2026-05-13 09:47:49.138,Malaysia,Organic Carbon
R19,E19,2040,7025.8843561838685,2026-05-13 09:47:49.138,Philippines,Organic Carbon
R20,E19,2040,1766.934000706135,2026-05-13 09:47:49.138,Timor Leste,Organic Carbon
R6,E19,2040,107.08805472709957,2026-05-13 09:47:49.138,Cambodia,Organic Carbon
R1,E2,2040,336717767.8423123,2026-05-13 09:47:49.138,Indonesia,Carbon Dioxide
R11,E2,2040,223973125.60359457,2026-05-13 09:47:49.138,Thailand,Carbon Dioxide
R12,E2,2040,37645557.309192404,2026-05-13 09:47:49.138,Myanmar,Carbon Dioxide
R13,E2,2040,13476877.86883692,2026-05-13 09:47:49.138,Laos,Carbon Dioxide
R14,E2,2040,165061324.96225888,2026-05-13 09:47:49.138,Vietnam,Carbon Dioxide
R15,E2,2040,29971297.70285951,2026-05-13 09:47:49.138,Brunei,Carbon Dioxide
R16,E2,2040,178378573.36975467,2026-05-13 09:47:49.138,Singapore,Carbon Dioxide
R17,E2,2040,212143691.29556635,2026-05-13 09:47:49.138,Malaysia,Carbon Dioxide
R19,E2,2040,79559905.74528293,2026-05-13 09:47:49.138,Philippines,Carbon Dioxide
R20,E2,2040,368539.05328242824,2026-05-13 09:47:49.138,Timor Leste,Carbon Dioxide
R6,E2,2040,8399967.700113853,2026-05-13 09:47:49.138,Cambodia,Carbon Dioxide
R1,E3,2040,201244.06810707532,2026-05-13 09:47:49.138,Indonesia,Carbon Monoxide
R11,E3,2040,142969.32774096128,2026-05-13 09:47:49.138,Thailand,Carbon Monoxide
R12,E3,2040,47246.72906178406,2026-05-13 09:47:49.138,Myanmar,Carbon Monoxide
R13,E3,2040,112958.1527798952,2026-05-13 09:47:49.138,Laos,Carbon Monoxide
R14,E3,2040,117196.4663261386,2026-05-13 09:47:49.138,Vietnam,Carbon Monoxide
R15,E3,2040,14953.68892400408,2026-05-13 09:47:49.138,Brunei,Carbon Monoxide
R16,E3,2040,26803.435742063804,2026-05-13 09:47:49.138,Singapore,Carbon Monoxide
R17,E3,2040,118559.62792522703,2026-05-13 09:47:49.138,Malaysia,Carbon Monoxide
R19,E3,2040,256088.54028158766,2026-05-13 09:47:49.138,Philippines,Carbon Monoxide
R20,E3,2040,47158.476347936616,2026-05-13 09:47:49.138,Timor Leste,Carbon Monoxide
R6,E3,2040,4070.9054682148762,2026-05-13 09:47:49.138,Cambodia,Carbon Monoxide
R1,E4,2040,694895.1184375286,2026-05-13 09:47:49.138,Indonesia,Methane (Combustion and Biogenic)
R11,E4,2040,201094.03259651276,2026-05-13 09:47:49.138,Thailand,Methane (Combustion and Biogenic)
R12,E4,2040,160110.9386801873,2026-05-13 09:47:49.138,Myanmar,Methane (Combustion and Biogenic)
R13,E4,2040,27636.19472461594,2026-05-13 09:47:49.138,Laos,Methane (Combustion and Biogenic)
R14,E4,2040,201310.36395500982,2026-05-13 09:47:49.138,Vietnam,Methane (Combustion and Biogenic)
R15,E4,2040,73888.0329460581,2026-05-13 09:47:49.138,Brunei,Methane (Combustion and Biogenic)
R16,E4,2040,217879.43044443114,2026-05-13 09:47:49.138,Singapore,Methane (Combustion and Biogenic)
R17,E4,2040,494247.3454948568,2026-05-13 09:47:49.138,Malaysia,Methane (Combustion and Biogenic)
R19,E4,2040,18792.01875329382,2026-05-13 09:47:49.138,Philippines,Methane (Combustion and Biogenic)
R20,E4,2040,3015.144757032121,2026-05-13 09:47:49.138,Timor Leste,Methane (Combustion and Biogenic)
R6,E4,2040,9440.922636518355,2026-05-13 09:47:49.138,Cambodia,Methane (Combustion and Biogenic)
R16,E407,2040,-36287.91537406246,2026-05-13 09:47:49.138,Singapore,Sequestered Carbon Dioxide
R1,E5,2040,654845.8165786307,2026-05-13 09:47:49.138,Indonesia,Non Methane Volatile Organic Compounds
R11,E5,2040,157891.59960118585,2026-05-13 09:47:49.138,Thailand,Non Methane Volatile Organic Compounds
R12,E5,2040,61270.32788627271,2026-05-13 09:47:49.138,Myanmar,Non Methane Volatile Organic Compounds
R13,E5,2040,40036.38487140255,2026-05-13 09:47:49.138,Laos,Non Methane Volatile Organic Compounds
R14,E5,2040,184460.21005649044,2026-05-13 09:47:49.138,Vietnam,Non Methane Volatile Organic Compounds
R15,E5,2040,47661.33779500298,2026-05-13 09:47:49.138,Brunei,Non Methane Volatile Organic Compounds
R16,E5,2040,289512.8778059027,2026-05-13 09:47:49.138,Singapore,Non Methane Volatile Organic Compounds
R17,E5,2040,265864.5536745283,2026-05-13 09:47:49.138,Malaysia,Non Methane Volatile Organic Compounds
R19,E5,2040,123923.0430097219,2026-05-13 09:47:49.138,Philippines,Non Methane Volatile Organic Compounds
R20,E5,2040,19716.651343618712,2026-05-13 09:47:49.138,Timor Leste,Non Methane Volatile Organic Compounds
R6,E5,2040,19004.05631560556,2026-05-13 09:47:49.138,Cambodia,Non Methane Volatile Organic Compounds
R1,E7,2040,526534.6006788681,2026-05-13 09:47:49.138,Indonesia,Nitrogen Oxides
R11,E7,2040,597322.0069833758,2026-05-13 09:47:49.138,Thailand,Nitrogen Oxides
R12,E7,2040,49117.196549263324,2026-05-13 09:47:49.138,Myanmar,Nitrogen Oxides
R13,E7,2040,36763.99018729928,2026-05-13 09:47:49.138,Laos,Nitrogen Oxides
R14,E7,2040,523893.0635096413,2026-05-13 09:47:49.138,Vietnam,Nitrogen Oxides
R15,E7,2040,41915.92686877409,2026-05-13 09:47:49.138,Brunei,Nitrogen Oxides
R16,E7,2040,192776.81242509128,2026-05-13 09:47:49.138,Singapore,Nitrogen Oxides
R17,E7,2040,284065.7377803135,2026-05-13 09:47:49.138,Malaysia,Nitrogen Oxides
R19,E7,2040,322182.970501282,2026-05-13 09:47:49.138,Philippines,Nitrogen Oxides
R20,E7,2040,1642.6883928824225,2026-05-13 09:47:49.138,Timor Leste,Nitrogen Oxides
R6,E7,2040,25138.25453786738,2026-05-13 09:47:49.138,Cambodia,Nitrogen Oxides
R1,E8,2040,2390.669889752645,2026-05-13 09:47:49.138,Indonesia,Nitrous Oxide
R11,E8,2040,1832.3771261964016,2026-05-13 09:47:49.138,Thailand,Nitrous Oxide
R12,E8,2040,192.6946788761699,2026-05-13 09:47:49.138,Myanmar,Nitrous Oxide
R13,E8,2040,242.871099129774,2026-05-13 09:47:49.138,Laos,Nitrous Oxide
R14,E8,2040,2755.4137635814513,2026-05-13 09:47:49.138,Vietnam,Nitrous Oxide
R15,E8,2040,14.059902347789455,2026-05-13 09:47:49.138,Brunei,Nitrous Oxide
R16,E8,2040,4032.5503511206052,2026-05-13 09:47:49.138,Singapore,Nitrous Oxide
R17,E8,2040,378.63883389279545,2026-05-13 09:47:49.138,Malaysia,Nitrous Oxide
R19,E8,2040,1044.510384420613,2026-05-13 09:47:49.138,Philippines,Nitrous Oxide
R20,E8,2040,40.82171185122211,2026-05-13 09:47:49.138,Timor Leste,Nitrous Oxide
R6,E8,2040,87.69225076963683,2026-05-13 09:47:49.138,Cambodia,Nitrous Oxide
R1,E9,2040,25889.5947066777,2026-05-13 09:47:49.138,Indonesia,Particulates PM10
R11,E9,2040,57011.692029635655,2026-05-13 09:47:49.138,Thailand,Particulates PM10
R12,E9,2040,5634.716989378318,2026-05-13 09:47:49.138,Myanmar,Particulates PM10
R13,E9,2040,11443.011727713238,2026-05-13 09:47:49.138,Laos,Particulates PM10
R14,E9,2040,52138.446130014505,2026-05-13 09:47:49.138,Vietnam,Particulates PM10
R15,E9,2040,3100.7176282206105,2026-05-13 09:47:49.138,Brunei,Particulates PM10
R16,E9,2040,12567.819231696649,2026-05-13 09:47:49.138,Singapore,Particulates PM10
R17,E9,2040,11785.581577983077,2026-05-13 09:47:49.138,Malaysia,Particulates PM10
R19,E9,2040,20391.276524928908,2026-05-13 09:47:49.138,Philippines,Particulates PM10
R20,E9,2040,5091.148189286722,2026-05-13 09:47:49.138,Timor Leste,Particulates PM10
R6,E9,2040,726.0892377788425,2026-05-13 09:47:49.138,Cambodia,Particulates PM10
R1,E1,2045,24402164.81655775,2026-05-13 09:47:49.138,Indonesia,Carbon Dioxide Biogenic
R11,E1,2045,84223125.00094369,2026-05-13 09:47:49.138,Thailand,Carbon Dioxide Biogenic
R12,E1,2045,3136691.960515043,2026-05-13 09:47:49.138,Myanmar,Carbon Dioxide Biogenic
R13,E1,2045,23445874.764041986,2026-05-13 09:47:49.138,Laos,Carbon Dioxide Biogenic
R14,E1,2045,35059315.82545791,2026-05-13 09:47:49.138,Vietnam,Carbon Dioxide Biogenic
R16,E1,2045,70506.84051415067,2026-05-13 09:47:49.138,Singapore,Carbon Dioxide Biogenic
R17,E1,2045,141444.40411856788,2026-05-13 09:47:49.138,Malaysia,Carbon Dioxide Biogenic
R19,E1,2045,3769426.4345324705,2026-05-13 09:47:49.138,Philippines,Carbon Dioxide Biogenic
R20,E1,2045,13890255.927437792,2026-05-13 09:47:49.138,Timor Leste,Carbon Dioxide Biogenic
R6,E1,2045,446694.41342533164,2026-05-13 09:47:49.138,Cambodia,Carbon Dioxide Biogenic
R1,E13,2045,333638.6485721548,2026-05-13 09:47:49.138,Indonesia,Sulfur Dioxide
R11,E13,2045,534319.0953926779,2026-05-13 09:47:49.138,Thailand,Sulfur Dioxide
R12,E13,2045,13133.389940891911,2026-05-13 09:47:49.138,Myanmar,Sulfur Dioxide
R13,E13,2045,72607.05163619883,2026-05-13 09:47:49.138,Laos,Sulfur Dioxide
R14,E13,2045,338132.4853530206,2026-05-13 09:47:49.138,Vietnam,Sulfur Dioxide
R15,E13,2045,32061.914751058226,2026-05-13 09:47:49.138,Brunei,Sulfur Dioxide
R16,E13,2045,30613.080950051368,2026-05-13 09:47:49.138,Singapore,Sulfur Dioxide
R17,E13,2045,180099.11626220238,2026-05-13 09:47:49.138,Malaysia,Sulfur Dioxide
R19,E13,2045,190266.0186157383,2026-05-13 09:47:49.138,Philippines,Sulfur Dioxide
R20,E13,2045,942.7032647606785,2026-05-13 09:47:49.138,Timor Leste,Sulfur Dioxide
R6,E13,2045,17459.372961723122,2026-05-13 09:47:49.138,Cambodia,Sulfur Dioxide
R1,E15,2045,25148.438005439617,2026-05-13 09:47:49.138,Indonesia,Ammonia
R11,E15,2045,8357.904261994885,2026-05-13 09:47:49.138,Thailand,Ammonia
R12,E15,2045,2153.273067028159,2026-05-13 09:47:49.138,Myanmar,Ammonia
R13,E15,2045,1151.9770096050468,2026-05-13 09:47:49.138,Laos,Ammonia
R14,E15,2045,6764.607461106303,2026-05-13 09:47:49.138,Vietnam,Ammonia
R15,E15,2045,736.9166711861956,2026-05-13 09:47:49.138,Brunei,Ammonia
R16,E15,2045,900.7863316950202,2026-05-13 09:47:49.138,Singapore,Ammonia
R17,E15,2045,6776.165122335723,2026-05-13 09:47:49.138,Malaysia,Ammonia
R19,E15,2045,3494.6012729084364,2026-05-13 09:47:49.138,Philippines,Ammonia
R20,E15,2045,515.7348600013894,2026-05-13 09:47:49.138,Timor Leste,Ammonia
R6,E15,2045,88.32844186462557,2026-05-13 09:47:49.138,Cambodia,Ammonia
R1,E16,2045,41890.020607031176,2026-05-13 09:47:49.138,Indonesia,Particulates PM2pt5
R11,E16,2045,77917.90444352386,2026-05-13 09:47:49.138,Thailand,Particulates PM2pt5
R12,E16,2045,4162.43300084103,2026-05-13 09:47:49.138,Myanmar,Particulates PM2pt5
R13,E16,2045,6570.4178119871485,2026-05-13 09:47:49.138,Laos,Particulates PM2pt5
R14,E16,2045,47077.30420155993,2026-05-13 09:47:49.138,Vietnam,Particulates PM2pt5
R15,E16,2045,2379.6901627768707,2026-05-13 09:47:49.138,Brunei,Particulates PM2pt5
R16,E16,2045,11244.28316537899,2026-05-13 09:47:49.138,Singapore,Particulates PM2pt5
R17,E16,2045,9127.476625479845,2026-05-13 09:47:49.138,Malaysia,Particulates PM2pt5
R19,E16,2045,22159.00743908859,2026-05-13 09:47:49.138,Philippines,Particulates PM2pt5
R20,E16,2045,3849.874899141984,2026-05-13 09:47:49.138,Timor Leste,Particulates PM2pt5
R6,E16,2045,850.4692089155187,2026-05-13 09:47:49.138,Cambodia,Particulates PM2pt5
R1,E18,2045,4867.577480078148,2026-05-13 09:47:49.138,Indonesia,Black Carbon
R11,E18,2045,3257.485036893303,2026-05-13 09:47:49.138,Thailand,Black Carbon
R12,E18,2045,1150.7737158123946,2026-05-13 09:47:49.138,Myanmar,Black Carbon
R13,E18,2045,1082.700041822988,2026-05-13 09:47:49.138,Laos,Black Carbon
R14,E18,2045,3141.2153831655855,2026-05-13 09:47:49.138,Vietnam,Black Carbon
R15,E18,2045,132.2898690441393,2026-05-13 09:47:49.138,Brunei,Black Carbon
R16,E18,2045,1364.2634944156184,2026-05-13 09:47:49.138,Singapore,Black Carbon
R17,E18,2045,744.6019232168845,2026-05-13 09:47:49.138,Malaysia,Black Carbon
R19,E18,2045,4975.8570794374045,2026-05-13 09:47:49.138,Philippines,Black Carbon
R20,E18,2045,482.2608473661421,2026-05-13 09:47:49.138,Timor Leste,Black Carbon
R6,E18,2045,76.47240497191137,2026-05-13 09:47:49.138,Cambodia,Black Carbon
R1,E19,2045,6708.407909719911,2026-05-13 09:47:49.138,Indonesia,Organic Carbon
R11,E19,2045,7057.148067477048,2026-05-13 09:47:49.138,Thailand,Organic Carbon
R12,E19,2045,2055.1046554649865,2026-05-13 09:47:49.138,Myanmar,Organic Carbon
R13,E19,2045,2801.150339139268,2026-05-13 09:47:49.138,Laos,Organic Carbon
R14,E19,2045,4340.255970484579,2026-05-13 09:47:49.138,Vietnam,Organic Carbon
R15,E19,2045,0.2962057848148537,2026-05-13 09:47:49.138,Brunei,Organic Carbon
R16,E19,2045,3932.8050680155457,2026-05-13 09:47:49.138,Singapore,Organic Carbon
R17,E19,2045,283.21458985318503,2026-05-13 09:47:49.138,Malaysia,Organic Carbon
R19,E19,2045,8300.262032067647,2026-05-13 09:47:49.138,Philippines,Organic Carbon
R20,E19,2045,1673.0515764843908,2026-05-13 09:47:49.138,Timor Leste,Organic Carbon
R6,E19,2045,121.78735374989982,2026-05-13 09:47:49.138,Cambodia,Organic Carbon
R1,E2,2045,350537566.0674393,2026-05-13 09:47:49.138,Indonesia,Carbon Dioxide
R11,E2,2045,268724214.08141816,2026-05-13 09:47:49.138,Thailand,Carbon Dioxide
R12,E2,2045,40768980.97394435,2026-05-13 09:47:49.138,Myanmar,Carbon Dioxide
R13,E2,2045,12404522.812320795,2026-05-13 09:47:49.138,Laos,Carbon Dioxide
R14,E2,2045,168049251.09196594,2026-05-13 09:47:49.138,Vietnam,Carbon Dioxide
R15,E2,2045,29887546.93536807,2026-05-13 09:47:49.138,Brunei,Carbon Dioxide
R16,E2,2045,182824702.88659173,2026-05-13 09:47:49.138,Singapore,Carbon Dioxide
R17,E2,2045,224466024.70888522,2026-05-13 09:47:49.138,Malaysia,Carbon Dioxide
R19,E2,2045,77491051.93954246,2026-05-13 09:47:49.138,Philippines,Carbon Dioxide
R20,E2,2045,407947.75217652315,2026-05-13 09:47:49.138,Timor Leste,Carbon Dioxide
R6,E2,2045,8197671.399304074,2026-05-13 09:47:49.138,Cambodia,Carbon Dioxide
R1,E3,2045,247726.53510547394,2026-05-13 09:47:49.138,Indonesia,Carbon Monoxide
R11,E3,2045,184987.63998353807,2026-05-13 09:47:49.138,Thailand,Carbon Monoxide
R12,E3,2045,43519.01555483044,2026-05-13 09:47:49.138,Myanmar,Carbon Monoxide
R13,E3,2045,78428.32453768843,2026-05-13 09:47:49.138,Laos,Carbon Monoxide
R14,E3,2045,125676.43731314043,2026-05-13 09:47:49.138,Vietnam,Carbon Monoxide
R15,E3,2045,14938.536602338303,2026-05-13 09:47:49.138,Brunei,Carbon Monoxide
R16,E3,2045,28993.497962052053,2026-05-13 09:47:49.138,Singapore,Carbon Monoxide
R17,E3,2045,126975.79216915384,2026-05-13 09:47:49.138,Malaysia,Carbon Monoxide
R19,E3,2045,306012.7324130306,2026-05-13 09:47:49.138,Philippines,Carbon Monoxide
R20,E3,2045,44666.79651866456,2026-05-13 09:47:49.138,Timor Leste,Carbon Monoxide
R6,E3,2045,4376.431447188168,2026-05-13 09:47:49.138,Cambodia,Carbon Monoxide
R1,E4,2045,735861.3729849096,2026-05-13 09:47:49.138,Indonesia,Methane (Combustion and Biogenic)
R11,E4,2045,207925.74763092733,2026-05-13 09:47:49.138,Thailand,Methane (Combustion and Biogenic)
R12,E4,2045,157567.87643192924,2026-05-13 09:47:49.138,Myanmar,Methane (Combustion and Biogenic)
R13,E4,2045,25221.01609115589,2026-05-13 09:47:49.138,Laos,Methane (Combustion and Biogenic)
R14,E4,2045,208758.69598352484,2026-05-13 09:47:49.138,Vietnam,Methane (Combustion and Biogenic)
R15,E4,2045,73897.0647616901,2026-05-13 09:47:49.138,Brunei,Methane (Combustion and Biogenic)
R16,E4,2045,217626.42824583454,2026-05-13 09:47:49.138,Singapore,Methane (Combustion and Biogenic)
R17,E4,2045,505309.33266274777,2026-05-13 09:47:49.138,Malaysia,Methane (Combustion and Biogenic)
R19,E4,2045,18672.81009017841,2026-05-13 09:47:49.138,Philippines,Methane (Combustion and Biogenic)
R20,E4,2045,2865.9045579363033,2026-05-13 09:47:49.138,Timor Leste,Methane (Combustion and Biogenic)
R6,E4,2045,8557.366527605716,2026-05-13 09:47:49.138,Cambodia,Methane (Combustion and Biogenic)
R16,E407,2045,-52486.44137330941,2026-05-13 09:47:49.138,Singapore,Sequestered Carbon Dioxide
R1,E5,2045,664627.3058700298,2026-05-13 09:47:49.138,Indonesia,Non Methane Volatile Organic Compounds
R11,E5,2045,163016.98544540865,2026-05-13 09:47:49.138,Thailand,Non Methane Volatile Organic Compounds
R12,E5,2045,58431.335203574316,2026-05-13 09:47:49.138,Myanmar,Non Methane Volatile Organic Compounds
R13,E5,2045,28843.919846033237,2026-05-13 09:47:49.138,Laos,Non Methane Volatile Organic Compounds
R14,E5,2045,187670.94379833608,2026-05-13 09:47:49.138,Vietnam,Non Methane Volatile Organic Compounds
R15,E5,2045,47658.30652201183,2026-05-13 09:47:49.138,Brunei,Non Methane Volatile Organic Compounds
R16,E5,2045,290286.07661856373,2026-05-13 09:47:49.138,Singapore,Non Methane Volatile Organic Compounds
R17,E5,2045,266802.268444377,2026-05-13 09:47:49.138,Malaysia,Non Methane Volatile Organic Compounds
R19,E5,2045,139594.95490123483,2026-05-13 09:47:49.138,Philippines,Non Methane Volatile Organic Compounds
R20,E5,2045,18846.83208778684,2026-05-13 09:47:49.138,Timor Leste,Non Methane Volatile Organic Compounds
R6,E5,2045,19076.514460336788,2026-05-13 09:47:49.138,Cambodia,Non Methane Volatile Organic Compounds
R1,E7,2045,502921.4322262127,2026-05-13 09:47:49.138,Indonesia,Nitrogen Oxides
R11,E7,2045,729894.1824300445,2026-05-13 09:47:49.138,Thailand,Nitrogen Oxides
R12,E7,2045,53302.05226953456,2026-05-13 09:47:49.138,Myanmar,Nitrogen Oxides
R13,E7,2045,32034.764928375866,2026-05-13 09:47:49.138,Laos,Nitrogen Oxides
R14,E7,2045,556815.566377265,2026-05-13 09:47:49.138,Vietnam,Nitrogen Oxides
R15,E7,2045,41672.29091113951,2026-05-13 09:47:49.138,Brunei,Nitrogen Oxides
R16,E7,2045,198949.79136227875,2026-05-13 09:47:49.138,Singapore,Nitrogen Oxides
R17,E7,2045,299900.90081219084,2026-05-13 09:47:49.138,Malaysia,Nitrogen Oxides
R19,E7,2045,342181.47494634864,2026-05-13 09:47:49.138,Philippines,Nitrogen Oxides
R20,E7,2045,1608.069967299446,2026-05-13 09:47:49.138,Timor Leste,Nitrogen Oxides
R6,E7,2045,25745.52773480463,2026-05-13 09:47:49.138,Cambodia,Nitrogen Oxides
R1,E8,2045,2898.310351722568,2026-05-13 09:47:49.138,Indonesia,Nitrous Oxide
R11,E8,2045,2790.296104324255,2026-05-13 09:47:49.138,Thailand,Nitrous Oxide
R12,E8,2045,162.73354811778404,2026-05-13 09:47:49.138,Myanmar,Nitrous Oxide
R13,E8,2045,193.31625590420208,2026-05-13 09:47:49.138,Laos,Nitrous Oxide
R14,E8,2045,2826.962961066508,2026-05-13 09:47:49.138,Vietnam,Nitrous Oxide
R15,E8,2045,13.065802399347195,2026-05-13 09:47:49.138,Brunei,Nitrous Oxide
R16,E8,2045,4068.6819611183987,2026-05-13 09:47:49.138,Singapore,Nitrous Oxide
R17,E8,2045,397.112137566012,2026-05-13 09:47:49.138,Malaysia,Nitrous Oxide
R19,E8,2045,1034.8264880700692,2026-05-13 09:47:49.138,Philippines,Nitrous Oxide
R20,E8,2045,39.10156871829686,2026-05-13 09:47:49.138,Timor Leste,Nitrous Oxide
R6,E8,2045,90.98359751452344,2026-05-13 09:47:49.138,Cambodia,Nitrous Oxide
R1,E9,2045,46909.56187391643,2026-05-13 09:47:49.138,Indonesia,Particulates PM10
R11,E9,2045,90762.84885019562,2026-05-13 09:47:49.138,Thailand,Particulates PM10
R12,E9,2045,4265.0090164738,2026-05-13 09:47:49.138,Myanmar,Particulates PM10
R13,E9,2045,7962.902053763413,2026-05-13 09:47:49.138,Laos,Particulates PM10
R14,E9,2045,54321.911579930485,2026-05-13 09:47:49.138,Vietnam,Particulates PM10
R15,E9,2045,3100.3510451120965,2026-05-13 09:47:49.138,Brunei,Particulates PM10
R16,E9,2045,12638.005639083753,2026-05-13 09:47:49.138,Singapore,Particulates PM10
R17,E9,2045,11866.108316244621,2026-05-13 09:47:49.138,Malaysia,Particulates PM10
R19,E9,2045,23404.222864013733,2026-05-13 09:47:49.138,Philippines,Particulates PM10
R20,E9,2045,4823.065165262393,2026-05-13 09:47:49.138,Timor Leste,Particulates PM10
R6,E9,2045,964.1550215099672,2026-05-13 09:47:49.138,Cambodia,Particulates PM10
R1,E1,2050,28924289.330455016,2026-05-13 09:47:49.138,Indonesia,Carbon Dioxide Biogenic
R11,E1,2050,111799305.01214159,2026-05-13 09:47:49.138,Thailand,Carbon Dioxide Biogenic
R12,E1,2050,1615173.868559781,2026-05-13 09:47:49.138,Myanmar,Carbon Dioxide Biogenic
R13,E1,2050,13207117.879844436,2026-05-13 09:47:49.138,Laos,Carbon Dioxide Biogenic
R14,E1,2050,34740827.83888939,2026-05-13 09:47:49.138,Vietnam,Carbon Dioxide Biogenic
R16,E1,2050,117511.4008569178,2026-05-13 09:47:49.138,Singapore,Carbon Dioxide Biogenic
R17,E1,2050,148289.46541354462,2026-05-13 09:47:49.138,Malaysia,Carbon Dioxide Biogenic
R19,E1,2050,3949221.114488374,2026-05-13 09:47:49.138,Philippines,Carbon Dioxide Biogenic
R20,E1,2050,12286366.442715453,2026-05-13 09:47:49.138,Timor Leste,Carbon Dioxide Biogenic
R6,E1,2050,593945.2885264073,2026-05-13 09:47:49.138,Cambodia,Carbon Dioxide Biogenic
R1,E13,2050,255698.01116105836,2026-05-13 09:47:49.138,Indonesia,Sulfur Dioxide
R11,E13,2050,582982.3810481986,2026-05-13 09:47:49.138,Thailand,Sulfur Dioxide
R12,E13,2050,13189.680315985344,2026-05-13 09:47:49.138,Myanmar,Sulfur Dioxide
R13,E13,2050,60527.808411330145,2026-05-13 09:47:49.138,Laos,Sulfur Dioxide
R14,E13,2050,327323.05796668277,2026-05-13 09:47:49.138,Vietnam,Sulfur Dioxide
R15,E13,2050,31684.814357487077,2026-05-13 09:47:49.138,Brunei,Sulfur Dioxide
R16,E13,2050,32174.15469581082,2026-05-13 09:47:49.138,Singapore,Sulfur Dioxide
R17,E13,2050,170221.97348077246,2026-05-13 09:47:49.138,Malaysia,Sulfur Dioxide
R19,E13,2050,181715.71404550233,2026-05-13 09:47:49.138,Philippines,Sulfur Dioxide
R20,E13,2050,1051.96166215547,2026-05-13 09:47:49.138,Timor Leste,Sulfur Dioxide
R6,E13,2050,20355.126948152807,2026-05-13 09:47:49.138,Cambodia,Sulfur Dioxide
R1,E15,2050,32032.902709604663,2026-05-13 09:47:49.138,Indonesia,Ammonia
R11,E15,2050,10097.410098010603,2026-05-13 09:47:49.138,Thailand,Ammonia
R12,E15,2050,1717.866670709744,2026-05-13 09:47:49.138,Myanmar,Ammonia
R13,E15,2050,795.2566572204897,2026-05-13 09:47:49.138,Laos,Ammonia
R14,E15,2050,7958.050773043866,2026-05-13 09:47:49.138,Vietnam,Ammonia
R15,E15,2050,736.2217983575454,2026-05-13 09:47:49.138,Brunei,Ammonia
R16,E15,2050,960.9856911336228,2026-05-13 09:47:49.138,Singapore,Ammonia
R17,E15,2050,7676.5401889051345,2026-05-13 09:47:49.138,Malaysia,Ammonia
R19,E15,2050,3989.212733517335,2026-05-13 09:47:49.138,Philippines,Ammonia
R20,E15,2050,459.03204824248974,2026-05-13 09:47:49.138,Timor Leste,Ammonia
R6,E15,2050,105.22831683993483,2026-05-13 09:47:49.138,Cambodia,Ammonia
R1,E16,2050,51143.6729454899,2026-05-13 09:47:49.138,Indonesia,Particulates PM2pt5
R11,E16,2050,83399.19262876677,2026-05-13 09:47:49.138,Thailand,Particulates PM2pt5
R12,E16,2050,2301.959973562739,2026-05-13 09:47:49.138,Myanmar,Particulates PM2pt5
R13,E16,2050,3948.46648049876,2026-05-13 09:47:49.138,Laos,Particulates PM2pt5
R14,E16,2050,49213.86455335447,2026-05-13 09:47:49.138,Vietnam,Particulates PM2pt5
R15,E16,2050,2379.074357135082,2026-05-13 09:47:49.138,Brunei,Particulates PM2pt5
R16,E16,2050,11295.574901379401,2026-05-13 09:47:49.138,Singapore,Particulates PM2pt5
R17,E16,2050,9261.816619755613,2026-05-13 09:47:49.138,Malaysia,Particulates PM2pt5
R19,E16,2050,25325.215807272725,2026-05-13 09:47:49.138,Philippines,Particulates PM2pt5
R20,E16,2050,3406.4279918326038,2026-05-13 09:47:49.138,Timor Leste,Particulates PM2pt5
R6,E16,2050,1130.4883410587215,2026-05-13 09:47:49.138,Cambodia,Particulates PM2pt5
R1,E18,2050,6375.489734639312,2026-05-13 09:47:49.138,Indonesia,Black Carbon
R11,E18,2050,3823.401229660716,2026-05-13 09:47:49.138,Thailand,Black Carbon
R12,E18,2050,627.9524377754044,2026-05-13 09:47:49.138,Myanmar,Black Carbon
R13,E18,2050,729.7588361176925,2026-05-13 09:47:49.138,Laos,Black Carbon
R14,E18,2050,3702.5761648452594,2026-05-13 09:47:49.138,Vietnam,Black Carbon
R15,E18,2050,132.2895105843682,2026-05-13 09:47:49.138,Brunei,Black Carbon
R16,E18,2050,1375.1758605598197,2026-05-13 09:47:49.138,Singapore,Black Carbon
R17,E18,2050,812.8199347659386,2026-05-13 09:47:49.138,Malaysia,Black Carbon
R19,E18,2050,5687.500847997036,2026-05-13 09:47:49.138,Philippines,Black Carbon
R20,E18,2050,426.70761918238895,2026-05-13 09:47:49.138,Timor Leste,Black Carbon
R6,E18,2050,86.59251159424186,2026-05-13 09:47:49.138,Cambodia,Black Carbon
R1,E19,2050,8827.10253288074,2026-05-13 09:47:49.138,Indonesia,Organic Carbon
R11,E19,2050,8287.701589500848,2026-05-13 09:47:49.138,Thailand,Organic Carbon
R12,E19,2050,1085.6064555330627,2026-05-13 09:47:49.138,Myanmar,Organic Carbon
R13,E19,2050,1643.21577104197,2026-05-13 09:47:49.138,Laos,Organic Carbon
R14,E19,2050,5189.0535575724825,2026-05-13 09:47:49.138,Vietnam,Organic Carbon
R15,E19,2050,0.26230988306694447,2026-05-13 09:47:49.138,Brunei,Organic Carbon
R16,E19,2050,3948.7687364665853,2026-05-13 09:47:49.138,Singapore,Organic Carbon
R17,E19,2050,333.4092821432608,2026-05-13 09:47:49.138,Malaysia,Organic Carbon
R19,E19,2050,9643.272577907203,2026-05-13 09:47:49.138,Philippines,Organic Carbon
R20,E19,2050,1479.8692070851043,2026-05-13 09:47:49.138,Timor Leste,Organic Carbon
R6,E19,2050,137.43013597817932,2026-05-13 09:47:49.138,Cambodia,Organic Carbon
R1,E2,2050,376583222.8881578,2026-05-13 09:47:49.138,Indonesia,Carbon Dioxide
R11,E2,2050,322888590.9725573,2026-05-13 09:47:49.138,Thailand,Carbon Dioxide
R12,E2,2050,42482888.49249066,2026-05-13 09:47:49.138,Myanmar,Carbon Dioxide
R13,E2,2050,11372173.883026736,2026-05-13 09:47:49.138,Laos,Carbon Dioxide
R14,E2,2050,180386335.91166174,2026-05-13 09:47:49.138,Vietnam,Carbon Dioxide
R15,E2,2050,29784410.512723006,2026-05-13 09:47:49.138,Brunei,Carbon Dioxide
R16,E2,2050,186105776.55217418,2026-05-13 09:47:49.138,Singapore,Carbon Dioxide
R17,E2,2050,238694102.41048443,2026-05-13 09:47:49.138,Malaysia,Carbon Dioxide
R19,E2,2050,81136914.33328612,2026-05-13 09:47:49.138,Philippines,Carbon Dioxide
R20,E2,2050,454723.68430706963,2026-05-13 09:47:49.138,Timor Leste,Carbon Dioxide
R6,E2,2050,9675693.542946938,2026-05-13 09:47:49.138,Cambodia,Carbon Dioxide
R1,E3,2050,289735.3340687383,2026-05-13 09:47:49.138,Indonesia,Carbon Monoxide
R11,E3,2050,220342.41666728718,2026-05-13 09:47:49.138,Thailand,Carbon Monoxide
R12,E3,2050,37019.200712216974,2026-05-13 09:47:49.138,Myanmar,Carbon Monoxide
R13,E3,2050,46082.866564271906,2026-05-13 09:47:49.138,Laos,Carbon Monoxide
R14,E3,2050,139093.54109272378,2026-05-13 09:47:49.138,Vietnam,Carbon Monoxide
R15,E3,2050,14909.014875821293,2026-05-13 09:47:49.138,Brunei,Carbon Monoxide
R16,E3,2050,30309.349973637232,2026-05-13 09:47:49.138,Singapore,Carbon Monoxide
R17,E3,2050,137079.97158571475,2026-05-13 09:47:49.138,Malaysia,Carbon Monoxide
R19,E3,2050,360836.1919590834,2026-05-13 09:47:49.138,Philippines,Carbon Monoxide
R20,E3,2050,39531.46154795292,2026-05-13 09:47:49.138,Timor Leste,Carbon Monoxide
R6,E3,2050,5155.076745357806,2026-05-13 09:47:49.138,Cambodia,Carbon Monoxide
R1,E4,2050,775400.9191144602,2026-05-13 09:47:49.138,Indonesia,Methane (Combustion and Biogenic)
R11,E4,2050,210080.99676041692,2026-05-13 09:47:49.138,Thailand,Methane (Combustion and Biogenic)
R12,E4,2050,153833.72622416806,2026-05-13 09:47:49.138,Myanmar,Methane (Combustion and Biogenic)
R13,E4,2050,22870.874969582535,2026-05-13 09:47:49.138,Laos,Methane (Combustion and Biogenic)
R14,E4,2050,214124.7691911452,2026-05-13 09:47:49.138,Vietnam,Methane (Combustion and Biogenic)
R15,E4,2050,73905.74855436687,2026-05-13 09:47:49.138,Brunei,Methane (Combustion and Biogenic)
R16,E4,2050,217749.20033984722,2026-05-13 09:47:49.138,Singapore,Methane (Combustion and Biogenic)
R17,E4,2050,517273.4695066615,2026-05-13 09:47:49.138,Malaysia,Methane (Combustion and Biogenic)
R19,E4,2050,18394.129305616647,2026-05-13 09:47:49.138,Philippines,Methane (Combustion and Biogenic)
R20,E4,2050,2551.9727852148344,2026-05-13 09:47:49.138,Timor Leste,Methane (Combustion and Biogenic)
R6,E4,2050,8084.235176186607,2026-05-13 09:47:49.138,Cambodia,Methane (Combustion and Biogenic)
R1,E407,2050,-163135.65828846366,2026-05-13 09:47:49.138,Indonesia,Sequestered Carbon Dioxide
R16,E407,2050,-61518.17300562814,2026-05-13 09:47:49.138,Singapore,Sequestered Carbon Dioxide
R1,E5,2050,675000.1908442252,2026-05-13 09:47:49.138,Indonesia,Non Methane Volatile Organic Compounds
R11,E5,2050,167633.46262634403,2026-05-13 09:47:49.138,Thailand,Non Methane Volatile Organic Compounds
R12,E5,2050,54473.86008673172,2026-05-13 09:47:49.138,Myanmar,Non Methane Volatile Organic Compounds
R13,E5,2050,18451.103118551204,2026-05-13 09:47:49.138,Laos,Non Methane Volatile Organic Compounds
R14,E5,2050,191570.69965394106,2026-05-13 09:47:49.138,Vietnam,Non Methane Volatile Organic Compounds
R15,E5,2050,47654.71763308044,2026-05-13 09:47:49.138,Brunei,Non Methane Volatile Organic Compounds
R16,E5,2050,291052.2124288049,2026-05-13 09:47:49.138,Singapore,Non Methane Volatile Organic Compounds
R17,E5,2050,267745.32868352195,2026-05-13 09:47:49.138,Malaysia,Non Methane Volatile Organic Compounds
R19,E5,2050,156610.19077003677,2026-05-13 09:47:49.138,Philippines,Non Methane Volatile Organic Compounds
R20,E5,2050,17056.34791482989,2026-05-13 09:47:49.138,Timor Leste,Non Methane Volatile Organic Compounds
R6,E5,2050,19202.449942871022,2026-05-13 09:47:49.138,Cambodia,Non Methane Volatile Organic Compounds
R1,E7,2050,499588.3947848947,2026-05-13 09:47:49.138,Indonesia,Nitrogen Oxides
R11,E7,2050,858391.9358067376,2026-05-13 09:47:49.138,Thailand,Nitrogen Oxides
R12,E7,2050,54617.43943105058,2026-05-13 09:47:49.138,Myanmar,Nitrogen Oxides
R13,E7,2050,27400.0456706082,2026-05-13 09:47:49.138,Laos,Nitrogen Oxides
R14,E7,2050,606224.7495439906,2026-05-13 09:47:49.138,Vietnam,Nitrogen Oxides
R15,E7,2050,41403.235198014525,2026-05-13 09:47:49.138,Brunei,Nitrogen Oxides
R16,E7,2050,203226.81650059455,2026-05-13 09:47:49.138,Singapore,Nitrogen Oxides
R17,E7,2050,318690.56314265396,2026-05-13 09:47:49.138,Malaysia,Nitrogen Oxides
R19,E7,2050,379848.0760302836,2026-05-13 09:47:49.138,Philippines,Nitrogen Oxides
R20,E7,2050,1506.1423690836223,2026-05-13 09:47:49.138,Timor Leste,Nitrogen Oxides
R6,E7,2050,29785.78762205587,2026-05-13 09:47:49.138,Cambodia,Nitrogen Oxides
R1,E8,2050,3094.526526425277,2026-05-13 09:47:49.138,Indonesia,Nitrous Oxide
R11,E8,2050,2952.3387764514728,2026-05-13 09:47:49.138,Thailand,Nitrous Oxide
R12,E8,2050,113.89377197890536,2026-05-13 09:47:49.138,Myanmar,Nitrous Oxide
R13,E8,2050,144.61492301332345,2026-05-13 09:47:49.138,Laos,Nitrous Oxide
R14,E8,2050,2836.418716039515,2026-05-13 09:47:49.138,Vietnam,Nitrous Oxide
R15,E8,2050,12.072625758989593,2026-05-13 09:47:49.138,Brunei,Nitrous Oxide
R16,E8,2050,4107.4647234076565,2026-05-13 09:47:49.138,Singapore,Nitrous Oxide
R17,E8,2050,407.46267430909046,2026-05-13 09:47:49.138,Malaysia,Nitrous Oxide
R19,E8,2050,1103.992286758222,2026-05-13 09:47:49.138,Philippines,Nitrous Oxide
R20,E8,2050,35.30171192735948,2026-05-13 09:47:49.138,Timor Leste,Nitrous Oxide
R6,E8,2050,108.49500380218078,2026-05-13 09:47:49.138,Cambodia,Nitrous Oxide
R1,E9,2050,57038.987789098,2026-05-13 09:47:49.138,Indonesia,Particulates PM10
R11,E9,2050,97094.99251281467,2026-05-13 09:47:49.138,Thailand,Particulates PM10
R12,E9,2050,2363.9199200356084,2026-05-13 09:47:49.138,Myanmar,Particulates PM10
R13,E9,2050,4726.843513445386,2026-05-13 09:47:49.138,Laos,Particulates PM10
R14,E9,2050,56653.984704790615,2026-05-13 09:47:49.138,Vietnam,Particulates PM10
R15,E9,2050,3099.7345605276073,2026-05-13 09:47:49.138,Brunei,Particulates PM10
R16,E9,2050,12691.761047886834,2026-05-13 09:47:49.138,Singapore,Particulates PM10
R17,E9,2050,11951.764550703454,2026-05-13 09:47:49.138,Malaysia,Particulates PM10
R19,E9,2050,26670.76119021969,2026-05-13 09:47:49.138,Philippines,Particulates PM10
R20,E9,2050,4270.08172868666,2026-05-13 09:47:49.138,Timor Leste,Particulates PM10
R6,E9,2050,1283.7500215618766,2026-05-13 09:47:49.138,Cambodia,Particulates PM10
R1,E1,2055,23521992.173825305,2026-05-13 09:47:49.138,Indonesia,Carbon Dioxide Biogenic
R11,E1,2055,121424449.82870814,2026-05-13 09:47:49.138,Thailand,Carbon Dioxide Biogenic
R12,E1,2055,1872581.6158780234,2026-05-13 09:47:49.138,Myanmar,Carbon Dioxide Biogenic
R13,E1,2055,13596420.670772128,2026-05-13 09:47:49.138,Laos,Carbon Dioxide Biogenic
R14,E1,2055,34646453.953285396,2026-05-13 09:47:49.138,Vietnam,Carbon Dioxide Biogenic
R16,E1,2055,164515.96119968494,2026-05-13 09:47:49.138,Singapore,Carbon Dioxide Biogenic
R17,E1,2055,151332.8442511612,2026-05-13 09:47:49.138,Malaysia,Carbon Dioxide Biogenic
R19,E1,2055,4355816.288477448,2026-05-13 09:47:49.138,Philippines,Carbon Dioxide Biogenic
R20,E1,2055,9499833.165753394,2026-05-13 09:47:49.138,Timor Leste,Carbon Dioxide Biogenic
R6,E1,2055,2309768.2482681056,2026-05-13 09:47:49.138,Cambodia,Carbon Dioxide Biogenic
R1,E13,2055,147731.5878549054,2026-05-13 09:47:49.138,Indonesia,Sulfur Dioxide
R11,E13,2055,638865.8791057225,2026-05-13 09:47:49.138,Thailand,Sulfur Dioxide
R12,E13,2055,12908.379968812116,2026-05-13 09:47:49.138,Myanmar,Sulfur Dioxide
R13,E13,2055,48468.27976134994,2026-05-13 09:47:49.138,Laos,Sulfur Dioxide
R14,E13,2055,322223.9340857153,2026-05-13 09:47:49.138,Vietnam,Sulfur Dioxide
R15,E13,2055,31334.823794424283,2026-05-13 09:47:49.138,Brunei,Sulfur Dioxide
R16,E13,2055,33905.10669175653,2026-05-13 09:47:49.138,Singapore,Sulfur Dioxide
R17,E13,2055,161063.81973178228,2026-05-13 09:47:49.138,Malaysia,Sulfur Dioxide
R19,E13,2055,175642.6958117347,2026-05-13 09:47:49.138,Philippines,Sulfur Dioxide
R20,E13,2055,1200.2676670077392,2026-05-13 09:47:49.138,Timor Leste,Sulfur Dioxide
R6,E13,2055,36431.72846496792,2026-05-13 09:47:49.138,Cambodia,Sulfur Dioxide
R1,E15,2055,39002.720946977824,2026-05-13 09:47:49.138,Indonesia,Ammonia
R11,E15,2055,11864.926259123898,2026-05-13 09:47:49.138,Thailand,Ammonia
R12,E15,2055,1878.7793069413815,2026-05-13 09:47:49.138,Myanmar,Ammonia
R13,E15,2055,854.792982789888,2026-05-13 09:47:49.138,Laos,Ammonia
R14,E15,2055,9489.753272055099,2026-05-13 09:47:49.138,Vietnam,Ammonia
R15,E15,2055,736.3725683580781,2026-05-13 09:47:49.138,Brunei,Ammonia
R16,E15,2055,1041.7806697240626,2026-05-13 09:47:49.138,Singapore,Ammonia
R17,E15,2055,8327.53373384673,2026-05-13 09:47:49.138,Malaysia,Ammonia
R19,E15,2055,4827.653649003811,2026-05-13 09:47:49.138,Philippines,Ammonia
R20,E15,2055,359.96642736547693,2026-05-13 09:47:49.138,Timor Leste,Ammonia
R6,E15,2055,126.42011759024037,2026-05-13 09:47:49.138,Cambodia,Ammonia
R1,E16,2055,50290.60827558131,2026-05-13 09:47:49.138,Indonesia,Particulates PM2pt5
R11,E16,2055,87055.56404121524,2026-05-13 09:47:49.138,Thailand,Particulates PM2pt5
R12,E16,2055,2671.4345204636884,2026-05-13 09:47:49.138,Myanmar,Particulates PM2pt5
R13,E16,2055,4142.950118708842,2026-05-13 09:47:49.138,Laos,Particulates PM2pt5
R14,E16,2055,51953.18755068165,2026-05-13 09:47:49.138,Vietnam,Particulates PM2pt5
R15,E16,2055,2378.736758275685,2026-05-13 09:47:49.138,Brunei,Particulates PM2pt5
R16,E16,2055,11361.36005327775,2026-05-13 09:47:49.138,Singapore,Particulates PM2pt5
R17,E16,2055,9351.954544305683,2026-05-13 09:47:49.138,Malaysia,Particulates PM2pt5
R19,E16,2055,29408.07247772407,2026-05-13 09:47:49.138,Philippines,Particulates PM2pt5
R20,E16,2055,2636.09065691483,2026-05-13 09:47:49.138,Timor Leste,Particulates PM2pt5
R6,E16,2055,3675.6817955116544,2026-05-13 09:47:49.138,Cambodia,Particulates PM2pt5
R1,E18,2055,7920.279623641673,2026-05-13 09:47:49.138,Indonesia,Black Carbon
R11,E18,2055,4482.035918343968,2026-05-13 09:47:49.138,Thailand,Black Carbon
R12,E18,2055,729.3815581719315,2026-05-13 09:47:49.138,Myanmar,Black Carbon
R13,E18,2055,787.2465886078934,2026-05-13 09:47:49.138,Laos,Black Carbon
R14,E18,2055,4438.121064946522,2026-05-13 09:47:49.138,Vietnam,Black Carbon
R15,E18,2055,132.29269286057863,2026-05-13 09:47:49.138,Brunei,Black Carbon
R16,E18,2055,1386.9964795241701,2026-05-13 09:47:49.138,Singapore,Black Carbon
R17,E18,2055,861.57690327131,2026-05-13 09:47:49.138,Malaysia,Black Carbon
R19,E18,2055,6599.69482479874,2026-05-13 09:47:49.138,Philippines,Black Carbon
R20,E18,2055,330.45539512425466,2026-05-13 09:47:49.138,Timor Leste,Black Carbon
R6,E18,2055,98.12345899440899,2026-05-13 09:47:49.138,Cambodia,Black Carbon
R1,E19,2055,11001.654397120628,2026-05-13 09:47:49.138,Indonesia,Organic Carbon
R11,E19,2055,9727.515363127099,2026-05-13 09:47:49.138,Thailand,Organic Carbon
R12,E19,2055,1261.1874239693727,2026-05-13 09:47:49.138,Myanmar,Organic Carbon
R13,E19,2055,1725.197237716215,2026-05-13 09:47:49.138,Laos,Organic Carbon
R14,E19,2055,6275.071765926154,2026-05-13 09:47:49.138,Vietnam,Organic Carbon
R15,E19,2055,0.2352759905114803,2026-05-13 09:47:49.138,Brunei,Organic Carbon
R16,E19,2055,3966.3834590400647,2026-05-13 09:47:49.138,Singapore,Organic Carbon
R17,E19,2055,376.1903520376924,2026-05-13 09:47:49.138,Malaysia,Organic Carbon
R19,E19,2055,11352.342260602112,2026-05-13 09:47:49.138,Philippines,Organic Carbon
R20,E19,2055,1144.2425052815227,2026-05-13 09:47:49.138,Timor Leste,Organic Carbon
R6,E19,2055,155.62155619959276,2026-05-13 09:47:49.138,Cambodia,Organic Carbon
R1,E2,2055,398252750.5078436,2026-05-13 09:47:49.138,Indonesia,Carbon Dioxide
R11,E2,2055,376040794.14966774,2026-05-13 09:47:49.138,Thailand,Carbon Dioxide
R12,E2,2055,44379569.34586611,2026-05-13 09:47:49.138,Myanmar,Carbon Dioxide
R13,E2,2055,10313893.539297944,2026-05-13 09:47:49.138,Laos,Carbon Dioxide
R14,E2,2055,198201108.9831271,2026-05-13 09:47:49.138,Vietnam,Carbon Dioxide
R15,E2,2055,29663143.70436226,2026-05-13 09:47:49.138,Brunei,Carbon Dioxide
R16,E2,2055,190190803.98317394,2026-05-13 09:47:49.138,Singapore,Carbon Dioxide
R17,E2,2055,253636856.7443049,2026-05-13 09:47:49.138,Malaysia,Carbon Dioxide
R19,E2,2055,93210319.42425407,2026-05-13 09:47:49.138,Philippines,Carbon Dioxide
R20,E2,2055,517781.34144093964,2026-05-13 09:47:49.138,Timor Leste,Carbon Dioxide
R6,E2,2055,13634573.415861445,2026-05-13 09:47:49.138,Cambodia,Carbon Dioxide
R1,E3,2055,321900.8880113331,2026-05-13 09:47:49.138,Indonesia,Carbon Monoxide
R11,E3,2055,252769.35475168008,2026-05-13 09:47:49.138,Thailand,Carbon Monoxide
R12,E3,2055,39792.992282759034,2026-05-13 09:47:49.138,Myanmar,Carbon Monoxide
R13,E3,2055,47602.854187167,2026-05-13 09:47:49.138,Laos,Carbon Monoxide
R14,E3,2055,156870.8980744751,2026-05-13 09:47:49.138,Vietnam,Carbon Monoxide
R15,E3,2055,14902.992055036486,2026-05-13 09:47:49.138,Brunei,Carbon Monoxide
R16,E3,2055,32185.763410954434,2026-05-13 09:47:49.138,Singapore,Carbon Monoxide
R17,E3,2055,147156.6234765338,2026-05-13 09:47:49.138,Malaysia,Carbon Monoxide
R19,E3,2055,431060.5275877345,2026-05-13 09:47:49.138,Philippines,Carbon Monoxide
R20,E3,2055,30605.013320003978,2026-05-13 09:47:49.138,Timor Leste,Carbon Monoxide
R6,E3,2055,7561.490567682568,2026-05-13 09:47:49.138,Cambodia,Carbon Monoxide
R1,E4,2055,633558.3551236227,2026-05-13 09:47:49.138,Indonesia,Methane (Combustion and Biogenic)
R11,E4,2055,149698.77039415378,2026-05-13 09:47:49.138,Thailand,Methane (Combustion and Biogenic)
R12,E4,2055,109653.59866814292,2026-05-13 09:47:49.138,Myanmar,Methane (Combustion and Biogenic)
R13,E4,2055,13863.589481278206,2026-05-13 09:47:49.138,Laos,Methane (Combustion and Biogenic)
R14,E4,2055,177211.73427284398,2026-05-13 09:47:49.138,Vietnam,Methane (Combustion and Biogenic)
R15,E4,2055,38772.50781737667,2026-05-13 09:47:49.138,Brunei,Methane (Combustion and Biogenic)
R16,E4,2055,130481.10772823117,2026-05-13 09:47:49.138,Singapore,Methane (Combustion and Biogenic)
R17,E4,2055,350322.7304679403,2026-05-13 09:47:49.138,Malaysia,Methane (Combustion and Biogenic)
R19,E4,2055,13805.726043909755,2026-05-13 09:47:49.138,Philippines,Methane (Combustion and Biogenic)
R20,E4,2055,2002.1377782987604,2026-05-13 09:47:49.138,Timor Leste,Methane (Combustion and Biogenic)
R6,E4,2055,8215.574219280199,2026-05-13 09:47:49.138,Cambodia,Methane (Combustion and Biogenic)
R1,E5,2055,318189.04760477034,2026-05-13 09:47:49.138,Indonesia,Non Methane Volatile Organic Compounds
R11,E5,2055,93287.26246617749,2026-05-13 09:47:49.138,Thailand,Non Methane Volatile Organic Compounds
R12,E5,2055,32666.612838608067,2026-05-13 09:47:49.138,Myanmar,Non Methane Volatile Organic Compounds
R13,E5,2055,14478.255863104801,2026-05-13 09:47:49.138,Laos,Non Methane Volatile Organic Compounds
R14,E5,2055,80029.08007555896,2026-05-13 09:47:49.138,Vietnam,Non Methane Volatile Organic Compounds
R15,E5,2055,25557.5317619401,2026-05-13 09:47:49.138,Brunei,Non Methane Volatile Organic Compounds
R16,E5,2055,157901.56851751593,2026-05-13 09:47:49.138,Singapore,Non Methane Volatile Organic Compounds
R17,E5,2055,141993.5278357801,2026-05-13 09:47:49.138,Malaysia,Non Methane Volatile Organic Compounds
R19,E5,2055,155219.89579990963,2026-05-13 09:47:49.138,Philippines,Non Methane Volatile Organic Compounds
R20,E5,2055,12866.28071366682,2026-05-13 09:47:49.138,Timor Leste,Non Methane Volatile Organic Compounds
R6,E5,2055,9498.705427952691,2026-05-13 09:47:49.138,Cambodia,Non Methane Volatile Organic Compounds
R1,E7,2055,472542.29389282665,2026-05-13 09:47:49.138,Indonesia,Nitrogen Oxides
R11,E7,2055,990797.2193793695,2026-05-13 09:47:49.138,Thailand,Nitrogen Oxides
R12,E7,2055,57736.92959656568,2026-05-13 09:47:49.138,Myanmar,Nitrogen Oxides
R13,E7,2055,23766.64016828062,2026-05-13 09:47:49.138,Laos,Nitrogen Oxides
R14,E7,2055,674388.7127290614,2026-05-13 09:47:49.138,Vietnam,Nitrogen Oxides
R15,E7,2055,41193.77534465473,2026-05-13 09:47:49.138,Brunei,Nitrogen Oxides
R16,E7,2055,208886.70538441214,2026-05-13 09:47:49.138,Singapore,Nitrogen Oxides
R17,E7,2055,337860.4025725874,2026-05-13 09:47:49.138,Malaysia,Nitrogen Oxides
R19,E7,2055,436705.65145604406,2026-05-13 09:47:49.138,Philippines,Nitrogen Oxides
R20,E7,2055,1312.5194560112395,2026-05-13 09:47:49.138,Timor Leste,Nitrogen Oxides
R6,E7,2055,42540.151366197606,2026-05-13 09:47:49.138,Cambodia,Nitrogen Oxides
R1,E8,2055,2748.4922191076835,2026-05-13 09:47:49.138,Indonesia,Nitrous Oxide
R11,E8,2055,3064.838055718745,2026-05-13 09:47:49.138,Thailand,Nitrous Oxide
R12,E8,2055,128.3244849289433,2026-05-13 09:47:49.138,Myanmar,Nitrous Oxide
R13,E8,2055,126.37837629955509,2026-05-13 09:47:49.138,Laos,Nitrous Oxide
R14,E8,2055,2888.446957859262,2026-05-13 09:47:49.138,Vietnam,Nitrous Oxide
R15,E8,2055,11.20762453455009,2026-05-13 09:47:49.138,Brunei,Nitrous Oxide
R16,E8,2055,4149.421761030042,2026-05-13 09:47:49.138,Singapore,Nitrous Oxide
R17,E8,2055,429.87674805303885,2026-05-13 09:47:49.138,Malaysia,Nitrous Oxide
R19,E8,2055,1201.2621310555066,2026-05-13 09:47:49.138,Philippines,Nitrous Oxide
R20,E8,2055,28.56523142716188,2026-05-13 09:47:49.138,Timor Leste,Nitrous Oxide
R6,E8,2055,232.0020988209996,2026-05-13 09:47:49.138,Cambodia,Nitrous Oxide
R1,E9,2055,55371.363595447736,2026-05-13 09:47:49.138,Indonesia,Particulates PM10
R11,E9,2055,101318.6684171699,2026-05-13 09:47:49.138,Thailand,Particulates PM10
R12,E9,2055,2737.1151609540084,2026-05-13 09:47:49.138,Myanmar,Particulates PM10
R13,E9,2055,4942.961491316238,2026-05-13 09:47:49.138,Laos,Particulates PM10
R14,E9,2055,59636.55236647287,2026-05-13 09:47:49.138,Vietnam,Particulates PM10
R15,E9,2055,3099.39639926634,2026-05-13 09:47:49.138,Brunei,Particulates PM10
R16,E9,2055,12760.193707366458,2026-05-13 09:47:49.138,Singapore,Particulates PM10
R17,E9,2055,11992.937269601602,2026-05-13 09:47:49.138,Malaysia,Particulates PM10
R19,E9,2055,30881.37072120167,2026-05-13 09:47:49.138,Philippines,Particulates PM10
R20,E9,2055,3308.8995637935236,2026-05-13 09:47:49.138,Timor Leste,Particulates PM10
R6,E9,2055,4243.032474678516,2026-05-13 09:47:49.138,Cambodia,Particulates PM10
R1,E1,2060,18513682.018922158,2026-05-13 09:47:49.138,Indonesia,Carbon Dioxide Biogenic
R11,E1,2060,190607781.83510277,2026-05-13 09:47:49.138,Thailand,Carbon Dioxide Biogenic
R12,E1,2060,2171586.0215111603,2026-05-13 09:47:49.138,Myanmar,Carbon Dioxide Biogenic
R13,E1,2060,14000435.78620123,2026-05-13 09:47:49.138,Laos,Carbon Dioxide Biogenic
R14,E1,2060,34787792.622370794,2026-05-13 09:47:49.138,Vietnam,Carbon Dioxide Biogenic
R16,E1,2060,176267.10128537673,2026-05-13 09:47:49.138,Singapore,Carbon Dioxide Biogenic
R17,E1,2060,154791.4051203729,2026-05-13 09:47:49.138,Malaysia,Carbon Dioxide Biogenic
R19,E1,2060,4822983.878202077,2026-05-13 09:47:49.138,Philippines,Carbon Dioxide Biogenic
R20,E1,2060,5032117.681769065,2026-05-13 09:47:49.138,Timor Leste,Carbon Dioxide Biogenic
R6,E1,2060,2444312.476497092,2026-05-13 09:47:49.138,Cambodia,Carbon Dioxide Biogenic
R1,E13,2060,160527.35572032357,2026-05-13 09:47:49.138,Indonesia,Sulfur Dioxide
R11,E13,2060,704212.6524588906,2026-05-13 09:47:49.138,Thailand,Sulfur Dioxide
R12,E13,2060,13230.29510493264,2026-05-13 09:47:49.138,Myanmar,Sulfur Dioxide
R13,E13,2060,36410.22547503114,2026-05-13 09:47:49.138,Laos,Sulfur Dioxide
R14,E13,2060,323238.2342247723,2026-05-13 09:47:49.138,Vietnam,Sulfur Dioxide
R15,E13,2060,30983.54274484776,2026-05-13 09:47:49.138,Brunei,Sulfur Dioxide
R16,E13,2060,35788.307054849465,2026-05-13 09:47:49.138,Singapore,Sulfur Dioxide
R17,E13,2060,153168.09711933418,2026-05-13 09:47:49.138,Malaysia,Sulfur Dioxide
R19,E13,2060,184520.75452860247,2026-05-13 09:47:49.138,Philippines,Sulfur Dioxide
R20,E13,2060,1383.8437776775206,2026-05-13 09:47:49.138,Timor Leste,Sulfur Dioxide
R6,E13,2060,36487.223841633335,2026-05-13 09:47:49.138,Cambodia,Sulfur Dioxide
R1,E15,2060,45265.63573719607,2026-05-13 09:47:49.138,Indonesia,Ammonia
R11,E15,2060,13770.820470929792,2026-05-13 09:47:49.138,Thailand,Ammonia
R12,E15,2060,2039.5590654312844,2026-05-13 09:47:49.138,Myanmar,Ammonia
R13,E15,2060,921.2539037024087,2026-05-13 09:47:49.138,Laos,Ammonia
R14,E15,2060,11348.942811775676,2026-05-13 09:47:49.138,Vietnam,Ammonia
R15,E15,2060,736.0972080879994,2026-05-13 09:47:49.138,Brunei,Ammonia
R16,E15,2060,1117.0295348825816,2026-05-13 09:47:49.138,Singapore,Ammonia
R17,E15,2060,9188.194988592099,2026-05-13 09:47:49.138,Malaysia,Ammonia
R19,E15,2060,5788.407202102994,2026-05-13 09:47:49.138,Philippines,Ammonia
R20,E15,2060,200.42337757961897,2026-05-13 09:47:49.138,Timor Leste,Ammonia
R6,E15,2060,149.38713879123387,2026-05-13 09:47:49.138,Cambodia,Ammonia
R1,E16,2060,49428.06051063958,2026-05-13 09:47:49.138,Indonesia,Particulates PM2pt5
R11,E16,2060,95168.95403338989,2026-05-13 09:47:49.138,Thailand,Particulates PM2pt5
R12,E16,2060,3082.930257040606,2026-05-13 09:47:49.138,Myanmar,Particulates PM2pt5
R13,E16,2060,4355.857350913393,2026-05-13 09:47:49.138,Laos,Particulates PM2pt5
R14,E16,2060,55262.29444426869,2026-05-13 09:47:49.138,Vietnam,Particulates PM2pt5
R15,E16,2060,2378.098801840811,2026-05-13 09:47:49.138,Brunei,Particulates PM2pt5
R16,E16,2060,11424.942364755088,2026-05-13 09:47:49.138,Singapore,Particulates PM2pt5
R17,E16,2060,9463.347293438035,2026-05-13 09:47:49.138,Malaysia,Particulates PM2pt5
R19,E16,2060,34204.78427557655,2026-05-13 09:47:49.138,Philippines,Particulates PM2pt5
R20,E16,2060,1400.6776652278165,2026-05-13 09:47:49.138,Timor Leste,Particulates PM2pt5
R6,E16,2060,3947.468953038271,2026-05-13 09:47:49.138,Cambodia,Particulates PM2pt5
R1,E18,2060,9335.860379685084,2026-05-13 09:47:49.138,Indonesia,Black Carbon
R11,E18,2060,5263.053347558488,2026-05-13 09:47:49.138,Thailand,Black Carbon
R12,E18,2060,847.2311273764341,2026-05-13 09:47:49.138,Myanmar,Black Carbon
R13,E18,2060,851.8194254602749,2026-05-13 09:47:49.138,Laos,Black Carbon
R14,E18,2060,5324.616794721373,2026-05-13 09:47:49.138,Vietnam,Black Carbon
R15,E18,2060,132.29668769913718,2026-05-13 09:47:49.138,Brunei,Black Carbon
R16,E18,2060,1400.1501139663735,2026-05-13 09:47:49.138,Singapore,Black Carbon
R17,E18,2060,916.565465355746,2026-05-13 09:47:49.138,Malaysia,Black Carbon
R19,E18,2060,7660.946890430779,2026-05-13 09:47:49.138,Philippines,Black Carbon
R20,E18,2060,176.05897800106726,2026-05-13 09:47:49.138,Timor Leste,Black Carbon
R6,E18,2060,111.19209210148718,2026-05-13 09:47:49.138,Cambodia,Black Carbon
R1,E19,2060,12996.55930867917,2026-05-13 09:47:49.138,Indonesia,Organic Carbon
R11,E19,2060,11417.60978224919,2026-05-13 09:47:49.138,Thailand,Organic Carbon
R12,E19,2060,1465.171313377882,2026-05-13 09:47:49.138,Myanmar,Organic Carbon
R13,E19,2060,1814.8316745037328,2026-05-13 09:47:49.138,Laos,Organic Carbon
R14,E19,2060,7588.610922901651,2026-05-13 09:47:49.138,Vietnam,Organic Carbon
R15,E19,2060,0.21368991979818408,2026-05-13 09:47:49.138,Brunei,Organic Carbon
R16,E19,2060,3985.994585660839,2026-05-13 09:47:49.138,Singapore,Organic Carbon
R17,E19,2060,424.50157260217185,2026-05-13 09:47:49.138,Malaysia,Organic Carbon
R19,E19,2060,13368.5565819469,2026-05-13 09:47:49.138,Philippines,Organic Carbon
R20,E19,2060,606.1233665100253,2026-05-13 09:47:49.138,Timor Leste,Organic Carbon
R6,E19,2060,176.23461199492607,2026-05-13 09:47:49.138,Cambodia,Organic Carbon
R1,E2,2060,431714497.72426796,2026-05-13 09:47:49.138,Indonesia,Carbon Dioxide
R11,E2,2060,431106973.43493265,2026-05-13 09:47:49.138,Thailand,Carbon Dioxide
R12,E2,2060,45623306.007265724,2026-05-13 09:47:49.138,Myanmar,Carbon Dioxide
R13,E2,2060,9284016.860304497,2026-05-13 09:47:49.138,Laos,Carbon Dioxide
R14,E2,2060,222242936.15876377,2026-05-13 09:47:49.138,Vietnam,Carbon Dioxide
R15,E2,2060,29584340.393665105,2026-05-13 09:47:49.138,Brunei,Carbon Dioxide
R16,E2,2060,194301372.46737665,2026-05-13 09:47:49.138,Singapore,Carbon Dioxide
R17,E2,2060,275803271.8014977,2026-05-13 09:47:49.138,Malaysia,Carbon Dioxide
R19,E2,2060,108940419.03873894,2026-05-13 09:47:49.138,Philippines,Carbon Dioxide
R20,E2,2060,595501.3976437078,2026-05-13 09:47:49.138,Timor Leste,Carbon Dioxide
R6,E2,2060,15445848.240678214,2026-05-13 09:47:49.138,Cambodia,Carbon Dioxide
R1,E3,2060,349373.10911207425,2026-05-13 09:47:49.138,Indonesia,Carbon Monoxide
R11,E3,2060,288291.815221983,2026-05-13 09:47:49.138,Thailand,Carbon Monoxide
R12,E3,2060,42196.06487451842,2026-05-13 09:47:49.138,Myanmar,Carbon Monoxide
R13,E3,2060,49216.49716054876,2026-05-13 09:47:49.138,Laos,Carbon Monoxide
R14,E3,2060,179438.97260914723,2026-05-13 09:47:49.138,Vietnam,Carbon Monoxide
R15,E3,2060,14885.379977359162,2026-05-13 09:47:49.138,Brunei,Carbon Monoxide
R16,E3,2060,33862.94800887487,2026-05-13 09:47:49.138,Singapore,Carbon Monoxide
R17,E3,2060,162004.32973493412,2026-05-13 09:47:49.138,Malaysia,Carbon Monoxide
R19,E3,2060,513910.2944467231,2026-05-13 09:47:49.138,Philippines,Carbon Monoxide
R20,E3,2060,16287.461561906926,2026-05-13 09:47:49.138,Timor Leste,Carbon Monoxide
R6,E3,2060,8520.915200193416,2026-05-13 09:47:49.138,Cambodia,Carbon Monoxide
R1,E4,2060,650598.2937813808,2026-05-13 09:47:49.138,Indonesia,Methane (Combustion and Biogenic)
R11,E4,2060,152586.69949578654,2026-05-13 09:47:49.138,Thailand,Methane (Combustion and Biogenic)
R12,E4,2060,110657.40369580226,2026-05-13 09:47:49.138,Myanmar,Methane (Combustion and Biogenic)
R13,E4,2060,13891.58297763278,2026-05-13 09:47:49.138,Laos,Methane (Combustion and Biogenic)
R14,E4,2060,183045.07310982244,2026-05-13 09:47:49.138,Vietnam,Methane (Combustion and Biogenic)
R15,E4,2060,38808.207841559655,2026-05-13 09:47:49.138,Brunei,Methane (Combustion and Biogenic)
R16,E4,2060,130516.71129073197,2026-05-13 09:47:49.138,Singapore,Methane (Combustion and Biogenic)
R17,E4,2060,358967.99626582867,2026-05-13 09:47:49.138,Malaysia,Methane (Combustion and Biogenic)
R19,E4,2060,13931.418939040912,2026-05-13 09:47:49.138,Philippines,Methane (Combustion and Biogenic)
R20,E4,2060,1115.677943014623,2026-05-13 09:47:49.138,Timor Leste,Methane (Combustion and Biogenic)
R6,E4,2060,9181.861604836453,2026-05-13 09:47:49.138,Cambodia,Methane (Combustion and Biogenic)
R1,E5,2060,236308.64173815254,2026-05-13 09:47:49.138,Indonesia,Non Methane Volatile Organic Compounds
R11,E5,2060,89488.15326392879,2026-05-13 09:47:49.138,Thailand,Non Methane Volatile Organic Compounds
R12,E5,2060,31881.311515997095,2026-05-13 09:47:49.138,Myanmar,Non Methane Volatile Organic Compounds
R13,E5,2060,14714.046216475668,2026-05-13 09:47:49.138,Laos,Non Methane Volatile Organic Compounds
R14,E5,2060,72738.25525511222,2026-05-13 09:47:49.138,Vietnam,Non Methane Volatile Organic Compounds
R15,E5,2060,25494.076941189294,2026-05-13 09:47:49.138,Brunei,Non Methane Volatile Organic Compounds
R16,E5,2060,158812.274914803,2026-05-13 09:47:49.138,Singapore,Non Methane Volatile Organic Compounds
R17,E5,2060,132178.32618722587,2026-05-13 09:47:49.138,Malaysia,Non Methane Volatile Organic Compounds
R19,E5,2060,176346.6521232365,2026-05-13 09:47:49.138,Philippines,Non Methane Volatile Organic Compounds
R20,E5,2060,7615.083791871254,2026-05-13 09:47:49.138,Timor Leste,Non Methane Volatile Organic Compounds
R6,E5,2060,6362.222991802595,2026-05-13 09:47:49.138,Cambodia,Non Methane Volatile Organic Compounds
R1,E7,2060,504831.7846908996,2026-05-13 09:47:49.138,Indonesia,Nitrogen Oxides
R11,E7,2060,1136710.388621817,2026-05-13 09:47:49.138,Thailand,Nitrogen Oxides
R12,E7,2060,59677.248079208155,2026-05-13 09:47:49.138,Myanmar,Nitrogen Oxides
R13,E7,2060,20170.328907602783,2026-05-13 09:47:49.138,Laos,Nitrogen Oxides
R14,E7,2060,762998.4303662628,2026-05-13 09:47:49.138,Vietnam,Nitrogen Oxides
R15,E7,2060,40957.07195963495,2026-05-13 09:47:49.138,Brunei,Nitrogen Oxides
R16,E7,2060,214262.916948007,2026-05-13 09:47:49.138,Singapore,Nitrogen Oxides
R17,E7,2060,367808.92236091313,2026-05-13 09:47:49.138,Malaysia,Nitrogen Oxides
R19,E7,2060,509371.54676944803,2026-05-13 09:47:49.138,Philippines,Nitrogen Oxides
R20,E7,2060,981.2452883613361,2026-05-13 09:47:49.138,Timor Leste,Nitrogen Oxides
R6,E7,2060,45828.06495262506,2026-05-13 09:47:49.138,Cambodia,Nitrogen Oxides
R1,E8,2060,2702.808817013922,2026-05-13 09:47:49.138,Indonesia,Nitrous Oxide
R11,E8,2060,3315.2568451618235,2026-05-13 09:47:49.138,Thailand,Nitrous Oxide
R12,E8,2060,146.88279897139873,2026-05-13 09:47:49.138,Myanmar,Nitrous Oxide
R13,E8,2060,108.38062968894819,2026-05-13 09:47:49.138,Laos,Nitrous Oxide
R14,E8,2060,2984.7224699876515,2026-05-13 09:47:49.138,Vietnam,Nitrous Oxide
R15,E8,2060,10.347728067539787,2026-05-13 09:47:49.138,Brunei,Nitrous Oxide
R16,E8,2060,4196.105847436037,2026-05-13 09:47:49.138,Singapore,Nitrous Oxide
R17,E8,2060,458.7175584188137,2026-05-13 09:47:49.138,Malaysia,Nitrous Oxide
R19,E8,2060,1356.7657367639467,2026-05-13 09:47:49.138,Philippines,Nitrous Oxide
R20,E8,2060,17.586582941048672,2026-05-13 09:47:49.138,Timor Leste,Nitrous Oxide
R6,E8,2060,241.65174440658217,2026-05-13 09:47:49.138,Cambodia,Nitrous Oxide
R1,E9,2060,53749.46367940013,2026-05-13 09:47:49.138,Indonesia,Particulates PM10
R11,E9,2060,110749.72565817839,2026-05-13 09:47:49.138,Thailand,Particulates PM10
R12,E9,2060,3157.319816274488,2026-05-13 09:47:49.138,Myanmar,Particulates PM10
R13,E9,2060,5178.2000005835325,2026-05-13 09:47:49.138,Laos,Particulates PM10
R14,E9,2060,63238.989361875,2026-05-13 09:47:49.138,Vietnam,Particulates PM10
R15,E9,2060,3098.757984999735,2026-05-13 09:47:49.138,Brunei,Particulates PM10
R16,E9,2060,12826.586865278883,2026-05-13 09:47:49.138,Singapore,Particulates PM10
R17,E9,2060,12058.306581358702,2026-05-13 09:47:49.138,Malaysia,Particulates PM10
R19,E9,2060,35852.92806529309,2026-05-13 09:47:49.138,Philippines,Particulates PM10
R20,E9,2060,1766.7957229866236,2026-05-13 09:47:49.138,Timor Leste,Particulates PM10
R6,E9,2060,4549.973418949679,2026-05-13 09:47:49.138,Cambodia,Particulates PM10
