r,t,region_name,tech_name,cat,renew,peak_GW,first_GW,last_GW,n_dips,biggest_dip_GW,biggest_pos_delta_GW,pulse_ratio,monotone_increasing
R1,P14428,Indonesia,Nuclear SMR,Nuclear,True,0.4807692,0.4807692,0.09615320000000015,4,-0.09615399999999999,0.0,,False
R19,P14442,Philippines,Wind Offshore,Wind Offshore,True,50.1,7.0,50.1,1,-11.0,29.0,1.6022099447513811,False
R16,P2847,Singapore,Solar PV,Solar PV,True,2.537037037037037,1.537037037037037,1.0,1,-1.5370370370370372,1.0000000000000002,,False
R6,P2847,Cambodia,Solar PV,Solar PV,True,9.790000000000001,1.94,9.566,1,-0.2240000000000002,4.800000000000001,1.2229299363057324,False
R11,P2731,Thailand,Biomass Gasification,Biomass/Waste,True,9.8025,4.205,9.8025,1,-0.1924999999999999,4.135000000000001,1.4283246977547497,False
R6,P2713,Cambodia,Wind Onshore,Wind Onshore,True,3.418,0.06899999999999995,3.349,1,-0.06899999999999995,2.7990000000000004,1.671543744401314,False
R1,P16756,Indonesia,Solar PV Rooftop,Solar PV,True,15.483,2.5805000000000002,15.483,0,0.0,12.9025,,True
R1,P19896,Indonesia,Solar PV_IDJW,Solar PV,True,1.3455,0.1189,1.3455,0,0.0,0.9133999999999999,1.4893200717430295,True
R1,P20164,Indonesia,Solar PV_IDSA,Solar PV,True,5.4826,0.2497,5.4826,0,0.0,3.0527999999999995,1.166771770910967,True
R1,P20186,Indonesia,Solar PV_IDKA,Solar PV,True,2.7797,0.1266,2.7797,0,0.0,1.5477,1.1667106403829481,True
R1,P20208,Indonesia,Solar PV_IDEast,Solar PV,True,6.1914,0.2819,6.1914,0,0.0,3.4475,1.1667653777815383,True
R1,P20230,Indonesia,Wind Onshore_IDJW,Wind Onshore,True,0.0692,0.0268,0.0692,0,0.0,0.04239999999999999,,True
R1,P20296,Indonesia,Wind Onshore_IDEast,Wind Onshore,True,7.117799999999999,2.7382,7.117799999999999,0,0.0,4.379599999999999,,True
R1,P20318,Indonesia,Geothermal Flash_IDJW,Geothermal,True,5.1953000000000005,0.23609999999999998,5.1953000000000005,0,0.0,3.1097999999999995,1.8911457066407196,True
R1,P20340,Indonesia,Geothermal Flash_IDSA,Geothermal,True,2.6663,0.1886,2.6663,0,0.0,1.8077000000000003,1.4591758485692379,True
R1,P20384,Indonesia,Geothermal Flash_IDEast,Geothermal,True,0.6195,0.1582,0.6195,0,0.0,0.2355,1.0429583702391494,True
R1,P20406,Indonesia,Large Hydro_IDJW,Large Hydro,True,9.9222,5.1174,9.9222,0,0.0,3.7309,1.552988677988678,True
R1,P20428,Indonesia,Large Hydro_IDSA,Large Hydro,True,15.6,5.934374767494546,15.6,0,0.0,5.352203061011762,2.973923483274372,True
R1,P20450,Indonesia,Large Hydro_IDKA,Large Hydro,True,21.6,2.7534170040054744,21.6,0,0.0,15.23651358632528,9.387428281976607,True
R1,P20472,Indonesia,Large Hydro_IDEast,Large Hydro,True,32.980000000000004,3.2471515013598,32.980000000000004,0,0.0,12.911964707978393,5.178221663346985,True
R1,P21627,Indonesia,Biomass Other_IDJW,Biomass/Waste,True,0.1695496728,0.1695496728,0.1695496728,0,0.0,0.0,,True
R1,P21659,Indonesia,Biomass Other_IDSA,Biomass/Waste,True,2.7557090509999997,2.319709051,2.7557090509999997,0,0.0,0.387,1.7752293577981655,True
R1,P21691,Indonesia,Biomass Other_IDKA,Biomass/Waste,True,0.47403673609999997,0.41603673609999997,0.47403673609999997,0,0.0,0.030999999999999972,1.0689655172413783,True
R1,P21723,Indonesia,Biomass Other_IDEast,Biomass/Waste,True,0.36206453975,0.021064539750000003,0.36206453975,0,0.0,0.326,1.912023460410557,True
R1,P21773,Indonesia,Biogas_IDKA,Biomass/Waste,True,0.05887778261,0.04267778261,0.05887778261,0,0.0,0.011000000000000003,1.3580246913580252,True
R1,P21791,Indonesia,Biogas_IDSA,Biomass/Waste,True,0.1414146476,0.1124146476,0.1414146476,0,0.0,0.015999999999999986,1.103448275862068,True
R1,P23302,Indonesia,Small Hydro_IDJW,Small Hydro,True,3.0500000000000003,2.6715000000000004,3.0500000000000003,0,0.0,0.3705000000000003,1.9577278731836218,True
R1,P23325,Indonesia,Small Hydro_IDSA,Small Hydro,True,5.73,3.4618136725065156,5.73,0,0.0,1.6721196918950074,5.681041155644978,True
R1,P23348,Indonesia,Small Hydro_IDKA,Small Hydro,True,8.1,1.428528843436819,8.1,0,0.0,5.359061875784399,8.225669540252852,True
R1,P23371,Indonesia,Small Hydro_IDEast,Small Hydro,True,2.5,1.9798548692727185,2.5,0,0.0,0.29699999999999993,1.141988965982345,True
R1,P2890,Indonesia,Waste,Biomass/Waste,True,0.48947,0.03647,0.48947,0,0.0,0.43400000000000005,1.916114790286976,True
R11,P2713,Thailand,Wind Onshore,Wind Onshore,True,4.529,1.54,4.529,0,0.0,2.1350000000000002,1.4285714285714288,True
R11,P2724,Thailand,Large Hydro,Large Hydro,True,7.47325,3.136,7.47325,0,0.0,2.075,1.1232913790770065,True
R11,P2824,Thailand,Small Hydro,Small Hydro,True,0.6277999999999999,0.22,0.6277999999999999,0,0.0,0.3197999999999999,1.5684158901422265,True
R11,P2847,Thailand,Solar PV,Solar PV,True,19.847,3.38,19.847,0,0.0,8.500000000000002,1.5953453453453457,True
R11,P2890,Thailand,Waste,Biomass/Waste,True,0.975,0.6950000000000001,0.975,0,0.0,0.2799999999999999,,True
R11,P2907,Thailand,Biogas,Biomass/Waste,True,1.565,1.115,1.565,0,0.0,0.44999999999999996,,True
R11,P4240,Thailand,Solar Floating,Solar PV,True,2.725002,1.94643,2.725002,0,0.0,0.7785719999999998,,True
R12,P2724,Myanmar,Large Hydro,Large Hydro,True,4.04319,3.27,4.04319,0,0.0,0.77319,,True
R12,P2847,Myanmar,Solar PV,Solar PV,True,0.22,0.22,0.22,0,0.0,0.0,,True
R13,P2713,Laos,Wind Onshore,Wind Onshore,True,1.6,1.0,1.6,0,0.0,0.30000000000000004,1.0,True
R13,P2724,Laos,Large Hydro,Large Hydro,True,16.795840000000002,11.06384,16.795840000000002,0,0.0,5.732000000000001,,True
R13,P2847,Laos,Solar PV,Solar PV,True,1.1160000000000005,0.083,1.1160000000000005,0,0.0,0.501,1.8834586466165388,True
R13,P2956,Laos,Biomass Other,Biomass/Waste,True,0.158,0.135,0.158,0,0.0,0.022999999999999993,,True
R13,P4240,Laos,Solar Floating,Solar PV,True,0.886,0.5,0.886,0,0.0,0.20000000000000007,1.0362694300518138,True
R14,P14442,Vietnam,Wind Offshore,Wind Offshore,True,91.5,15.0,91.5,0,0.0,34.0,1.7215189873417722,True
R14,P16756,Vietnam,Solar PV Rooftop,Solar PV,True,186.103,31.817,186.103,0,0.0,55.67400000000001,1.407081658958223,True
R14,P2713,Vietnam,Wind Onshore,Wind Onshore,True,77.05,13.416,77.05,0,0.0,16.15,1.0912162162162162,True
R14,P2724,Vietnam,Large Hydro,Large Hydro,True,27.963,25.043,27.963,0,0.0,1.7739999999999974,2.7893081761006124,True
R14,P2824,Vietnam,Small Hydro,Small Hydro,True,7.837000000000003,2.382,7.837000000000003,0,0.0,2.5780000000000016,2.6014127144298715,True
R14,P2847,Vietnam,Solar PV,Solar PV,True,74.35725000000001,17.263,74.35725000000001,0,0.0,17.823350000000005,1.407108430405829,True
R14,P2956,Vietnam,Biomass Other,Biomass/Waste,True,6.549,0.992,6.549,0,0.0,4.261,1.533561274068742,True
R15,P16756,Brunei,Solar PV Rooftop,Solar PV,True,1.0,0.2,1.0,0,0.0,0.20000000000000007,1.0000000000000004,True
R15,P2847,Brunei,Solar PV,Solar PV,True,1.0068,0.0068,1.0068,0,0.0,0.44000000000000006,10.999999999999991,True
R16,P14446,Singapore,Solar CSP,Solar CSP,True,0.5,0.5,0.5,0,0.0,0.0,,True
R16,P16756,Singapore,Solar PV Rooftop,Solar PV,True,1.537037037037037,1.537037037037037,1.537037037037037,0,0.0,0.0,,True
R16,P4240,Singapore,Solar Floating,Solar PV,True,0.45719999999999994,0.026670000000000003,0.45719999999999994,0,0.0,0.4305299999999999,,True
R17,P16756,Malaysia,Solar PV Rooftop,Solar PV,True,2.0211,0.4644,2.0211,0,0.0,0.7661,1.8934750370736526,True
R17,P20494,Malaysia,Solar PV_MYPE,Solar PV,True,45.71910000000001,9.143799999999999,45.71910000000001,0,0.0,13.715750000000007,1.0,True
R17,P20516,Malaysia,Solar PV_MYSB,Solar PV,True,4.2809,0.8562000000000001,4.2809,0,0.0,1.2842500000000001,1.0000000000000004,True
R17,P20626,Malaysia,Large Hydro_MYPE,Large Hydro,True,0.9389,0.8695,0.9389,0,0.0,0.0693999999999999,,True
R17,P20908,Malaysia,Wind Onshore_MYSR,Wind Onshore,True,3.8243578811864407,2.1781925093379533,3.8243578811864407,0,0.0,0.41052444738151417,1.1480828809860113,True
R17,P21296,Malaysia,Large Hydro_MYSB,Large Hydro,True,0.12890000000000001,0.0978,0.12890000000000001,0,0.0,0.02889999999999998,1.8585209003215413,True
R17,P21305,Malaysia,Large Hydro_MYSR,Large Hydro,True,4.8018,3.572,4.8018,0,0.0,1.1393999999999993,1.8529842250772472,True
R17,P21563,Malaysia,Biomass Other_MYPE,Biomass/Waste,True,0.6447999999999999,0.6447999999999999,0.6447999999999999,0,0.0,0.0,,True
R17,P22388,Malaysia,Biomass Other_MYSB,Biomass/Waste,True,0.18330000000000002,0.18330000000000002,0.18330000000000002,0,0.0,0.0,,True
R17,P2907,Malaysia,Biogas,Biomass/Waste,True,0.15340000000000004,0.0819,0.15340000000000004,0,0.0,0.04730000000000001,1.3230769230769226,True
R19,P14268,Philippines,Nuclear LWR,Nuclear,True,4.32,2.16,4.32,0,0.0,0.7200000000000002,1.0,True
R19,P14428,Philippines,Nuclear SMR,Nuclear,True,0.48,0.24,0.48,0,0.0,0.08000000000000002,1.0,True
R19,P16756,Philippines,Solar PV Rooftop,Solar PV,True,0.5482400000000001,0.00824,0.5482400000000001,0,0.0,0.27,1.5,True
R19,P2713,Philippines,Wind Onshore,Wind Onshore,True,14.9351,1.8300999999999998,14.9351,0,0.0,4.718,2.1445454545454536,True
R19,P2724,Philippines,Large Hydro,Large Hydro,True,3.836027,3.836027,3.836027,0,0.0,0.0,,True
R19,P2824,Philippines,Small Hydro,Small Hydro,True,4.6321,0.1221,4.6321,0,0.0,1.815,1.8857142857142855,True
R19,P2847,Philippines,Solar PV,Solar PV,True,29.738576000000002,4.956976000000001,29.738576000000002,0,0.0,7.5,1.4949172812437708,True
R19,P2851,Philippines,Geothermal Flash,Geothermal,True,2.838739,2.071739,2.838739,0,0.0,0.34999999999999964,1.7199017199017181,True
R19,P2956,Philippines,Biomass Other,Biomass/Waste,True,0.5950259999999999,0.5950259999999999,0.5950259999999999,0,0.0,0.0,,True
R19,P4240,Philippines,Solar Floating,Solar PV,True,4.0,0.806,4.0,0,0.0,1.694,1.060738885410144,True
R6,P14424,Cambodia,Geothermal ORC,Geothermal,True,0.2219643212504112,0.2219643212504112,0.2219643212504112,0,0.0,0.0,,True
R6,P16756,Cambodia,Solar PV Rooftop,Solar PV,True,0.45,0.12930769230769232,0.45,0,0.0,0.08653846153846156,1.0,True
R6,P2724,Cambodia,Large Hydro,Large Hydro,True,3.2141683999999997,2.0334684,3.2141683999999997,0,0.0,0.8827000000000003,4.456580276001339,True
R6,P2824,Cambodia,Small Hydro,Small Hydro,True,0.2,0.2,0.2,0,0.0,0.0,,True
R6,P2956,Cambodia,Biomass Other,Biomass/Waste,True,0.449,0.049,0.449,0,0.0,0.4,,True
R1,P2510,Indonesia,Gasoline,Other,False,178.62569548958086,114.70940451670148,31.6990382869173,2,-114.70940451670148,32.21725268596208,1.0081077044859295,False
R14,P2627,Vietnam,All Mines,Other,False,250.46398477743034,42.1971572094775,191.22754822407163,2,-42.197157209477496,178.09598875141631,10.452084572189985,False
R14,P2510,Vietnam,Gasoline,Other,False,45.78349479506832,36.961360585892464,4.107620568474013,2,-36.961360585892464,4.714513640701838,1.147748084836689,False
R17,P2510,Malaysia,Gasoline,Other,False,46.16399372373122,27.674959234599164,14.327944731571838,2,-27.674959234599164,14.32794473157184,1.5498856622279416,False
R11,P2510,Thailand,Gasoline,Other,False,28.981820867060613,21.200533364728283,4.4452830913232955,2,-21.200533364728283,4.445283091323294,1.1425572156255335,False
R17,P2627,Malaysia,All Mines,Other,False,36.55653738802418,16.5868245033035,19.84684057456256,2,-16.586824503303497,19.846840574562556,1.9876941335243594,False
R17,P20955,Malaysia,Gas Turbine_MYPE,Gas,False,49.89602739291591,10.321649010258037,36.112051604844716,2,-10.321649010258042,29.621661712927644,7.78796222875602,False
R19,P2510,Philippines,Gasoline,Other,False,14.718232411280068,7.3603329027060695,6.076838626716416,2,-7.3603329027060695,6.076838626716416,1.6517862522137492,False
R12,P2510,Myanmar,Gasoline,Other,False,8.886261933608132,4.1880375385385085,4.096031727699252,2,-4.188037538538508,4.096031727699251,1.7436509554535873,False
R20,P23146,Timor Leste,POME Biodiesel,Diesel,False,75.16425033445105,14.01367996545968,69.32747146549774,2,-3.51653757485019,17.081042583442756,1.1788030802316145,False
R6,P2510,Cambodia,Gasoline,Other,False,5.91417863816807,3.44892441093569,1.277238105360811,2,-3.44892441093569,1.2772381053608113,1.0361917981941389,False
R19,P2668,Philippines,Natural Gas,Other,False,2.944235895657682,1.6201527774553355,1.1734256904445841,2,-1.6201527774553357,1.1734256904445843,1.7724350900836139,False
R6,P2627,Cambodia,All Mines,Other,False,2.8367955831858986,1.5871909487539722,1.1729848981159052,2,-1.5871909487539724,1.1729848981159054,1.8773696348351772,False
R14,P16089,Vietnam,All Mines,Other,False,3.6418165446924444,1.4601490188766613,0.8908367579908675,2,-1.4601490188766615,1.2908307678249156,1.1833432478142973,False
R13,P2510,Laos,Gasoline,Other,False,1.5212654321688293,1.4168571057187287,0.03193721694936773,2,-1.4168571057187287,0.07247110950073288,1.3882247128128942,False
R1,P22252,Indonesia,Gas Turbine_IDJW,Gas,False,15.0,2.025661021,15.0,2,-1.2213999999999996,5.0,1.0,False
R14,P2776,Vietnam,Diesel,Diesel,False,1.50325,1.50325,0.17849999999999977,2,-0.87195,0.0,,False
R19,P2521,Philippines,Natural Gas,Other,False,1.7872023082190396,1.6738844689072585,1.2555706248597664,2,-0.41920652538781056,0.11331783931178108,,False
R19,P2605,Philippines,Natural Gas,Other,False,1.7872023082190396,1.6738844689072596,1.2555706248597664,2,-0.41920652538781056,0.11242515797146257,1.9842446459314973,False
R20,P2510,Timor Leste,Gasoline,Other,False,1.1712271114589177,0.38007904629165723,0.6986206419119962,2,-0.38007904629165723,0.6986206419119962,1.7660932830930895,False
R19,P2720,Philippines,Coal Subcritical,Coal,False,11.220436,11.220436,10.977735999999998,2,-0.14270000000000138,0.0,,False
R1,P16068,Indonesia,All Mines,Other,False,408.2074897415698,377.78120649774604,296.84368557411676,1,-111.36380416745305,30.426283243823775,,False
R16,P2510,Singapore,Gasoline,Other,False,68.05427859516973,34.78535066888256,33.26000092349828,1,-34.78535066888255,33.260000923498275,1.9994633429241435,False
R11,P2627,Thailand,All Mines,Other,False,71.2865820285637,27.546445938338483,43.740136090225214,1,-27.546445938338486,43.74013609022522,,False
R17,P2641,Malaysia,Electricity,Other,False,51.42483568305048,20.39610206691174,34.036829110370704,1,-20.39610206691174,27.045949300883038,9.29721283299137,False
R17,P2668,Malaysia,Natural Gas,Other,False,53.591327617657434,18.192098783593075,35.39922883406436,1,-18.192098783593075,35.39922883406436,,False
R1,P2627,Indonesia,All Mines,Other,False,299.6939495526585,69.5668822362162,282.1672495221899,1,-17.526700030468646,68.97264078126756,1.832443316344174,False
R12,P2668,Myanmar,Natural Gas,Other,False,31.336464044175287,15.389270082889897,15.947193961285391,1,-15.389270082889896,15.94719396128539,,False
R14,P2668,Vietnam,Natural Gas,Other,False,43.60895530548386,14.928987131677872,28.67996817380599,1,-14.928987131677872,28.67996817380599,,False
R1,P2683,Indonesia,LPG,Other,False,23.377327051723555,13.600397280833326,9.776929770890227,1,-13.600397280833327,9.776929770890229,,False
R11,P2668,Thailand,Natural Gas,Other,False,22.841519913355384,11.879001013979872,10.96251889937551,1,-11.879001013979874,10.962518899375512,,False
R16,P2521,Singapore,Natural Gas,Other,False,11.016201626304584,11.016201626304584,2.4631893713805235,1,-8.55301225492406,0.0,,False
R16,P2605,Singapore,Natural Gas,Other,False,11.016201626304584,11.016201626304584,2.4631893713805235,1,-8.55301225492406,0.0,,False
R11,P2683,Thailand,LPG,Other,False,25.475607595821014,8.144468145640516,17.331139450180498,1,-8.144468145640516,17.331139450180498,,False
R19,P2627,Philippines,All Mines,Other,False,17.08915835332307,7.381079527349681,9.708078825973391,1,-7.38107952734968,9.708078825973391,,False
R16,P14937,Singapore,SMR,Other,False,7.110780432285759,7.110780432285759,0.0015393307991966427,1,-7.109773869530378,0.0003050680353003242,1.145218970400521,False
R17,P2683,Malaysia,LPG,Other,False,13.682213652467224,5.391907926246464,8.29030572622076,1,-5.391907926246464,8.29030572622076,,False
R19,P16068,Philippines,All Mines,Other,False,9.942331269520546,4.971165634760273,4.971165634760273,1,-4.971165634760273,4.971165634760273,,False
R14,P2683,Vietnam,LPG,Other,False,9.716516020773067,4.297526696697337,5.418989324075731,1,-4.297526696697336,5.4189893240757305,,False
R12,P2627,Myanmar,All Mines,Other,False,11.645795421101067,3.479946901617603,8.165848519483465,1,-3.479946901617602,8.165848519483465,,False
R12,P2516,Myanmar,Electricity,Other,False,8.59560454984113,2.813521634175962,5.7820829156651685,1,-2.813521634175962,5.7820829156651685,,False
R19,P2683,Philippines,LPG,Other,False,5.466452495172429,2.7458223284015504,2.6867939200709348,1,-2.7458223284015504,2.6867939200709348,1.9751261695814364,False
R12,P2641,Myanmar,Electricity,Other,False,8.174419926898914,2.6756590741013397,5.498760852797575,1,-2.675659074101339,5.498760852797574,,False
R15,P2510,Brunei,Gasoline,Other,False,5.102541539890656,2.610326068077125,2.470550241543267,1,-2.610326068077125,2.470550241543267,1.9826136780585035,False
R16,P2627,Singapore,All Mines,Other,False,5.697953837809475,2.3034009435920186,3.3945528942174565,1,-2.3034009435920186,3.3945528942174565,,False
R16,P2668,Singapore,Natural Gas,Other,False,4.077017774804085,2.0054709965359385,2.0502975144413265,1,-2.005470996535938,2.050297514441326,1.9794846401252064,False
R17,P16131,Malaysia,All Mines,Other,False,3.0523502984181885,3.0523502984181885,1.241424112268382,1,-1.8109261861498065,0.0,,False
R11,P2521,Thailand,Natural Gas,Other,False,14.17010688141061,14.17010688141061,13.224013683151277,1,-1.3787906530813974,0.4326974548220637,,False
R11,P2605,Thailand,Natural Gas,Other,False,14.17010688141061,14.17010688141061,13.224013683151277,1,-1.3787906530813974,0.4326974548220637,,False
R13,P2627,Laos,All Mines,Other,False,2.593879606547662,1.0654867067562979,1.5283928997913643,1,-1.0654867067562979,1.5283928997913643,,False
R6,P2683,Cambodia,LPG,Other,False,1.736985060613859,0.9549985710192511,0.7819864895946078,1,-0.9549985710192512,0.7819864895946079,,False
R15,P2668,Brunei,Natural Gas,Other,False,1.9129812404885822,0.9293531877048862,0.9836280527836959,1,-0.9293531877048863,0.983628052783696,,False
R15,P2521,Brunei,Natural Gas,Other,False,1.9408615746065228,0.9045061822594318,1.0501772010460872,1,-0.9045061822594318,0.9208671773040824,73.1062937187535,False
R13,P2683,Laos,LPG,Other,False,2.2788102771897294,0.9006560499547887,1.3781542272349407,1,-0.9006560499547887,1.3781542272349407,,False
R15,P2683,Brunei,LPG,Other,False,1.6528868156874608,0.8353293840246278,0.8159654310534611,1,-0.8353293840246278,0.8159654310534611,1.9961054708875094,False
R16,P2683,Singapore,LPG,Other,False,1.732692315379913,0.7618389999361534,0.9708533154437594,1,-0.7618389999361536,0.9708533154437595,,False
R14,P16131,Vietnam,All Mines,Other,False,3.120900899518429,0.7007956958104917,2.420105203707937,1,-0.7007956958104917,2.420105203707937,,False
R13,P2668,Laos,Natural Gas,Other,False,1.287307397962485,0.6778684075473442,0.5832621820829573,1,-0.6778684075473441,0.5832621820829572,1.9140953934885188,False
R6,P2668,Cambodia,Natural Gas,Other,False,0.775728820177838,0.4739906459941223,0.28467613749646115,1,-0.4739906459941222,0.2846761374964611,1.8869083321431763,False
R17,P21230,Malaysia,Gas Combined Cycle_MYPE,Gas,False,15.908501000000001,12.13,15.908501000000001,1,-0.35609999999999964,2.7144340000000025,1.3130331076686734,False
R15,P16068,Brunei,All Mines,Other,False,0.42173861505296667,0.42173861505296667,0.08359505257380022,1,-0.33814356247916644,0.0,,False
R12,P2683,Myanmar,LPG,Other,False,0.456215934835609,0.22025951293288712,0.2359564219027219,1,-0.22025951293288712,0.2359564219027219,,False
R19,P16131,Philippines,All Mines,Other,False,0.8003240174359478,0.18877401028794802,0.6115500071479998,1,-0.18877401028794805,0.6115500071479998,,False
R15,P2516,Brunei,Electricity,Other,False,0.8448257396649194,0.8448257396649194,0.6837121155142887,1,-0.16111362415063069,0.0,,False
R14,P16068,Vietnam,All Mines,Other,False,0.36960794205000097,0.16108556052747317,0.2085223815225278,1,-0.16108556052747317,0.2085223815225278,,False
R16,P15321,Singapore,Gas Combined Cycle with CCS,Gas,False,0.49186826543561,0.15384615384615388,0.3380221115894564,1,-0.15384615384615363,0.33802211158945583,1.999999999999998,False
R15,P2641,Brunei,Electricity,Other,False,0.7916017180660294,0.7916017180660294,0.6406382522368885,1,-0.15187701141498822,0.0009135455858473307,,False
R6,P2831,Cambodia,Gas Combined Cycle,Gas,False,1.7389788715130872,0.15,1.7389788715130872,1,-0.15000000000000002,0.9389788715130871,1.079919816042481,False
R11,P16131,Thailand,All Mines,Other,False,0.27614611872146116,0.13807305936073058,0.13807305936073058,1,-0.13807305936073058,0.13807305936073058,,False
R13,P2521,Laos,Natural Gas,Other,False,0.7040452158795277,0.6648824329769496,0.5832621820829573,1,-0.0946062254643868,0.03916278290257813,,False
R13,P2605,Laos,Natural Gas,Other,False,0.7040452158795277,0.6648824329769496,0.5832621820829573,1,-0.0946062254643868,0.03916278290257813,,False
R15,P2627,Brunei,All Mines,Other,False,0.1378363189348234,0.08981229522277165,0.042528891414590014,1,-0.08981229522277165,0.042528891414590014,1.7711506919782434,False
R15,P2831,Brunei,Gas Combined Cycle,Gas,False,0.8313767819586007,0.4493765819586007,0.7480002,1,-0.08337658195860065,0.18983339999999993,1.227370062612015,False
R17,P21252,Malaysia,Gas Combined Cycle_MYSB,Gas,False,1.4940000000000002,1.1825,1.4940000000000002,1,-0.08040000000000003,0.3042,1.5524368461342175,False
R20,P2516,Timor Leste,Electricity,Other,False,0.19839737353330866,0.07673870946659472,0.14048993804025675,1,-0.07673870946659474,0.1040589396788751,10.40417423421433,False
R17,P21274,Malaysia,Gas Combined Cycle_MYSR,Gas,False,1.9602001,1.706,1.9602001,1,-0.0656000000000001,0.24903340000000007,1.5574316580889123,False
R1,P14612,Indonesia,Anaerobic Digestion,Other,False,0.09575854268196635,0.03890510770321319,0.05205359941300283,0,0.0,0.05205359941300283,1.8311505516757578,True
R1,P14937,Indonesia,SMR,Other,False,1.3470816512446642,0.0016318214645085563,1.3470816512446642,0,0.0,0.3717067289194158,1.1436376559685488,True
R1,P15103,Indonesia,PEM Electrolysis,Other,False,0.09682443000152487,0.03038490099034566,0.06643952901117921,0,0.0,0.06643952901117921,,True
R1,P16040,Indonesia,HVO Renewable Diesel,Diesel,False,15.398107697079599,0.018652887617979445,15.398107697079599,0,0.0,4.248874029530366,2.059534175411675,True
R1,P16110,Indonesia,All Mines,Other,False,3.538573294843591,3.538573294843591,3.538573294843591,0,0.0,0.0,,True
R1,P19874,Indonesia,Gasoline,Other,False,1000000000000.0,1000000000000.0,1000000000000.0,0,0.0,0.0,,True
R1,P19878,Indonesia,Ethanol,Other,False,1000000000000.0,1000000000000.0,1000000000000.0,0,0.0,0.0,,True
R1,P19882,Indonesia,Diesel,Diesel,False,1000000000000.0,1000000000000.0,1000000000000.0,0,0.0,0.0,,True
R1,P19886,Indonesia,Biodiesel,Diesel,False,1000000000000.0,1000000000000.0,1000000000000.0,0,0.0,0.0,,True
R1,P21809,Indonesia,Coal Subcritical_IDEast,Coal,False,9.87624924,9.80624924,9.87624924,0,0.0,0.06400000000000006,1.8285714285714227,True
R1,P21872,Indonesia,Coal Subcritical_IDJW,Coal,False,38.25653401,38.25653401,38.25653401,0,0.0,0.0,,True
R1,P21935,Indonesia,Coal Subcritical_IDKA,Coal,False,3.234069184,2.987069184,3.234069184,0,0.0,0.2469999999999999,,True
R1,P21998,Indonesia,Coal Subcritical_IDSA,Coal,False,8.257987570000001,7.940987570000001,8.257987570000001,0,0.0,0.2530000000000001,1.5962145110410093,True
R1,P22061,Indonesia,Diesel_IDEast,Diesel,False,2.794387735,2.794387735,2.794387735,0,0.0,0.0,,True
R1,P22078,Indonesia,Diesel_IDKA,Diesel,False,1.243633378,1.243633378,1.243633378,0,0.0,0.0,,True
R1,P22095,Indonesia,Diesel_IDSA,Diesel,False,1.4222304730000002,1.417230473,1.4222304730000002,0,0.0,0.0050000000000001155,,True
R1,P22112,Indonesia,Diesel_IDJW,Diesel,False,0.3640284137,0.3640284137,0.3640284137,0,0.0,0.0,,True
R1,P22129,Indonesia,Gas Combined Cycle_IDEast,Gas,False,3.0141010753,0.9141010753000001,3.0141010753,0,0.0,2.1,,True
R1,P22147,Indonesia,Gas Combined Cycle_IDKA,Gas,False,0.8587692315,0.1787692315,0.8587692315,0,0.0,0.6799999999999999,,True
R1,P22165,Indonesia,Gas Combined Cycle_IDSA,Gas,False,17.109372915094756,2.219284324,17.109372915094756,0,0.0,8.980088591094756,1.2061833663589394,True
R1,P22183,Indonesia,Gas Combined Cycle_IDJW,Gas,False,45.84954011365061,15.48625537,45.84954011365061,0,0.0,10.0,1.1618932875305692,True
R1,P22201,Indonesia,Gas Turbine_IDEast,Gas,False,15.0,5.0,15.0,0,0.0,5.0,1.0,True
R1,P22218,Indonesia,Gas Turbine_IDKA,Gas,False,15.0,5.0,15.0,0,0.0,5.0,1.0,True
R1,P22235,Indonesia,Gas Turbine_IDSA,Gas,False,15.0,0.335819716,15.0,0,0.0,5.0,1.0,True
R1,P22269,Indonesia,Gas Engine_IDEast,Gas,False,18.1157083681,1.1807083681,18.1157083681,0,0.0,5.000000000000002,1.0000000000000004,True
R1,P22286,Indonesia,Gas Engine_IDKA,Gas,False,14.832464524815435,0.5488861181,14.832464524815435,0,0.0,5.0,1.0830037456255486,True
R1,P22303,Indonesia,Gas Engine_IDSA,Gas,False,16.69026246410638,1.80367875,16.69026246410638,0,0.0,5.0,1.6066838046272491,True
R1,P22320,Indonesia,Gas Engine_IDJW,Gas,False,15.4415467641,0.2385467641,15.4415467641,0,0.0,5.0,1.0,True
R1,P2516,Indonesia,Electricity,Other,False,243.09558453803166,51.10727672617292,243.09558453803166,0,0.0,38.96316543279244,1.3477671078428939,True
R1,P2521,Indonesia,Natural Gas,Other,False,377.0592280686565,49.703239206865916,377.0592280686565,0,0.0,93.4014425213362,3.510363344089301,True
R1,P2589,Indonesia,Natural Gas,Other,False,34.89146038822626,34.89146038822626,34.89146038822626,0,0.0,0.0,,True
R1,P2605,Indonesia,Natural Gas,Other,False,377.0592280686565,49.70323920686592,377.0592280686565,0,0.0,93.4014425213362,3.5103633440893023,True
R1,P2641,Indonesia,Electricity,Other,False,212.86664860072736,50.93236125177978,212.86664860072736,0,0.0,55.307988126858106,1.7081818571422047,True
R1,P2668,Indonesia,Natural Gas,Other,False,98.89569419732369,32.690968770529636,98.89569419732369,0,0.0,13.565487940024276,1.191385788039108,True
R1,P3012,Indonesia,Coal Supercritical,Coal,False,9.752,6.635,9.752,0,0.0,2.253,1.4456207892204038,True
R1,P6126,Indonesia,Molasses,Other,False,1968453.6526019366,1968453.6526019366,1968453.6526019366,0,0.0,0.0,,True
R1,P6131,Indonesia,FAME Biodiesel,Diesel,False,19954503.732876718,19954503.732876718,19954503.732876718,0,0.0,0.0,,True
R1,P6142,Indonesia,Anaerobic Digestion with Upgrading,Other,False,0.26464052285490197,0.26464052285490197,0.26464052285490197,0,0.0,0.0,,True
R11,P14937,Thailand,SMR,Other,False,0.1216720864971514,0.002803970982419051,0.1216720864971514,0,0.0,0.0250058104535897,1.4304948410502345,True
R11,P16040,Thailand,HVO Renewable Diesel,Diesel,False,1.390799058008432,0.032051395790954035,1.390799058008432,0,0.0,0.2858343160278111,1.430494841050234,True
R11,P16068,Thailand,All Mines,Other,False,0.09846153846153849,0.09846153846153849,0.09846153846153845,0,0.0,0.0,,True
R11,P16166,Thailand,Sugarcane,Other,False,2204675.6271073264,2204675.6271073264,2204675.6271073264,0,0.0,0.0,,True
R11,P16170,Thailand,Cassava,Other,False,6128552.85434279,6128552.85434279,6128552.85434279,0,0.0,0.0,,True
R11,P19874,Thailand,Gasoline,Other,False,1000000000000.0,1000000000000.0,1000000000000.0,0,0.0,0.0,,True
R11,P19878,Thailand,Ethanol,Other,False,1000000000000.0,1000000000000.0,1000000000000.0,0,0.0,0.0,,True
R11,P19882,Thailand,Diesel,Diesel,False,1000000000000.0,1000000000000.0,1000000000000.0,0,0.0,0.0,,True
R11,P19886,Thailand,Biodiesel,Diesel,False,1000000000000.0,1000000000000.0,1000000000000.0,0,0.0,0.0,,True
R11,P2516,Thailand,Electricity,Other,False,69.13095157830334,25.113624313759445,69.13095157830334,0,0.0,9.171889684864908,1.1988220709558375,True
R11,P2641,Thailand,Electricity,Other,False,65.67440399938819,23.857943098071473,65.67440399938819,0,0.0,8.713295200621673,1.198822070955839,True
R11,P2720,Thailand,Coal Subcritical,Coal,False,6.140000000000001,6.140000000000001,6.140000000000001,0,0.0,0.0,,True
R11,P2776,Thailand,Diesel,Diesel,False,0.065,0.065,0.065,0,0.0,0.0,,True
R11,P2831,Thailand,Gas Combined Cycle,Gas,False,98.51149412047842,38.06,98.51149412047842,0,0.0,16.118119845092593,1.1426419175062918,True
R11,P3012,Thailand,Coal Supercritical,Coal,False,0.06,0.06,0.06,0,0.0,0.0,,True
R11,P6126,Thailand,Molasses,Other,False,30445308.47480804,30445308.47480804,30445308.47480804,0,0.0,0.0,,True
R11,P6131,Thailand,FAME Biodiesel,Diesel,False,3130666.6952054803,3130666.6952054803,3130666.6952054803,0,0.0,0.0,,True
R12,P19874,Myanmar,Gasoline,Other,False,1000000000000.0,1000000000000.0,1000000000000.0,0,0.0,0.0,,True
R12,P19878,Myanmar,Ethanol,Other,False,1000000000000.0,1000000000000.0,1000000000000.0,0,0.0,0.0,,True
R12,P19882,Myanmar,Diesel,Diesel,False,1000000000000.0,1000000000000.0,1000000000000.0,0,0.0,0.0,,True
R12,P19886,Myanmar,Biodiesel,Diesel,False,1000000000000.0,1000000000000.0,1000000000000.0,0,0.0,0.0,,True
R12,P2521,Myanmar,Natural Gas,Other,False,17.71910440142821,17.019473082512054,17.71910440142821,0,0.0,0.16060372484727026,1.8231644767071749,True
R12,P2605,Myanmar,Natural Gas,Other,False,19.687893779364682,18.910525647235612,19.687893779364682,0,0.0,0.178448583163636,1.8231644767071622,True
R12,P2720,Myanmar,Coal Subcritical,Coal,False,0.19,0.19,0.19,0,0.0,0.0,,True
R12,P2776,Myanmar,Diesel,Diesel,False,0.180739,0.180739,0.180739,0,0.0,0.0,,True
R12,P2808,Myanmar,Gas Turbine,Gas,False,1.1248,1.1248,1.1248,0,0.0,0.0,,True
R12,P2831,Myanmar,Gas Combined Cycle,Gas,False,5.595761193481927,1.0335999999999999,5.595761193481927,0,0.0,1.1500000000000012,1.000000000000001,True
R12,P2858,Myanmar,Gas Engine,Gas,False,0.8816,0.8816,0.8816,0,0.0,0.0,,True
R13,P16110,Laos,All Mines,Other,False,0.5773047031963469,0.5773047031963467,0.5773047031963469,0,0.0,2.220446049250313e-16,2.0,True
R13,P19874,Laos,Gasoline,Other,False,1000000000000.0,1000000000000.0,1000000000000.0,0,0.0,0.0,,True
R13,P19878,Laos,Ethanol,Other,False,1000000000000.0,1000000000000.0,1000000000000.0,0,0.0,0.0,,True
R13,P19882,Laos,Diesel,Diesel,False,1000000000000.0,1000000000000.0,1000000000000.0,0,0.0,0.0,,True
R13,P19886,Laos,Biodiesel,Diesel,False,1000000000000.0,1000000000000.0,1000000000000.0,0,0.0,0.0,,True
R13,P2516,Laos,Electricity,Other,False,6.92349701364884,4.961170500272449,6.92349701364884,0,0.0,1.0792582454093003,3.6494275593343044,True
R13,P2641,Laos,Electricity,Other,False,6.300382282420444,4.543368125932412,6.300382282420444,0,0.0,0.5405077778257343,1.6375786462449433,True
R13,P2720,Laos,Coal Subcritical,Coal,False,4.2780000000000005,1.8780000000000001,4.2780000000000005,0,0.0,2.4000000000000004,,True
R14,P19874,Vietnam,Gasoline,Other,False,1000000000000.0,1000000000000.0,1000000000000.0,0,0.0,0.0,,True
R14,P19878,Vietnam,Ethanol,Other,False,1000000000000.0,1000000000000.0,1000000000000.0,0,0.0,0.0,,True
R14,P19882,Vietnam,Diesel,Diesel,False,1000000000000.0,1000000000000.0,1000000000000.0,0,0.0,0.0,,True
R14,P19886,Vietnam,Biodiesel,Diesel,False,1000000000000.0,1000000000000.0,1000000000000.0,0,0.0,0.0,,True
R14,P2516,Vietnam,Electricity,Other,False,78.23486566639785,25.157747501077246,78.23486566639785,0,0.0,19.492631952897728,1.9943205329602103,True
R14,P2521,Vietnam,Natural Gas,Other,False,28.67996817380601,11.65600025407396,28.67996817380601,0,0.0,3.272986877603911,1.3487292335571768,True
R14,P2605,Vietnam,Natural Gas,Other,False,28.67996817380601,11.656000254073959,28.67996817380601,0,0.0,3.2729868776039126,1.3487292335571774,True
R14,P2641,Vietnam,Electricity,Other,False,73.37530698552955,23.59507401504783,73.37530698552955,0,0.0,12.478558729060193,1.2511435340289545,True
R14,P2720,Vietnam,Coal Subcritical,Coal,False,28.609,28.419,28.609,0,0.0,0.19000000000000128,,True
R14,P2831,Vietnam,Gas Combined Cycle,Gas,False,39.926,9.372,39.926,0,0.0,27.554000000000002,1.8036263664332002,True
R14,P3012,Vietnam,Coal Supercritical,Coal,False,24.916003,1.8,24.916003,0,0.0,10.842000000000002,2.4668933560090935,True
R15,P19874,Brunei,Gasoline,Other,False,1000000000000.0,1000000000000.0,1000000000000.0,0,0.0,0.0,,True
R15,P19878,Brunei,Ethanol,Other,False,1000000000000.0,1000000000000.0,1000000000000.0,0,0.0,0.0,,True
R15,P19882,Brunei,Diesel,Diesel,False,1000000000000.0,1000000000000.0,1000000000000.0,0,0.0,0.0,,True
R15,P19886,Brunei,Biodiesel,Diesel,False,1000000000000.0,1000000000000.0,1000000000000.0,0,0.0,0.0,,True
R15,P2544,Brunei,All Refineries,Other,False,10.161066351982441,10.161066351982441,10.16106635198244,0,0.0,0.0,,True
R15,P2589,Brunei,Natural Gas,Other,False,9.994365296831841,9.994365296831841,9.994365296831841,0,0.0,0.0,,True
R15,P2605,Brunei,Natural Gas,Other,False,1.0501772010460872,0.9045061822594318,1.0501772010460872,0,0.0,0.09772804707198945,8.594690361206396,True
R15,P2808,Brunei,Gas Turbine,Gas,False,0.66943,0.66943,0.66943,0,0.0,0.0,,True
R15,P3122,Brunei,Coal IGCC,Coal,False,0.254,0.254,0.254,0,0.0,0.0,,True
R16,P16146,Singapore,H2 Fuel Cell,Other,False,3.387522197122936,3.387522197122936,3.387522197122936,0,0.0,0.0,,True
R16,P19874,Singapore,Gasoline,Other,False,1000000000000.0,1000000000000.0,1000000000000.0,0,0.0,0.0,,True
R16,P19878,Singapore,Ethanol,Other,False,1000000000000.0,1000000000000.0,1000000000000.0,0,0.0,0.0,,True
R16,P19882,Singapore,Diesel,Diesel,False,1000000000000.0,1000000000000.0,1000000000000.0,0,0.0,0.0,,True
R16,P19886,Singapore,Biodiesel,Diesel,False,1000000000000.0,1000000000000.0,1000000000000.0,0,0.0,0.0,,True
R16,P2516,Singapore,Electricity,Other,False,10.440340692151986,8.270568242899051,10.440340692151986,0,0.0,0.9364178017183686,2.1832316620942245,True
R16,P2544,Singapore,All Refineries,Other,False,41.58529748533373,24.694288414598002,41.58529748533373,0,0.0,3.0429479273892213,1.287971970081807,True
R16,P2641,Singapore,Electricity,Other,False,10.153857743559335,8.043623850313901,10.153857743559335,0,0.0,0.9107224972392185,2.183231662094233,True
R16,P2831,Singapore,Gas Combined Cycle,Gas,False,12.81960901305626,1.0135714,12.81960901305626,0,0.0,5.067857,3.3624365295525007,True
R17,P15103,Malaysia,PEM Electrolysis,Other,False,1.4579885511369017,0.02884532656923271,1.4579885511369017,0,0.0,0.33107230363104034,1.2307797139778405,True
R17,P16040,Malaysia,HVO Renewable Diesel,Diesel,False,2.208471043548317,0.028229932276444804,2.208471043548317,0,0.0,0.5247068736913854,1.9791646161014158,True
R17,P19874,Malaysia,Gasoline,Other,False,1000000000000.0,1000000000000.0,1000000000000.0,0,0.0,0.0,,True
R17,P19878,Malaysia,Ethanol,Other,False,1000000000000.0,1000000000000.0,1000000000000.0,0,0.0,0.0,,True
R17,P19882,Malaysia,Diesel,Diesel,False,1000000000000.0,1000000000000.0,1000000000000.0,0,0.0,0.0,,True
R17,P19886,Malaysia,Biodiesel,Diesel,False,1000000000000.0,1000000000000.0,1000000000000.0,0,0.0,0.0,,True
R17,P21096,Malaysia,Coal Subcritical_MYPE,Coal,False,9.7028,9.7028,9.7028,0,0.0,0.0,,True
R17,P21163,Malaysia,Coal Subcritical_MYSR,Coal,False,1.054,1.054,1.054,0,0.0,0.0,,True
R17,P22337,Malaysia,Diesel_MYPE,Diesel,False,0.2447,0.2447,0.2447,0,0.0,0.0,,True
R17,P22354,Malaysia,Diesel_MYSR,Diesel,False,0.064,0.064,0.064,0,0.0,0.0,,True
R17,P22371,Malaysia,Diesel_MYSB,Diesel,False,0.08719999999999999,0.08719999999999999,0.08719999999999999,0,0.0,0.0,,True
R17,P2516,Malaysia,Electricity,Other,False,38.243628213899676,22.916968614507574,38.243628213899676,0,0.0,4.475038556467084,1.197857386831181,True
R17,P2521,Malaysia,Natural Gas,Other,False,45.28834344579701,23.733400051939086,45.28834344579701,0,0.0,4.516049390323531,1.2985148796498283,True
R17,P2544,Malaysia,All Refineries,Other,False,36.38629429101343,26.77257189985937,36.38629429101343,0,0.0,2.6909076186754106,2.0776134981305527,True
R17,P2589,Malaysia,Natural Gas,Other,False,42.401705479571646,42.401705479571646,42.401705479571646,0,0.0,0.0,,True
R17,P2605,Malaysia,Natural Gas,Other,False,45.28834344579701,21.199536966040622,45.28834344579701,0,0.0,4.516049390323531,1.311643396079666,True
R17,P3067,Malaysia,Coal Ultrasupercritical,Coal,False,4.7953,3.3953,4.7953,0,0.0,1.4,,True
R17,P6131,Malaysia,FAME Biodiesel,Diesel,False,1699812.1575342468,1699812.1575342468,1699812.1575342468,0,0.0,0.0,,True
R19,P16166,Philippines,Sugarcane,Other,False,1342088.6484778726,1342088.6484778726,1342088.6484778726,0,0.0,0.0,,True
R19,P19874,Philippines,Gasoline,Other,False,1000000000000.0,1000000000000.0,1000000000000.0,0,0.0,0.0,,True
R19,P19878,Philippines,Ethanol,Other,False,1000000000000.0,1000000000000.0,1000000000000.0,0,0.0,0.0,,True
R19,P19882,Philippines,Diesel,Diesel,False,1000000000000.0,1000000000000.0,1000000000000.0,0,0.0,0.0,,True
R19,P19886,Philippines,Biodiesel,Diesel,False,1000000000000.0,1000000000000.0,1000000000000.0,0,0.0,0.0,,True
R19,P2516,Philippines,Electricity,Other,False,28.45140120148558,13.300304273652285,28.45140120148558,0,0.0,3.423332775443299,1.2273159621106762,True
R19,P2641,Philippines,Electricity,Other,False,25.739982666984005,12.54074558885848,25.739982666984005,0,0.0,2.944750257132654,1.3655707191958586,True
R19,P2776,Philippines,Diesel,Diesel,False,3.456776,3.259836,3.456776,0,0.0,0.09847000000000028,1.0000000000000022,True
R19,P2831,Philippines,Gas Combined Cycle,Gas,False,21.275588,3.7315880000000003,21.275588,0,0.0,7.529999999999999,1.6894772268341933,True
R19,P6126,Philippines,Molasses,Other,False,8067119.810959387,8067119.810959387,8067119.810959387,0,0.0,0.0,,True
R19,P6131,Philippines,FAME Biodiesel,Diesel,False,7.134703196347035,7.134703196347035,7.134703196347035,0,0.0,0.0,,True
R20,P19874,Timor Leste,Gasoline,Other,False,1000000000000.0,1000000000000.0,1000000000000.0,0,0.0,0.0,,True
R20,P19878,Timor Leste,Ethanol,Other,False,1000000000000.0,1000000000000.0,1000000000000.0,0,0.0,0.0,,True
R20,P19882,Timor Leste,Diesel,Diesel,False,1000000000000.0,1000000000000.0,1000000000000.0,0,0.0,0.0,,True
R20,P19886,Timor Leste,Biodiesel,Diesel,False,1000000000000.0,1000000000000.0,1000000000000.0,0,0.0,0.0,,True
R20,P2641,Timor Leste,Electricity,Other,False,0.14048993804025675,0.07673870946659472,0.14048993804025675,0,0.0,0.034240831909616645,2.3205944873885564,True
R20,P2776,Timor Leste,Diesel,Diesel,False,0.28250000000000003,0.28250000000000003,0.28250000000000003,0,0.0,0.0,,True
R6,P14937,Cambodia,SMR,Other,False,0.581118594433663,0.00011198060847340675,0.581118594433663,0,0.0,0.34290012624336663,2.6932343362323805,True
R6,P15103,Cambodia,PEM Electrolysis,Other,False,0.21735462792426813,0.0077047408816824,0.17693292317743012,0,0.0,0.10687013719940323,1.5253480961051116,True
R6,P19874,Cambodia,Gasoline,Other,False,1000000000000.0,1000000000000.0,1000000000000.0,0,0.0,0.0,,True
R6,P19878,Cambodia,Ethanol,Other,False,1000000000000.0,1000000000000.0,1000000000000.0,0,0.0,0.0,,True
R6,P19882,Cambodia,Diesel,Diesel,False,1000000000000.0,1000000000000.0,1000000000000.0,0,0.0,0.0,,True
R6,P19886,Cambodia,Biodiesel,Diesel,False,1000000000000.0,1000000000000.0,1000000000000.0,0,0.0,0.0,,True
R6,P2516,Cambodia,Electricity,Other,False,5.205036019970622,2.802286071557531,5.205036019970622,0,0.0,0.7862024695987446,1.1379802935243892,True
R6,P2521,Cambodia,Natural Gas,Other,False,1.0027565715431364,0.47412901892644216,1.0027565715431364,0,0.0,0.4086802754181849,3.410316384351997,True
R6,P2605,Cambodia,Natural Gas,Other,False,1.0027565715431364,0.4741290189264421,1.0027565715431364,0,0.0,0.4086802754181849,3.410316384351997,True
R6,P2641,Cambodia,Electricity,Other,False,5.205036019970622,2.802286071557531,5.205036019970622,0,0.0,0.7862024695987446,1.1379802935243892,True
R6,P2720,Cambodia,Coal Subcritical,Coal,False,1.3,1.3,1.3,0,0.0,0.0,,True
R6,P2792,Cambodia,Fuel Oil,Fuel Oil,False,0.4,0.4,0.4,0,0.0,0.0,,True
