region,family,year,demand_PJ,prev_PJ,YoY_ratio
Brunei,Bitumen,2025,0.1061354409239636,,
Brunei,Bitumen,2030,0.12057982386960789,0.1061354409239636,1.1360938704347814
Brunei,Bitumen,2035,0.1240533006340176,0.12057982386960789,1.0288064508052843
Brunei,Bitumen,2040,0.12603814449939454,0.1240533006340176,1.0159999278957732
Brunei,Bitumen,2045,0.1280230256346353,0.12603814449939454,1.015748257347999
Brunei,Bitumen,2050,0.12951165853366803,0.1280230256346353,1.0116278528151734
Brunei,Bitumen,2055,0.1320214880195731,0.12951165853366803,1.0193791780162604
Brunei,Bitumen,2060,0.13457995593787594,0.1320214880195731,1.01937917801626
Brunei,Blended Diesel,2025,1.8502543799910316,,
Brunei,Blended Diesel,2030,2.2472483623005486,1.8502543799910316,1.2145618389572148
Brunei,Blended Diesel,2035,2.817914063738737,2.2472483623005486,1.253939756286656
Brunei,Blended Diesel,2040,3.288518797056381,2.817914063738737,1.1670046433897483
Brunei,Blended Diesel,2045,3.4483682243403635,3.288518797056381,1.0486083361989802
Brunei,Blended Diesel,2050,3.297756810825435,3.4483682243403635,0.956323859948646
Brunei,Blended Diesel,2055,2.984740842191566,3.297756810825435,0.9050821553589574
Brunei,Blended Diesel,2060,2.630558754852076,2.984740842191566,0.8813357319560684
Brunei,Crude Oil,2025,122.14528451999999,,
Brunei,Crude Oil,2030,122.14528451999999,122.14528451999999,1.0
Brunei,Crude Oil,2035,122.14528451999999,122.14528451999999,1.0
Brunei,Crude Oil,2040,122.14528451999999,122.14528451999999,1.0
Brunei,Crude Oil,2045,122.14528451999999,122.14528451999999,1.0
Brunei,Crude Oil,2050,122.14528451999999,122.14528451999999,1.0
Brunei,Crude Oil,2055,122.14528451999999,122.14528451999999,1.0
Brunei,Crude Oil,2060,122.14528451999999,122.14528451999999,1.0
Brunei,Diesel,2025,123.07886012255187,,
Brunei,Diesel,2030,123.07042077351883,123.07886012255187,0.9999314313682737
Brunei,Diesel,2035,123.0086950087101,123.07042077351883,0.999498451663521
Brunei,Diesel,2040,122.94791822402205,123.0086950087101,0.9995059147267292
Brunei,Diesel,2045,122.89425456420011,122.94791822402205,0.9995635252666568
Brunei,Diesel,2050,122.84554889647613,122.89425456420011,0.9996036782362471
Brunei,Diesel,2055,122.80515404748354,122.84554889647613,0.9996711736863447
Brunei,Diesel,2060,122.76943418084925,122.80515404748354,0.9997091338151778
Brunei,Gasoline,2025,79.20229993831727,,
Brunei,Gasoline,2030,83.00247758468328,79.20229993831727,1.0479806476494444
Brunei,Gasoline,2035,85.46330829795494,83.00247758468328,1.0296476778149304
Brunei,Gasoline,2040,85.02569259229581,85.46330829795494,0.9948794902236473
Brunei,Gasoline,2045,82.59134766024387,85.02569259229581,0.9713693019388293
Brunei,Gasoline,2050,80.06867394069295,82.59134766024387,0.9694559564528666
Brunei,Gasoline,2055,78.59450711911153,80.06867394069295,0.981588719420115
Brunei,Gasoline,2060,77.91127241730847,78.59450711911153,0.9913068390292518
Brunei,Jet Kerosene,2025,3.609506943793603,,
Brunei,Jet Kerosene,2030,4.003132348128757,3.609506943793603,1.1090524025759187
Brunei,Jet Kerosene,2035,4.097788430080103,4.003132348128757,1.0236455040002843
Brunei,Jet Kerosene,2040,4.151877619766586,4.097788430080103,1.0131996052527843
Brunei,Jet Kerosene,2045,4.205967825098062,4.151877619766586,1.0130278900981953
Brunei,Jet Kerosene,2050,4.246534717362925,4.205967825098062,1.0096450790761617
Brunei,Jet Kerosene,2055,4.314930345609515,4.246534717362925,1.016106221377854
Brunei,Jet Kerosene,2060,4.3846514249114295,4.314930345609515,1.0161581007611993
Brunei,Kerosene,2025,0.0018953703027407588,,
Brunei,Kerosene,2030,0.0016034346257740792,0.0018953703027407588,0.845974332010725
Brunei,Kerosene,2035,0.001194245049250441,0.0016034346257740792,0.7448043281926156
Brunei,Kerosene,2040,0.0008432704321757672,0.001194245049250441,0.7061117253155369
Brunei,Kerosene,2045,0.0005580896664247512,0.0008432704321757672,0.6618157652993882
Brunei,Kerosene,2050,0.0003269815584107983,0.0005580896664247512,0.5858943071021476
Brunei,Kerosene,2055,0.00014478340336084706,0.0003269815584107983,0.44278767299454436
Brunei,LPG,2025,26.34294745460066,,
Brunei,LPG,2030,26.218858484132266,26.34294745460066,0.9952894803938607
Brunei,LPG,2035,26.104287365134855,26.218858484132266,0.9956302018615055
Brunei,LPG,2040,26.003952517856018,26.104287365134855,0.9961563843565082
Brunei,LPG,2045,25.917635508095188,26.003952517856018,0.9966806196211303
Brunei,LPG,2050,25.84372489438481,25.917635508095188,0.9971482501292491
Brunei,LPG,2055,25.782491164919104,25.84372489438481,0.9976306151796636
Brunei,LPG,2060,25.73228583370195,25.782491164919104,0.9980527354437547
Brunei,Lubricants,2025,0.04481274172345129,,
Brunei,Lubricants,2030,0.050911481189389984,0.04481274172345129,1.1360938704347812
Brunei,Lubricants,2035,0.0523780602676963,0.050911481189389984,1.0288064508052843
Brunei,Lubricants,2040,0.05321610545529991,0.0523780602676963,1.0159999278957732
Brunei,Lubricants,2045,0.05405416637906823,0.05321610545529991,1.015748257347999
Brunei,Lubricants,2050,0.05468270026977094,0.05405416637906823,1.0116278528151736
Brunei,Lubricants,2055,0.055742406052708623,0.05468270026977094,1.01937917801626
Brunei,Lubricants,2060,0.056822648062658736,0.055742406052708623,1.0193791780162604
Brunei,Naphtha,2025,35.960425199999996,,
Brunei,Naphtha,2030,35.960425199999996,35.960425199999996,1.0
Brunei,Naphtha,2035,35.960425199999996,35.960425199999996,1.0
Brunei,Naphtha,2040,35.960425199999996,35.960425199999996,1.0
Brunei,Naphtha,2045,35.960425199999996,35.960425199999996,1.0
Brunei,Naphtha,2050,35.960425199999996,35.960425199999996,1.0
Brunei,Naphtha,2055,35.960425199999996,35.960425199999996,1.0
Brunei,Naphtha,2060,35.960425199999996,35.960425199999996,1.0
Brunei,Oil,2025,84.61355327999999,,
Brunei,Oil,2030,84.61355327999999,84.61355327999999,1.0
Brunei,Oil,2035,84.61355327999999,84.61355327999999,1.0
Brunei,Oil,2040,84.61355327999999,84.61355327999999,1.0
Brunei,Oil,2045,84.61355327999999,84.61355327999999,1.0
Brunei,Oil,2050,84.61355327999999,84.61355327999999,1.0
Brunei,Oil,2055,84.61355327999999,84.61355327999999,1.0
Brunei,Oil,2060,84.61355327999999,84.61355327999999,1.0
Brunei,Residual Fuel Oil,2025,0.07818006997375115,,
Brunei,Residual Fuel Oil,2030,0.07716138788473069,0.07818006997375115,0.9869700540129667
Brunei,Residual Fuel Oil,2035,0.06896416279912142,0.07716138788473069,0.8937651938317273
Brunei,Residual Fuel Oil,2040,0.0608705049735482,0.06896416279912142,0.8826396566409659
Brunei,Residual Fuel Oil,2045,0.053713413110972684,0.0608705049735482,0.8824210203991951
Brunei,Residual Fuel Oil,2050,0.047205574435208765,0.053713413110972684,0.8788414606549274
Brunei,Residual Fuel Oil,2055,0.04180409291307524,0.047205574435208765,0.8855753459891217
Brunei,Residual Fuel Oil,2060,0.037020674045257995,0.04180409291307524,0.8855753459891217
Cambodia,Bitumen,2025,3.0801903627908938,,
Cambodia,Bitumen,2030,3.898018386946057,3.0801903627908938,1.265512168999239
Cambodia,Bitumen,2035,4.463007982613717,3.898018386946057,1.1449427733742188
Cambodia,Bitumen,2040,5.1183195574976175,4.463007982613717,1.1468318177867394
Cambodia,Bitumen,2045,5.849997213611842,5.1183195574976175,1.1429527109229474
Cambodia,Bitumen,2050,6.630465736380066,5.849997213611842,1.1334134862410226
Cambodia,Bitumen,2055,7.515058973731053,6.630465736380066,1.1334134391943838
Cambodia,Bitumen,2060,8.517668837165127,7.515058973731053,1.1334134391943835
Cambodia,Blended Diesel,2025,40.40047146018025,,
Cambodia,Blended Diesel,2030,56.396456990387286,40.40047146018025,1.3959356154042186
Cambodia,Blended Diesel,2035,71.88508633621656,56.396456990387286,1.2746383402856192
Cambodia,Blended Diesel,2040,78.27000022609302,71.88508633621656,1.0888211201418514
Cambodia,Blended Diesel,2045,72.1110487277676,78.27000022609302,0.9213114669664687
Cambodia,Blended Diesel,2050,57.51892851654658,72.1110487277676,0.7976437665425039
Cambodia,Blended Diesel,2055,41.730316589734024,57.51892851654658,0.7255058059318574
Cambodia,Blended Diesel,2060,28.929854178760404,41.730316589734024,0.6932574814416186
Cambodia,Diesel,2025,12.179424727306973,,
Cambodia,Diesel,2030,15.278297444616992,12.179424727306973,1.254435064602203
Cambodia,Diesel,2035,17.36666415278946,15.278297444616992,1.1366884442289913
Cambodia,Diesel,2040,19.798587502899554,17.36666415278946,1.1400339943649727
Cambodia,Diesel,2045,22.51873296901716,19.798587502899554,1.1373908853709507
Cambodia,Diesel,2050,25.421204311198238,22.51873296901716,1.128891414369294
Cambodia,Diesel,2055,28.718586242912828,25.421204311198238,1.1297099024636714
Cambodia,Diesel,2060,32.463006878844304,28.718586242912828,1.1303831812701268
Cambodia,Gasoline,2025,105.9686412274279,,
Cambodia,Gasoline,2030,146.2305566426097,105.9686412274279,1.3799417917303711
Cambodia,Gasoline,2035,177.69031131496303,146.2305566426097,1.2151380354055654
Cambodia,Gasoline,2040,185.85307387952167,177.69031131496303,1.0459381409383084
Cambodia,Gasoline,2045,166.00985950346814,185.85307387952167,0.893231712761895
Cambodia,Gasoline,2050,125.01825626439566,166.00985950346814,0.7530772969649064
Cambodia,Gasoline,2055,77.74425731000035,125.01825626439566,0.6218632352828727
Cambodia,Gasoline,2060,40.27898089065854,77.74425731000035,0.5180958990970693
Cambodia,Jet Kerosene,2025,2.5070305453521597,,
Cambodia,Jet Kerosene,2030,3.172677663195957,2.5070305453521597,1.265512168999239
Cambodia,Jet Kerosene,2035,3.6325343627220144,3.172677663195957,1.1449427733742188
Cambodia,Jet Kerosene,2040,4.165905986373283,3.6325343627220144,1.1468318177867396
Cambodia,Jet Kerosene,2045,4.761433540575479,4.165905986373283,1.1429527109229474
Cambodia,Jet Kerosene,2050,5.396672988728589,4.761433540575479,1.1334134862410226
Cambodia,Jet Kerosene,2055,6.116661692362302,5.396672988728589,1.1334134391943833
Cambodia,Jet Kerosene,2060,6.932706565128895,6.116661692362302,1.1334134391943835
Cambodia,Kerosene,2025,0.06785661809123476,,
Cambodia,Kerosene,2030,0.03041127084525784,0.06785661809123476,0.44816956253801504
Cambodia,Kerosene,2035,0.024030817151577094,0.03041127084525784,0.7901944405366513
Cambodia,Kerosene,2040,0.018259534224983654,0.024030817151577094,0.7598382572598168
Cambodia,Kerosene,2045,0.012963153276653448,0.018259534224983654,0.7099388799806613
Cambodia,Kerosene,2050,0.008112210447827001,0.012963153276653448,0.6257899042540087
Cambodia,Kerosene,2055,0.003807404391529139,0.008112210447827001,0.46934240870797667
Cambodia,LPG,2025,19.99802272021587,,
Cambodia,LPG,2030,30.116834935663103,19.99802272021587,1.5059906350250412
Cambodia,LPG,2035,28.71941708501375,30.116834935663103,0.9536001092533601
Cambodia,LPG,2040,27.076121686956835,28.71941708501375,0.9427810323171771
Cambodia,LPG,2045,25.136365675671627,27.076121686956835,0.9283591633354332
Cambodia,LPG,2050,22.863823874680634,25.136365675671627,0.9095914727565216
Cambodia,LPG,2055,23.711759433454624,22.863823874680634,1.0370863405623498
Cambodia,LPG,2060,24.660725935855552,23.711759433454624,1.0400209231653237
Cambodia,Lubricants,2025,0.2678426402426864,,
Cambodia,Lubricants,2030,0.3389581206040049,0.2678426402426864,1.2655121689992388
Cambodia,Lubricants,2035,0.3880876506620623,0.3389581206040049,1.1449427733742188
Cambodia,Lubricants,2040,0.44507126586935813,0.3880876506620623,1.1468318177867398
Cambodia,Lubricants,2045,0.5086954098792906,0.44507126586935813,1.1429527109229471
Cambodia,Lubricants,2050,0.5765622379460928,0.5086954098792906,1.1334134862410228
Cambodia,Lubricants,2055,0.6534833890200915,0.5765622379460928,1.1334134391943833
Cambodia,Lubricants,2060,0.7406668554056631,0.6534833890200915,1.1334134391943835
Cambodia,Residual Fuel Oil,2025,1.2705736535247474,,
Cambodia,Residual Fuel Oil,2030,1.331673038205644,1.2705736535247474,1.0480880305611553
Cambodia,Residual Fuel Oil,2035,1.262736757684654,1.331673038205644,0.948233328645087
Cambodia,Residual Fuel Oil,2040,1.1993446216684134,1.262736757684654,0.9497978215725057
Cambodia,Residual Fuel Oil,2045,1.135281836558238,1.1993446216684134,0.9465851733081878
Cambodia,Residual Fuel Oil,2050,1.0656718677019401,1.135281836558238,0.9386848563812753
Cambodia,Residual Fuel Oil,2055,1.000330002560856,1.0656718677019401,0.9386848174175882
Cambodia,Residual Fuel Oil,2060,0.9389945858111733,1.000330002560856,0.938684817417589
Indonesia,Blended Diesel,2025,590.9703080889517,,
Indonesia,Blended Diesel,2030,1330.3645477670773,590.9703080889517,2.2511529421319647
Indonesia,Blended Diesel,2035,2073.9783592009226,1330.3645477670773,1.5589549215528544
Indonesia,Blended Diesel,2040,2609.9856222839085,2073.9783592009226,1.2584440000085164
Indonesia,Blended Diesel,2045,2841.9462404134138,2609.9856222839085,1.0888742896317278
Indonesia,Blended Diesel,2050,2827.037392463703,2841.9462404134138,0.9947540007134188
Indonesia,Blended Diesel,2055,2663.240699006826,2827.037392463703,0.9420606554785852
Indonesia,Blended Diesel,2060,2428.7825089829544,2663.240699006826,0.9119650769412972
Indonesia,Crude Oil,2025,88.48090044,,
Indonesia,Crude Oil,2030,88.48090044,88.48090044,1.0
Indonesia,Crude Oil,2035,88.48090044,88.48090044,1.0
Indonesia,Crude Oil,2040,88.48090044,88.48090044,1.0
Indonesia,Crude Oil,2045,88.48090044,88.48090044,1.0
Indonesia,Crude Oil,2050,88.48090044,88.48090044,1.0
Indonesia,Crude Oil,2055,88.48090044,88.48090044,1.0
Indonesia,Crude Oil,2060,88.48090044,88.48090044,1.0
Indonesia,Diesel,2025,115.71233739817691,,
Indonesia,Diesel,2030,152.9845609228093,115.71233739817691,1.3221110588784946
Indonesia,Diesel,2035,209.78588037332534,152.9845609228093,1.3712879202181456
Indonesia,Diesel,2040,278.76260038774865,209.78588037332534,1.3287958173909298
Indonesia,Diesel,2045,370.50730165224815,278.76260038774865,1.3291140961408954
Indonesia,Diesel,2050,472.0285327347563,370.50730165224815,1.274006019934782
Indonesia,Diesel,2055,570.3429520743583,472.0285327347563,1.2082806705984597
Indonesia,Diesel,2060,654.4155550397045,570.3429520743583,1.147407104198572
Indonesia,Gasoline,2025,1976.814263121613,,
Indonesia,Gasoline,2030,3803.1433982299495,1976.814263121613,1.9238749280493133
Indonesia,Gasoline,2035,5307.479092985169,3803.1433982299495,1.3955506109644364
Indonesia,Gasoline,2040,5633.139932959422,5307.479092985169,1.0613588549796975
Indonesia,Gasoline,2045,4790.371350134717,5633.139932959422,0.8503909732663167
Indonesia,Gasoline,2050,3373.7675545757706,4790.371350134717,0.7042810062065212
Indonesia,Gasoline,2055,2015.6641521207246,3373.7675545757706,0.5974519938064261
Indonesia,Gasoline,2060,999.660871416224,2015.6641521207246,0.49594614775703527
Indonesia,Jet Kerosene,2025,117.11661448019939,,
Indonesia,Jet Kerosene,2030,157.51653155883628,117.11661448019939,1.3449546185905776
Indonesia,Jet Kerosene,2035,216.31635337726698,157.51653155883628,1.3732930203358846
Indonesia,Jet Kerosene,2040,285.97303867197417,216.31635337726698,1.3220130341843472
Indonesia,Jet Kerosene,2045,358.0472191623631,285.97303867197417,1.2520313831859573
Indonesia,Jet Kerosene,2050,424.3722475300608,358.0472191623631,1.18524100961561
Indonesia,Jet Kerosene,2055,470.0685915091234,424.3722475300608,1.1076798594748485
Indonesia,Jet Kerosene,2060,485.6520834951022,470.0685915091234,1.0331515278141623
Indonesia,Kerosene,2025,15.32971112348366,,
Indonesia,Kerosene,2030,8.620535623672854,15.32971112348366,0.5623416876047334
Indonesia,Kerosene,2035,2.33521350628138,8.620535623672854,0.2708896068903944
Indonesia,Kerosene,2040,3.0845706739607097,2.33521350628138,1.320894498795793
Indonesia,Kerosene,2045,3.9164343941635296,3.0845706739607097,1.2696854143188343
Indonesia,Kerosene,2050,4.78828838677983,3.9164343941635296,1.222614221220093
Indonesia,Kerosene,2055,5.580316734406432,4.78828838677983,1.16540949158646
Indonesia,Kerosene,2060,6.208950881899362,5.580316734406432,1.112652054966159
Indonesia,LPG,2025,428.9021286483598,,
Indonesia,LPG,2030,347.3794102741774,428.9021286483598,0.8099269904975928
Indonesia,LPG,2035,347.75566776364576,347.3794102741774,1.0010831312344373
Indonesia,LPG,2040,324.1685267326456,347.75566776364576,0.9321732376565282
Indonesia,LPG,2045,298.25669049635405,324.1685267326456,0.9200667736085865
Indonesia,LPG,2050,269.04303061164325,298.25669049635405,0.9020519545224823
Indonesia,LPG,2055,291.39083217422865,269.04303061164325,1.0830640418812554
Indonesia,LPG,2060,308.3252572547942,291.39083217422865,1.0581158472083985
Indonesia,Residual Fuel Oil,2025,133.12485057557566,,
Indonesia,Residual Fuel Oil,2030,155.92877237420402,133.12485057557566,1.1712972574243938
Indonesia,Residual Fuel Oil,2035,191.2338484077648,155.92877237420402,1.22641796953826
Indonesia,Residual Fuel Oil,2040,235.55958324233802,191.2338484077648,1.2317881233036643
Indonesia,Residual Fuel Oil,2045,285.8351424621396,235.55958324233802,1.2134303284450936
Indonesia,Residual Fuel Oil,2050,339.24051830709357,285.8351424621396,1.1868397824876549
Indonesia,Residual Fuel Oil,2055,388.1830414359847,339.24051830709357,1.1442708653233058
Indonesia,Residual Fuel Oil,2060,426.878821541994,388.1830414359847,1.0996843653006172
Laos,Blended Diesel,2025,88.46138264547362,,
Laos,Blended Diesel,2030,136.17685435097857,88.46138264547362,1.539393238931547
Laos,Blended Diesel,2035,187.7525664233364,136.17685435097857,1.378740662781268
Laos,Blended Diesel,2040,224.41360224315088,187.7525664233364,1.1952625016967957
Laos,Blended Diesel,2045,235.41275281213746,224.41360224315088,1.0490128515341466
Laos,Blended Diesel,2050,224.53104639816078,235.41275281213746,0.9537760538289086
Laos,Blended Diesel,2055,202.99726380762604,224.53104639816078,0.9040944094993932
Laos,Blended Diesel,2060,178.96555713523082,202.99726380762604,0.8816156128332385
Laos,Diesel,2025,8.177781533240653,,
Laos,Diesel,2030,9.250574502094373,8.177781533240653,1.1311838625785102
Laos,Diesel,2035,9.587953731486767,9.250574502094373,1.0364711650412641
Laos,Diesel,2040,10.035805300947917,9.587953731486767,1.0467098175484941
Laos,Diesel,2045,10.65788832006713,10.035805300947917,1.0619863578920223
Laos,Diesel,2050,11.422043478248858,10.65788832006713,1.0716985518362905
Laos,Diesel,2055,12.241190741734183,11.422043478248858,1.0717163496221354
Laos,Diesel,2060,13.119329607632404,12.241190741734183,1.0717363926782353
Laos,Gasoline,2025,39.06548613020135,,
Laos,Gasoline,2030,46.967454595160945,39.06548613020135,1.2022749298094775
Laos,Gasoline,2035,46.348104543242634,46.967454595160945,0.9868132080553047
Laos,Gasoline,2040,35.984803471809684,46.348104543242634,0.7764029149937723
Laos,Gasoline,2045,21.52339670986466,35.984803471809684,0.5981246146509034
Laos,Gasoline,2050,9.58203710610404,21.52339670986466,0.44519167839862267
Laos,Gasoline,2055,3.2926209829303708,9.58203710610404,0.343624319804906
Laos,Gasoline,2060,1.0071720737152607,3.2926209829303708,0.3058876435935534
Laos,Jet Kerosene,2025,0.14151382240432422,,
Laos,Jet Kerosene,2030,0.1680292261363406,0.14151382240432422,1.1873697090610575
Laos,Jet Kerosene,2035,0.1915708406891061,0.1680292261363406,1.1401042847966436
Laos,Jet Kerosene,2040,0.22056575507132614,0.1915708406891061,1.15135348510202
Laos,Jet Kerosene,2045,0.2576521409416181,0.22056575507132614,1.168142084696235
Laos,Jet Kerosene,2050,0.3037223390036357,0.2576521409416181,1.1788077440134943
Laos,Jet Kerosene,2055,0.35803024058532884,0.3037223390036357,1.178807728663788
Laos,Jet Kerosene,2060,0.4220488146973411,0.35803024058532884,1.1788077286637881
Laos,Kerosene,2025,0.13856596579989164,,
Laos,Kerosene,2030,0.13525008170125521,0.13856596579989164,0.9760699961242646
Laos,Kerosene,2035,0.12544899042780744,0.13525008170125521,0.9275335648587869
Laos,Kerosene,2040,0.11426636523050118,0.12544899042780744,0.9108591854014038
Laos,Kerosene,2045,0.10166741528360726,0.11426636523050118,0.8897405205680693
Laos,Kerosene,2050,0.08723320345699848,0.10166741528360726,0.8580251913915221
Laos,Kerosene,2055,0.07963121616010306,0.08723320345699848,0.9128544293269844
Laos,Kerosene,2060,0.07057627132470212,0.07963121616010306,0.8862890048395662
Laos,LPG,2025,24.229089742273988,,
Laos,LPG,2030,28.40308919137422,24.229089742273988,1.1722722352964667
Laos,LPG,2035,30.230321636771595,28.40308919137422,1.0643321729226654
Laos,LPG,2040,32.33859377074422,30.230321636771595,1.0697403143540545
Laos,LPG,2045,34.89785593993144,32.33859377074422,1.0791395626949776
Laos,LPG,2050,37.8020867490326,34.89785593993144,1.0832208951203226
Laos,LPG,2055,40.52512936510731,37.8020867490326,1.0720341877990214
Laos,LPG,2060,43.46147171008109,40.52512936510731,1.0724573219376818
Laos,Residual Fuel Oil,2025,1.87144032771011,,
Laos,Residual Fuel Oil,2030,2.121203594371058,1.87144032771011,1.1334604491325448
Laos,Residual Fuel Oil,2035,2.2028171646332924,2.121203594371058,1.0384751235000773
Laos,Residual Fuel Oil,2040,2.3101418697486165,2.2028171646332924,1.0487215674720742
Laos,Residual Fuel Oil,2045,2.4580224306191787,2.3101418697486165,1.0640136273910545
Laos,Residual Fuel Oil,2050,2.639248853793335,2.4580224306191787,1.0737285473544296
Laos,Residual Fuel Oil,2055,2.833836800989889,2.639248853793335,1.073728533373
Laos,Residual Fuel Oil,2060,3.0427714321453068,2.833836800989889,1.0737285333729998
Malaysia,Blended Diesel,2025,172.7665943095008,,
Malaysia,Blended Diesel,2030,211.51409668041597,172.7665943095008,1.2242765884561075
Malaysia,Blended Diesel,2035,213.51675819128417,211.51409668041597,1.0094682176852452
Malaysia,Blended Diesel,2040,189.9038920202226,213.51675819128417,0.8894097757427198
Malaysia,Blended Diesel,2045,155.79337293657446,189.9038920202226,0.8203800947901807
Malaysia,Blended Diesel,2050,126.79762810684585,155.79337293657446,0.813883323255777
Malaysia,Blended Diesel,2055,104.60189764677519,126.79762810684585,0.8249515326787701
Malaysia,Blended Diesel,2060,86.92647001830038,104.60189764677519,0.8310219219142462
Malaysia,Crude Oil,2025,396.89440487999997,,
Malaysia,Crude Oil,2030,396.89440487999997,396.89440487999997,1.0
Malaysia,Crude Oil,2035,396.89440487999997,396.89440487999997,1.0
Malaysia,Crude Oil,2040,396.89440487999997,396.89440487999997,1.0
Malaysia,Crude Oil,2045,396.89440487999997,396.89440487999997,1.0
Malaysia,Crude Oil,2050,396.89440487999997,396.89440487999997,1.0
Malaysia,Crude Oil,2055,396.89440487999997,396.89440487999997,1.0
Malaysia,Crude Oil,2060,396.89440487999997,396.89440487999997,1.0
Malaysia,Diesel,2025,293.8606537807503,,
Malaysia,Diesel,2030,298.57022675281553,293.8606537807503,1.0160265517396523
Malaysia,Diesel,2035,303.686260051183,298.57022675281553,1.0171351087280482
Malaysia,Diesel,2040,307.99680268662667,303.686260051183,1.0141940653973518
Malaysia,Diesel,2045,315.4700720274981,307.99680268662667,1.0242641133793688
Malaysia,Diesel,2050,322.7681866086245,315.4700720274981,1.0231340948896421
Malaysia,Diesel,2055,328.32950295278107,322.7681866086245,1.0172300634786537
Malaysia,Diesel,2060,334.6841899705049,328.32950295278107,1.0193546024971072
Malaysia,Gasoline,2025,702.2295486203866,,
Malaysia,Gasoline,2030,1003.9816410167382,702.2295486203866,1.4297057749694233
Malaysia,Gasoline,2035,1193.8764210393554,1003.9816410167382,1.1891416857287447
Malaysia,Gasoline,2040,1183.8779403923459,1193.8764210393554,0.9916251963178022
Malaysia,Gasoline,2045,1004.5274743459886,1183.8779403923459,0.8485059481833751
Malaysia,Gasoline,2050,778.3226623992225,1004.5274743459886,0.7748147086827667
Malaysia,Gasoline,2055,583.0701916492684,778.3226623992225,0.7491368552110796
Malaysia,Gasoline,2060,451.84606505484953,583.0701916492684,0.7749428311139707
Malaysia,Jet Kerosene,2025,113.04340626791355,,
Malaysia,Jet Kerosene,2030,117.5813039135981,113.04340626791355,1.0401429662773052
Malaysia,Jet Kerosene,2035,122.54716372707664,117.5813039135981,1.042233413376055
Malaysia,Jet Kerosene,2040,126.33622912070555,122.54716372707664,1.0309192418526103
Malaysia,Jet Kerosene,2045,128.74384665466764,126.33622912070555,1.0190572217543534
Malaysia,Jet Kerosene,2050,129.00230754761347,128.74384665466764,1.0020075591934046
Malaysia,Jet Kerosene,2055,137.29852347638243,129.00230754761347,1.064310600999962
Malaysia,Jet Kerosene,2060,146.72652087819162,137.29852347638243,1.0686678717519564
Malaysia,Kerosene,2025,2.053195889767769,,
Malaysia,Kerosene,2030,1.9929807302945517,2.053195889767769,0.970672472230583
Malaysia,Kerosene,2035,1.9769220466464594,1.9929807302945517,0.991942378867999
Malaysia,Kerosene,2040,1.9560624410662655,1.9769220466464594,0.9894484430402407
Malaysia,Kerosene,2045,1.9315408142926411,1.9560624410662655,0.9874637811867307
Malaysia,Kerosene,2050,1.9038872535177138,1.9315408142926411,0.9856831600086823
Malaysia,Kerosene,2055,1.8739029636461335,1.9038872535177138,0.9842510160114892
Malaysia,Kerosene,2060,1.8442853999999997,1.8739029636461335,0.9841947186056499
Malaysia,LPG,2025,160.65196687668606,,
Malaysia,LPG,2030,170.0392083621085,160.65196687668606,1.0584321603272242
Malaysia,LPG,2035,180.71894865803927,170.0392083621085,1.062807515977066
Malaysia,LPG,2040,192.05178181911648,180.71894865803927,1.0627097116557571
Malaysia,LPG,2045,204.5814826378874,192.05178181911648,1.0652412630598345
Malaysia,LPG,2050,217.52201685393024,204.5814826378874,1.0632536926078877
Malaysia,LPG,2055,238.1073572713012,217.52201685393024,1.0946356636220156
Malaysia,LPG,2060,261.4430813820979,238.1073572713012,1.0980050527552905
Malaysia,Oil,2025,160.50475974147707,,
Malaysia,Oil,2030,164.98357958838525,160.50475974147707,1.0279045920764105
Malaysia,Oil,2035,170.4665001028325,164.98357958838525,1.033233128582411
Malaysia,Oil,2040,176.586969226299,170.4665001028325,1.0359042340857259
Malaysia,Oil,2045,183.472497013304,176.586969226299,1.0389922756881402
Malaysia,Oil,2050,190.86806409417667,183.472497013304,1.0403088593727288
Malaysia,Oil,2055,197.7565091698437,190.86806409417667,1.036090087193781
Malaysia,Oil,2060,205.58468563408994,197.7565091698437,1.039584924395702
Malaysia,Residual Fuel Oil,2025,65.28605550923814,,
Malaysia,Residual Fuel Oil,2030,70.19652549337751,65.28605550923814,1.0752146832250344
Malaysia,Residual Fuel Oil,2035,78.0438586832955,70.19652549337751,1.1117909060991675
Malaysia,Residual Fuel Oil,2040,86.52622417872736,78.0438586832955,1.1086871617900593
Malaysia,Residual Fuel Oil,2045,95.83198086628065,86.52622417872736,1.107548396753468
Malaysia,Residual Fuel Oil,2050,105.56064897713547,95.83198086628065,1.1015179695015356
Malaysia,Residual Fuel Oil,2055,114.1778189659485,105.56064897713547,1.0816324082156743
Malaysia,Residual Fuel Oil,2060,123.9842222086192,114.1778189659485,1.0858871130267016
Myanmar,Bitumen,2025,1.0886312845802837,,
Myanmar,Bitumen,2030,1.186157520149575,1.0886312845802837,1.089586104083801
Myanmar,Bitumen,2035,1.368151807508762,1.186157520149575,1.1534318033377533
Myanmar,Bitumen,2040,1.5802458540154996,1.368151807508762,1.1550223047930148
Myanmar,Bitumen,2045,1.8285707910382636,1.5802458540154996,1.1571432295751674
Myanmar,Bitumen,2050,2.1285998109323625,1.8285707910382636,1.1640784274606848
Myanmar,Bitumen,2055,2.4778571888767047,2.1285998109323625,1.164078459535032
Myanmar,Bitumen,2060,2.8844201793754,2.4778571888767047,1.1640784595350322
Myanmar,Blended Diesel,2025,70.50566682351224,,
Myanmar,Blended Diesel,2030,93.01370440811381,70.50566682351224,1.3192372840177944
Myanmar,Blended Diesel,2035,122.1884947644826,93.01370440811381,1.3136612023144387
Myanmar,Blended Diesel,2040,146.18553351045668,122.1884947644826,1.1963936031148283
Myanmar,Blended Diesel,2045,155.49593969617257,146.18553351045668,1.0636889708724149
Myanmar,Blended Diesel,2050,150.5737969726251,155.49593969617257,0.968345522505829
Myanmar,Blended Diesel,2055,138.3083898371324,150.5737969726251,0.9185422206114482
Myanmar,Blended Diesel,2060,123.92609951753141,138.3083898371324,0.8960128858665977
Myanmar,Crude Oil,2025,1.2822075,,
Myanmar,Crude Oil,2030,1.2822075,1.2822075,1.0
Myanmar,Crude Oil,2035,1.2822075,1.2822075,1.0
Myanmar,Crude Oil,2040,1.2822075,1.2822075,1.0
Myanmar,Crude Oil,2045,1.2822075,1.2822075,1.0
Myanmar,Crude Oil,2050,1.2822075,1.2822075,1.0
Myanmar,Crude Oil,2055,1.2822075,1.2822075,1.0
Myanmar,Crude Oil,2060,1.2822075,1.2822075,1.0
Myanmar,Diesel,2025,1.986616893333231,,
Myanmar,Diesel,2030,2.149296378665436,1.986616893333231,1.0818876985684212
Myanmar,Diesel,2035,2.4608400898186646,2.149296378665436,1.1449514893551702
Myanmar,Diesel,2040,2.8214698418276747,2.4608400898186646,1.1465474142351055
Myanmar,Diesel,2045,3.2409380985437553,2.8214698418276747,1.1486701188499537
Myanmar,Diesel,2050,3.7451378888035047,3.2409380985437553,1.1555721753791905
Myanmar,Diesel,2055,4.327844059663063,3.7451378888035047,1.155590044521891
Myanmar,Diesel,2060,5.001291558644885,4.327844059663063,1.1556080786871634
Myanmar,Gasoline,2025,126.97013631026778,,
Myanmar,Gasoline,2030,151.0646997735425,126.97013631026778,1.1897655949931136
Myanmar,Gasoline,2035,172.7978823241543,151.0646997735425,1.143866717924118
Myanmar,Gasoline,2040,184.43575621394714,172.7978823241543,1.067349632606962
Myanmar,Gasoline,2045,182.12398798368312,184.43575621394714,0.9874657263986146
Myanmar,Gasoline,2050,167.48995387950745,182.12398798368312,0.9196479592491311
Myanmar,Gasoline,2055,148.1632045229157,167.48995387950745,0.8846095009943375
Myanmar,Gasoline,2060,129.1724565647236,148.1632045229157,0.8718254777267936
Myanmar,Jet Kerosene,2025,3.3790549244056787,,
Myanmar,Jet Kerosene,2030,3.681771290568366,3.3790549244056787,1.089586104083801
Myanmar,Jet Kerosene,2035,4.246672099157437,3.681771290568366,1.153431803337753
Myanmar,Jet Kerosene,2040,4.905000995669014,4.246672099157437,1.155022304793015
Myanmar,Jet Kerosene,2045,5.675788693197855,4.905000995669014,1.1571432295751676
Myanmar,Jet Kerosene,2050,6.6070631765768955,5.675788693197855,1.164078427460685
Myanmar,Jet Kerosene,2055,7.691139924640267,6.6070631765768955,1.164078459535032
Myanmar,Jet Kerosene,2060,8.953090315543625,7.691139924640267,1.164078459535032
Myanmar,Kerosene,2025,6.202734504286634,,
Myanmar,Kerosene,2030,0.04448564458985118,6.202734504286634,0.0071719407882294
Myanmar,Kerosene,2035,0.04250591025389069,0.04448564458985118,0.9554972316527444
Myanmar,Kerosene,2040,0.03904347246349921,0.04250591025389069,0.9185422034321791
Myanmar,Kerosene,2045,0.03368337306539588,0.03904347246349921,0.8627145830045123
Myanmar,Kerosene,2050,0.02598515517284103,0.03368337306539588,0.7714534741633847
Myanmar,Kerosene,2055,0.015034754090373137,0.02598515517284103,0.5785901215662953
Myanmar,LPG,2025,4.904721419840449,,
Myanmar,LPG,2030,6.946103999851529,4.904721419840449,1.416207650806289
Myanmar,LPG,2035,6.924124101004138,6.946103999851529,0.9968356507694299
Myanmar,LPG,2040,6.496169208615379,6.924124101004138,0.9381936420916117
Myanmar,LPG,2045,6.13083654264688,6.496169208615379,0.9437618303593468
Myanmar,LPG,2050,5.889087629404493,6.13083654264688,0.9605683642744753
Myanmar,LPG,2055,6.607935306029177,5.889087629404493,1.1220643539137443
Myanmar,LPG,2060,7.441121721124238,6.607935306029177,1.126088766991234
Myanmar,Lubricants,2025,1.4477762574204562,,
Myanmar,Lubricants,2030,1.577476891907781,1.4477762574204562,1.089586104083801
Myanmar,Lubricants,2035,1.8195120161568263,1.577476891907781,1.1534318033377535
Myanmar,Lubricants,2040,2.1015769625000424,1.8195120161568263,1.1550223047930146
Myanmar,Lubricants,2045,2.4318255535880704,2.1015769625000424,1.1571432295751678
Myanmar,Lubricants,2050,2.8308356662795107,2.4318255535880704,1.164078427460685
Myanmar,Lubricants,2055,3.295314821599478,2.8308356662795107,1.1640784595350318
Myanmar,Lubricants,2060,3.83600500121048,3.295314821599478,1.1640784595350322
Myanmar,Oil,2025,0.5094346557193337,,
Myanmar,Oil,2030,0.5550729218105013,0.5094346557193337,1.089586104083801
Myanmar,Oil,2035,0.6402387611878422,0.5550729218105013,1.1534318033377533
Myanmar,Oil,2040,0.7394900495650061,0.6402387611878422,1.1550223047930148
Myanmar,Oil,2045,0.8556959041923519,0.7394900495650061,1.1571432295751676
Myanmar,Oil,2050,0.9960971425367818,0.8556959041923519,1.1640784274606848
Myanmar,Oil,2055,1.159535227231464,0.9960971425367818,1.164078459535032
Myanmar,Oil,2060,1.3497899810922063,1.159535227231464,1.1640784595350322
Myanmar,Residual Fuel Oil,2025,2.6896389022517475,,
Myanmar,Residual Fuel Oil,2030,2.5461690375163157,2.6896389022517475,0.9466583173617397
Myanmar,Residual Fuel Oil,2035,2.9188927466351244,2.5461690375163157,1.1463860818456835
Myanmar,Residual Fuel Oil,2040,3.352308237329833,2.9188927466351244,1.148486268018702
Myanmar,Residual Fuel Oil,2045,3.858625381975699,3.352308237329833,1.1510353788496357
Myanmar,Residual Fuel Oil,2050,4.469510604400528,3.858625381975699,1.1583167998838082
Myanmar,Residual Fuel Oil,2055,5.177798604652594,4.469510604400528,1.1584710414502002
Myanmar,Residual Fuel Oil,2060,5.998358989172268,5.177798604652594,1.1584766900323906
Philippines,Avgas,2025,0.17227701214892338,,
Philippines,Avgas,2030,0.23088514336244556,0.17227701214892338,1.3401970494058655
Philippines,Avgas,2035,0.2920018000332083,0.23088514336244556,1.2647058870081618
Philippines,Avgas,2040,0.36217277501968953,0.2920018000332083,1.240310076782064
Philippines,Avgas,2045,0.4413980683218891,0.36217277501968953,1.2187499965945603
Philippines,Avgas,2050,0.5274141025535131,0.4413980683218891,1.194871795788868
Philippines,Avgas,2055,0.6280854750904437,0.5274141025535131,1.19087728608227
Philippines,Avgas,2060,0.7479727260034009,0.6280854750904437,1.1908772860822703
Philippines,Bitumen,2025,21.383513304758363,,
Philippines,Bitumen,2030,28.658121436968226,21.383513304758363,1.3401970494058655
Philippines,Bitumen,2035,36.24409489192851,28.658121436968226,1.2647058870081616
Philippines,Bitumen,2040,44.95391611830427,36.24409489192851,1.240310076782064
Philippines,Bitumen,2045,54.787585116095485,44.95391611830427,1.2187499965945605
Philippines,Bitumen,2050,65.46414021460447,54.787585116095485,1.194871795788868
Philippines,Bitumen,2055,77.95975763447736,65.46414021460447,1.1908772860822698
Philippines,Bitumen,2060,92.84050459537795,77.95975763447736,1.1908772860822703
Philippines,Blended Diesel,2025,88.92087317945908,,
Philippines,Blended Diesel,2030,160.28471675127025,88.92087317945908,1.8025544624127283
Philippines,Blended Diesel,2035,235.97283172460715,160.28471675127025,1.4722104297117091
Philippines,Blended Diesel,2040,284.1118167072279,235.97283172460715,1.20400223462505
Philippines,Blended Diesel,2045,290.06396752207837,284.1118167072279,1.0209500290548776
Philippines,Blended Diesel,2050,265.46098881829903,290.06396752207837,0.9151808516102343
Philippines,Blended Diesel,2055,230.10816457644785,265.46098881829903,0.8668247850683279
Philippines,Blended Diesel,2060,195.64646302710872,230.10816457644785,0.8502369456869486
Philippines,Crude Oil,2025,14.52777732,,
Philippines,Crude Oil,2030,14.52777732,14.52777732,1.0
Philippines,Crude Oil,2035,14.52777732,14.52777732,1.0
Philippines,Crude Oil,2040,14.52777732,14.52777732,1.0
Philippines,Crude Oil,2045,14.52777732,14.52777732,1.0
Philippines,Crude Oil,2050,14.52777732,14.52777732,1.0
Philippines,Crude Oil,2055,14.52777732,14.52777732,1.0
Philippines,Crude Oil,2060,14.52777732,14.52777732,1.0
Philippines,Diesel,2025,86.07540243529903,,
Philippines,Diesel,2030,69.32341295964459,86.07540243529903,0.8053800621118613
Philippines,Diesel,2035,85.18383242906624,69.32341295964459,1.2287887856683357
Philippines,Diesel,2040,103.10310555942937,85.18383242906624,1.2103600251290025
Philippines,Diesel,2045,123.09048976744316,103.10310555942937,1.193858216971873
Philippines,Diesel,2050,144.51516734131874,123.09048976744316,1.17405631917099
Philippines,Diesel,2055,169.36066114157674,144.51516734131874,1.171923087779274
Philippines,Diesel,2060,198.59608885598905,169.36066114157674,1.1726223050698474
Philippines,Gasoline,2025,191.6703943659482,,
Philippines,Gasoline,2030,272.51499438999934,191.6703943659482,1.421789709837493
Philippines,Gasoline,2035,336.23158079462115,272.51499438999934,1.2338094699972224
Philippines,Gasoline,2040,356.94704729388945,336.23158079462115,1.0616107102441452
Philippines,Gasoline,2045,333.0373099013677,356.94704729388945,0.9330160101511195
Philippines,Gasoline,2050,283.2404317122127,333.0373099013677,0.8504765781230252
Philippines,Gasoline,2055,232.03871890238963,283.2404317122127,0.8192287997151243
Philippines,Gasoline,2060,191.6391829321289,232.03871890238963,0.8258931261068746
Philippines,Jet Kerosene,2025,68.7070603600808,,
Philippines,Jet Kerosene,2030,92.08099956793099,68.7070603600808,1.3401970494058655
Philippines,Jet Kerosene,2035,116.45538223515834,92.08099956793099,1.264705887008162
Philippines,Jet Kerosene,2040,144.44078408177384,116.45538223515834,1.2403100767820638
Philippines,Jet Kerosene,2045,176.03720510777757,144.44078408177384,1.2187499965945607
Philippines,Jet Kerosene,2050,210.34189139278342,176.03720510777757,1.1948717957888677
Philippines,Jet Kerosene,2055,250.49138077124948,210.34189139278342,1.1908772860822698
Philippines,Jet Kerosene,2060,298.3044957198662,250.49138077124948,1.1908772860822705
Philippines,Kerosene,2025,18.85844336187737,,
Philippines,Kerosene,2030,17.51239388730858,18.85844336187737,0.928623511032207
Philippines,Kerosene,2035,11.071194695664731,17.51239388730858,0.632191964554209
Philippines,Kerosene,2040,0.07076702345978181,11.071194695664731,0.006391995209649129
Philippines,Kerosene,2045,0.0621628172247154,0.07076702345978181,0.8784150326746987
Philippines,Kerosene,2050,0.051948310119220055,0.0621628172247154,0.8356813998861984
Philippines,Kerosene,2055,0.041478535245020064,0.051948310119220055,0.7984578352948898
Philippines,Kerosene,2060,0.03106295744628419,0.041478535245020064,0.7488923430586577
Philippines,LPG,2025,77.32717749767032,,
Philippines,LPG,2030,87.65931282440071,77.32717749767032,1.133615834187685
Philippines,LPG,2035,97.33547232967626,87.65931282440071,1.1103837024670595
Philippines,LPG,2040,103.55494431618365,97.33547232967626,1.063897280586896
Philippines,LPG,2045,95.78023925783256,103.55494431618365,0.9249219328957135
Philippines,LPG,2050,88.82557476240898,95.78023925783256,0.9273893597540281
Philippines,LPG,2055,85.79779293928642,88.82557476240898,0.9659131749924357
Philippines,LPG,2060,84.73073306335701,85.79779293928642,0.9875630847907183
Philippines,Naphtha,2025,40.565048888771805,,
Philippines,Naphtha,2030,53.24463290676049,40.565048888771805,1.3125741091242302
Philippines,Naphtha,2035,66.46692420167062,53.24463290676049,1.2483309692089415
Philippines,Naphtha,2040,81.64807320851676,66.46692420167062,1.2284015574541145
Philippines,Naphtha,2045,98.78807992729892,81.64807320851676,1.2099254280625729
Philippines,Naphtha,2050,117.39723040439911,98.78807992729892,1.1883744525735818
Philippines,Naphtha,2055,139.1769920152546,117.39723040439911,1.1855219372367694
Philippines,Naphtha,2060,165.11401541390902,139.1769920152546,1.1863599940125993
Philippines,Oil,2025,10.7977572,,
Philippines,Oil,2030,10.7977572,10.7977572,1.0
Philippines,Oil,2035,10.7977572,10.7977572,1.0
Philippines,Oil,2040,10.7977572,10.7977572,1.0
Philippines,Oil,2045,10.7977572,10.7977572,1.0
Philippines,Oil,2050,10.7977572,10.7977572,1.0
Philippines,Oil,2055,10.7977572,10.7977572,1.0
Philippines,Oil,2060,10.7977572,10.7977572,1.0
Philippines,Residual Fuel Oil,2025,27.736170122638157,,
Philippines,Residual Fuel Oil,2030,26.860856847344333,27.736170122638157,0.9684414513098405
Philippines,Residual Fuel Oil,2035,32.81525747863404,26.860856847344333,1.2216757516385186
Philippines,Residual Fuel Oil,2040,39.52071591803016,32.81525747863404,1.2043396564467623
Philippines,Residual Fuel Oil,2045,46.96991970443804,39.52071591803016,1.1884885841101223
Philippines,Residual Fuel Oil,2050,54.93125000574926,46.96991970443804,1.1694984865081424
Philippines,Residual Fuel Oil,2055,64.20621180815449,54.93125000574926,1.1688467275263987
Philippines,Residual Fuel Oil,2060,75.22755215396951,64.20621180815449,1.1716553591223593
Singapore,Bitumen,2025,136.85041176113748,,
Singapore,Bitumen,2030,137.52330087970265,136.85041176113748,1.0049169681691543
Singapore,Bitumen,2035,138.33117984510932,137.52330087970265,1.0058744878885169
Singapore,Bitumen,2040,139.20368908005895,138.33117984510932,1.0063073938639617
Singapore,Bitumen,2045,140.0977417878662,139.20368908005895,1.0064226222287331
Singapore,Bitumen,2050,141.0564248397314,140.0977417878662,1.006842958634671
Singapore,Bitumen,2055,142.09080631216185,141.0564248397314,1.0073331042779918
Singapore,Bitumen,2060,143.24232113959334,142.09080631216185,1.0081040769443008
Singapore,Blended Diesel,2025,2.5451287879666835,,
Singapore,Blended Diesel,2030,2.4128786274541216,2.5451287879666835,0.9480379298926491
Singapore,Blended Diesel,2035,2.113498415816508,2.4128786274541216,0.8759240484659206
Singapore,Blended Diesel,2040,1.7529482059378203,2.113498415816508,0.8294059710759724
Singapore,Blended Diesel,2045,1.4164430534749841,1.7529482059378203,0.8080347432268786
Singapore,Blended Diesel,2050,1.0517034037334159,1.4164430534749841,0.7424960722234853
Singapore,Blended Diesel,2055,0.7055378091037415,1.0517034037334159,0.6708524538374321
Singapore,Blended Diesel,2060,0.44336894026994145,0.7055378091037415,0.6284127293378673
Singapore,Crude Oil,2025,54.62907332399999,,
Singapore,Crude Oil,2030,54.62907332399999,54.62907332399999,1.0
Singapore,Crude Oil,2035,54.62907332399999,54.62907332399999,1.0
Singapore,Crude Oil,2040,54.62907332399999,54.62907332399999,1.0
Singapore,Crude Oil,2045,54.62907332399999,54.62907332399999,1.0
Singapore,Crude Oil,2050,54.62907332399999,54.62907332399999,1.0
Singapore,Crude Oil,2055,54.62907332399999,54.62907332399999,1.0
Singapore,Crude Oil,2060,54.62907332399999,54.62907332399999,1.0
Singapore,Diesel,2025,1028.2725584686702,,
Singapore,Diesel,2030,1029.8783925957428,1028.2725584686702,1.001561681398426
Singapore,Diesel,2035,1031.760829933937,1029.8783925957428,1.0018278248691572
Singapore,Diesel,2040,1033.6746554604856,1031.760829933937,1.001854911982529
Singapore,Diesel,2045,1035.4801595894144,1033.6746554604856,1.0017466851096628
Singapore,Diesel,2050,1037.289996232278,1035.4801595894144,1.0017478235831978
Singapore,Diesel,2055,1039.1157350074432,1037.289996232278,1.001760104485531
Singapore,Diesel,2060,1041.0417671314099,1039.1157350074432,1.0018535299380804
Singapore,Gasoline,2025,1096.9908186938803,,
Singapore,Gasoline,2030,1085.6461753596175,1096.9908186938803,0.9896583971889845
Singapore,Gasoline,2035,1068.373387297172,1085.6461753596175,0.9840898550057307
Singapore,Gasoline,2040,1054.779233433763,1068.373387297172,0.987275840052699
Singapore,Gasoline,2045,1050.0868812820754,1054.779233433763,0.9955513419273415
Singapore,Gasoline,2050,1049.432336977601,1050.0868812820754,0.9993766760482948
Singapore,Gasoline,2055,1049.1689110833927,1049.432336977601,0.9997489824880307
Singapore,Gasoline,2060,1048.8873891234418,1049.1689110833927,0.9997316714620716
Singapore,Jet Kerosene,2025,223.3709882031032,,
Singapore,Jet Kerosene,2030,236.3516365198485,223.3709882031032,1.0581125079007239
Singapore,Jet Kerosene,2035,251.93636280402723,236.3516365198485,1.065938728047986
Singapore,Jet Kerosene,2040,268.7678662709644,251.93636280402723,1.0668085514913537
Singapore,Jet Kerosene,2045,286.0149630904626,268.7678662709644,1.0641709779476023
Singapore,Jet Kerosene,2050,304.50883853018144,286.0149630904626,1.0646605171977297
Singapore,Jet Kerosene,2055,324.4630059383392,304.50883853018144,1.0655290253789464
Singapore,Jet Kerosene,2060,346.6767832071399,324.4630059383392,1.0684632049332063
Singapore,Kerosene,2025,7.237954674184278,,
Singapore,Kerosene,2030,7.232266483609539,7.237954674184278,0.9992141163034597
Singapore,Kerosene,2035,7.2255794231444535,7.232266483609539,0.999075385222566
Singapore,Kerosene,2040,7.2167643635134375,7.2255794231444535,0.9987800203810949
Singapore,Kerosene,2045,7.205611890249578,7.2167643635134375,0.9984546435629458
Singapore,Kerosene,2050,7.19260962521944,7.205611890249578,0.998195536308619
Singapore,Kerosene,2055,7.177896645473406,7.19260962521944,0.9979544309349911
Singapore,Kerosene,2060,7.1616051359999995,7.177896645473406,0.9977303226449101
Singapore,LPG,2025,23.097682488852197,,
Singapore,LPG,2030,24.025354701986537,23.097682488852197,1.0401629996248354
Singapore,LPG,2035,25.127649381444893,24.025354701986537,1.0458804747372663
Singapore,LPG,2040,26.200558903571455,25.127649381444893,1.0426983640944478
Singapore,LPG,2045,27.125297439459718,26.200558903571455,1.0352946110535912
Singapore,LPG,2050,27.9794357531356,27.125297439459718,1.031488624800602
Singapore,LPG,2055,29.274176599413494,27.9794357531356,1.0462747304020523
Singapore,LPG,2060,30.6168301558344,29.274176599413494,1.0458647761402042
Singapore,Lubricants,2025,271.480722885591,,
Singapore,Lubricants,2030,273.8052489308268,271.480722885591,1.0085623981715102
Singapore,Lubricants,2035,276.59610353773513,273.8052489308268,1.0101928455272726
Singapore,Lubricants,2040,279.6102263484503,276.59610353773513,1.0108971991006517
Singapore,Lubricants,2045,282.6987720653779,279.6102263484503,1.0110458968445548
Singapore,Lubricants,2050,286.01058624352777,282.6987720653779,1.0117149931496128
Singapore,Lubricants,2055,289.583904056277,286.01058624352777,1.0124936557757573
Singapore,Lubricants,2060,293.56186436799607,289.583904056277,1.0137368142911216
Singapore,Naphtha,2025,329.0931054712215,,
Singapore,Naphtha,2030,367.0195830513855,329.0931054712215,1.1152454334339756
Singapore,Naphtha,2035,412.55457926936316,367.0195830513855,1.124066938988382
Singapore,Naphtha,2040,461.7323724968206,412.55457926936316,1.1192031205048107
Singapore,Naphtha,2045,512.1244341940613,461.7323724968206,1.1091369475021762
Singapore,Naphtha,2050,566.1592971007169,512.1244341940613,1.1055111986439217
Singapore,Naphtha,2055,624.4607982560989,566.1592971007169,1.102977203507815
Singapore,Naphtha,2060,689.3643612367783,624.4607982560989,1.1039353681799282
Singapore,Oil,2025,80.86185773586539,,
Singapore,Oil,2030,81.03313860293717,80.86185773586539,1.0021181910961194
Singapore,Oil,2035,81.23878052203817,81.03313860293717,1.0025377508837297
Singapore,Oil,2040,81.46087378252808,81.23878052203817,1.002733833017467
Singapore,Oil,2045,81.68845083612594,81.46087378252808,1.0027936976738723
Singapore,Oil,2050,81.93247925008015,81.68845083612594,1.0029873061792267
Singapore,Oil,2055,82.19577635296491,81.93247925008015,1.0032135864225604
Singapore,Oil,2060,82.48888921903276,82.19577635296491,1.0035660331841039
Singapore,Petroleum Coke,2025,2.82263192806358,,
Singapore,Petroleum Coke,2030,3.20801387752329,2.82263192806358,1.1365328385993616
Singapore,Petroleum Coke,2035,3.670708193757466,3.20801387752329,1.1442307714053264
Singapore,Petroleum Coke,2040,4.170418027977248,3.670708193757466,1.1361344481344515
Singapore,Petroleum Coke,2045,4.682466396643408,4.170418027977248,1.1227810654066532
Singapore,Petroleum Coke,2050,5.231530325971936,4.682466396643408,1.1172595557166456
Singapore,Petroleum Coke,2055,5.823948805230866,5.231530325971936,1.1132399971606526
Singapore,Petroleum Coke,2060,6.483452751398996,5.823948805230866,1.1132399971606528
Singapore,Residual Fuel Oil,2025,2403.9722554782493,,
Singapore,Residual Fuel Oil,2030,2404.2671125072015,2403.9722554782493,1.0001226540898216
Singapore,Residual Fuel Oil,2035,2404.6107436144966,2404.2671125072015,1.0001429255116903
Singapore,Residual Fuel Oil,2040,2404.9469410494316,2404.6107436144966,1.000139813662493
Singapore,Residual Fuel Oil,2045,2405.2449118859427,2404.9469410494316,1.000123899131172
Singapore,Residual Fuel Oil,2050,2405.5275507823194,2405.2449118859427,1.0001175094041277
Singapore,Residual Fuel Oil,2055,2405.7953295532798,2405.5275507823194,1.0001113181060317
Singapore,Residual Fuel Oil,2060,2406.0625401234483,2405.7953295532798,1.0001110695356692
Thailand,Blended Diesel,2025,243.15007821091507,,
Thailand,Blended Diesel,2030,428.1558049540225,243.15007821091507,1.7608705212203486
Thailand,Blended Diesel,2035,567.1646061138489,428.1558049540225,1.3246687293536843
Thailand,Blended Diesel,2040,576.024122650704,567.1646061138489,1.0156207147649068
Thailand,Blended Diesel,2045,476.0779404261707,576.024122650704,0.8264895890737898
Thailand,Blended Diesel,2050,365.16937776328444,476.0779404261707,0.7670369633938421
Thailand,Blended Diesel,2055,293.0974794380785,365.16937776328444,0.8026343315897494
Thailand,Blended Diesel,2060,252.61494957733424,293.0974794380785,0.8618803207098312
Thailand,Crude Oil,2025,287.785033375727,,
Thailand,Crude Oil,2030,331.1980975395354,287.785033375727,1.1508524041524046
Thailand,Crude Oil,2035,394.5657735788323,331.1980975395354,1.1913286232923865
Thailand,Crude Oil,2040,466.198799502064,394.5657735788323,1.1815490108873312
Thailand,Crude Oil,2045,548.8522906563682,466.198799502064,1.1772923723582824
Thailand,Crude Oil,2050,639.7711316946071,548.8522906563682,1.1656526584402331
Thailand,Crude Oil,2055,746.0378480311217,639.7711316946071,1.1661011431619905
Thailand,Crude Oil,2060,870.7675358645903,746.0378480311217,1.1671894906708076
Thailand,Diesel,2025,242.02282351785522,,
Thailand,Diesel,2030,260.8799575208878,242.02282351785522,1.0779146930398544
Thailand,Diesel,2035,288.5502950911618,260.8799575208878,1.1060654020079659
Thailand,Diesel,2040,319.6731368212671,288.5502950911618,1.107859330798025
Thailand,Diesel,2045,355.4553441985466,319.6731368212671,1.1119337324777643
Thailand,Diesel,2050,394.643890115276,355.4553441985466,1.1102488584187382
Thailand,Diesel,2055,440.3563308127366,394.643890115276,1.115832125727597
Thailand,Diesel,2060,493.9203595320371,440.3563308127366,1.12163792131804
Thailand,Gasoline,2025,505.67165989326116,,
Thailand,Gasoline,2030,773.7842552956521,505.67165989326116,1.5302108396958316
Thailand,Gasoline,2035,895.7094223679084,773.7842552956521,1.1575699766928838
Thailand,Gasoline,2040,832.1697186310047,895.7094223679084,0.92906214655091
Thailand,Gasoline,2045,641.996861027665,832.1697186310047,0.7714734706807267
Thailand,Gasoline,2050,419.189710053067,641.996861027665,0.6529466660974893
Thailand,Gasoline,2055,245.39068267355242,419.189710053067,0.5853929063346697
Thailand,Gasoline,2060,140.18644756797144,245.39068267355242,0.5712786078127667
Thailand,Jet Kerosene,2025,145.47866045902413,,
Thailand,Jet Kerosene,2030,158.84693249061183,145.47866045902413,1.0918916354426638
Thailand,Jet Kerosene,2035,178.54355607135,158.84693249061183,1.1239975067312191
Thailand,Jet Kerosene,2040,204.5234883112776,178.54355607135,1.1455103326694436
Thailand,Jet Kerosene,2045,237.66998569942498,204.5234883112776,1.162066947233462
Thailand,Jet Kerosene,2050,274.1311331345801,237.66998569942498,1.1534108201666937
Thailand,Jet Kerosene,2055,316.7472330270752,274.1311331345801,1.1554588105524424
Thailand,Jet Kerosene,2060,366.76753119304334,316.7472330270752,1.1579186586349515
Thailand,Kerosene,2025,1.0050582011315055,,
Thailand,Kerosene,2030,0.9790349756428787,1.0050582011315055,0.9741077427562608
Thailand,Kerosene,2035,0.9570540110643938,0.9790349756428787,0.977548335733306
Thailand,Kerosene,2040,0.9254444343597337,0.9570540110643938,0.9669720033151469
Thailand,Kerosene,2045,0.8852795723526343,0.9254444343597337,0.9565993802373588
Thailand,Kerosene,2050,0.8355244383830404,0.8852795723526343,0.9437972641372833
Thailand,Kerosene,2055,0.7779172969157182,0.8355244383830404,0.9310527151320587
Thailand,Kerosene,2060,0.7117559999999999,0.7779172969157182,0.9149507316805602
Thailand,LPG,2025,254.75621464457336,,
Thailand,LPG,2030,256.84394744091935,254.75621464457336,1.0081950220498397
Thailand,LPG,2035,277.72946919944525,256.84394744091935,1.0813159973852609
Thailand,LPG,2040,313.4930432747386,277.72946919944525,1.1287712613947012
Thailand,LPG,2045,357.4493046758197,313.4930432747386,1.1402144715618419
Thailand,LPG,2050,406.15817478004203,357.4493046758197,1.136267911189246
Thailand,LPG,2055,470.09628430155055,406.15817478004203,1.157421697977973
Thailand,LPG,2060,546.5548137008922,470.09628430155055,1.162644402758768
Thailand,Residual Fuel Oil,2025,189.80795010890844,,
Thailand,Residual Fuel Oil,2030,200.72466815602272,189.80795010890844,1.0575145458388358
Thailand,Residual Fuel Oil,2035,216.87025566753215,200.72466815602272,1.0804364887476585
Thailand,Residual Fuel Oil,2040,234.88198306008556,216.87025566753215,1.083053009446191
Thailand,Residual Fuel Oil,2045,255.4653853795404,234.88198306008556,1.0876329552879727
Thailand,Residual Fuel Oil,2050,277.84179380172185,255.4653853795404,1.0875907645528462
Thailand,Residual Fuel Oil,2055,303.8500609361855,277.84179380172185,1.0936081889574327
Thailand,Residual Fuel Oil,2060,334.2318891710322,303.8500609361855,1.0999895413587806
Timor Leste,Blended Diesel,2025,1.3956016072457362,,
Timor Leste,Blended Diesel,2030,2.4423439790871293,1.3956016072457362,1.750029497248267
Timor Leste,Blended Diesel,2035,3.4400334619876642,2.4423439790871293,1.4084967111280695
Timor Leste,Blended Diesel,2040,4.002667906194752,3.4400334619876642,1.163554933527302
Timor Leste,Blended Diesel,2045,4.021213432447425,4.002667906194752,1.0046332912665503
Timor Leste,Blended Diesel,2050,3.687792056419416,4.021213432447425,0.9170843871808418
Timor Leste,Blended Diesel,2055,3.2510071418090902,3.687792056419416,0.8815592343798221
Timor Leste,Blended Diesel,2060,2.8272540945753963,3.2510071418090902,0.8696548396390518
Timor Leste,Diesel,2025,0.00015608157263435383,,
Timor Leste,Diesel,2030,0.0001731995257609518,0.00015608157263435383,1.1096731205207646
Timor Leste,Diesel,2035,0.00018685611216058383,0.0001731995257609518,1.078848867164225
Timor Leste,Diesel,2040,0.00019352592473049202,0.00018685611216058383,1.0356949124799095
Timor Leste,Diesel,2045,0.00018790670219687774,0.00019352592473049202,0.9709639804515094
Timor Leste,Diesel,2050,0.0001621783462384677,0.00018790670219687774,0.8630790937331584
Timor Leste,Diesel,2055,0.0001049795550712242,0.0001621783462384677,0.6473093203013788
Timor Leste,Gasoline,2025,6.5418215880231125,,
Timor Leste,Gasoline,2030,14.904117623631715,6.5418215880231125,2.2782824971745557
Timor Leste,Gasoline,2035,23.423473954610845,14.904117623631715,1.5716109162659173
Timor Leste,Gasoline,2040,28.596961163099294,23.423473954610845,1.2208676312708118
Timor Leste,Gasoline,2045,29.533841708410613,28.596961163099294,1.0327615420382583
Timor Leste,Gasoline,2050,27.750641337706906,29.533841708410613,0.9396217942687798
Timor Leste,Gasoline,2055,24.949645383114728,27.750641337706906,0.8990655415669168
Timor Leste,Gasoline,2060,22.031700563336713,24.949645383114728,0.8830466415465447
Timor Leste,Kerosene,2025,0.25353378538946125,,
Timor Leste,Kerosene,2030,0.2604252720147381,0.25353378538946125,1.0271817289151053
Timor Leste,Kerosene,2035,0.2630448588896482,0.2604252720147381,1.0100588812085867
Timor Leste,Kerosene,2040,0.2592345046120977,0.2630448588896482,0.9855144316690523
Timor Leste,Kerosene,2045,0.24597232831107135,0.2592345046120977,0.9488410066365547
Timor Leste,Kerosene,2050,0.2190398484172571,0.24597232831107135,0.8905060578206431
Timor Leste,Kerosene,2055,0.1751736230281609,0.2190398484172571,0.79973404060464
Timor Leste,Kerosene,2060,0.10402595545488072,0.1751736230281609,0.5938448589269488
Timor Leste,LPG,2025,0.020294052778954092,,
Timor Leste,LPG,2030,0.027951292737547463,0.020294052778954092,1.3773144793697538
Timor Leste,LPG,2035,0.038505086954030716,0.027951292737547463,1.3775780360350258
Timor Leste,LPG,2040,0.053053329590136936,0.038505086954030716,1.3778265103900331
Timor Leste,LPG,2045,0.07311070737069107,0.053053329590136936,1.3780606784815816
Timor Leste,LPG,2050,0.10076711982801026,0.07311070737069107,1.3782812867217067
Timor Leste,LPG,2055,0.13890637145800225,0.10076711982801026,1.378489051737196
Timor Leste,LPG,2060,0.1915080835638902,0.13890637145800225,1.378684660421008
Timor Leste,Residual Fuel Oil,2025,0.002711061821481887,,
Timor Leste,Residual Fuel Oil,2030,0.003509791169910778,0.002711061821481887,1.2946186406004934
Timor Leste,Residual Fuel Oil,2035,0.004543841073181502,0.003509791169910778,1.294618640600492
Timor Leste,Residual Fuel Oil,2040,0.00588254135326692,0.004543841073181502,1.2946186406004925
Timor Leste,Residual Fuel Oil,2045,0.007615647690042608,0.00588254135326692,1.2946186406004936
Timor Leste,Residual Fuel Oil,2050,0.00985935945977524,0.007615647690042608,1.2946186406004923
Timor Leste,Residual Fuel Oil,2055,0.012764110541005833,0.00985935945977524,1.294618640600493
Timor Leste,Residual Fuel Oil,2060,0.01652465543707139,0.012764110541005833,1.2946186406004925
Vietnam,Bitumen,2025,43.09973844142145,,
Vietnam,Bitumen,2030,58.125658775968915,43.09973844142145,1.3486313578206464
Vietnam,Bitumen,2035,73.74281602560683,58.125658775968915,1.2686792301112735
Vietnam,Bitumen,2040,92.34686102200925,73.74281602560683,1.2522828120632423
Vietnam,Bitumen,2045,113.68177488962563,92.34686102200925,1.2310302010431255
Vietnam,Bitumen,2050,136.72348212625366,113.68177488962563,1.202686026489289
Vietnam,Bitumen,2055,165.47787152403825,136.72348212625366,1.2103105403008396
Vietnam,Bitumen,2060,200.28758551847733,165.47787152403825,1.2103587245463356
Vietnam,Blended Diesel,2025,587.169329228709,,
Vietnam,Blended Diesel,2030,1100.4924388678853,587.169329228709,1.8742335201899336
Vietnam,Blended Diesel,2035,1672.685285269169,1100.4924388678853,1.5199425513453944
Vietnam,Blended Diesel,2040,2102.9430537971166,1672.685285269169,1.2572257748167555
Vietnam,Blended Diesel,2045,2283.3297231498213,2102.9430537971166,1.085778199760091
Vietnam,Blended Diesel,2050,2243.1445762542357,2283.3297231498213,0.9824006377667827
Vietnam,Blended Diesel,2055,2083.135618335635,2243.1445762542357,0.9286675680148111
Vietnam,Blended Diesel,2060,1883.0999673190418,2083.135618335635,0.90397377431604
Vietnam,Crude Oil,2025,110.99206799999999,,
Vietnam,Crude Oil,2030,110.99206799999999,110.99206799999999,1.0
Vietnam,Crude Oil,2035,110.99206799999999,110.99206799999999,1.0
Vietnam,Crude Oil,2040,110.99206799999999,110.99206799999999,1.0
Vietnam,Crude Oil,2045,110.99206799999999,110.99206799999999,1.0
Vietnam,Crude Oil,2050,110.99206799999999,110.99206799999999,1.0
Vietnam,Crude Oil,2055,110.99206799999999,110.99206799999999,1.0
Vietnam,Crude Oil,2060,110.99206799999999,110.99206799999999,1.0
Vietnam,Diesel,2025,172.79350373951138,,
Vietnam,Diesel,2030,224.66473629495798,172.79350373951138,1.3001920294043183
Vietnam,Diesel,2035,278.9527619615165,224.66473629495798,1.2416401726494577
Vietnam,Diesel,2040,343.60332820641105,278.9527619615165,1.2317616996881127
Vietnam,Diesel,2045,417.7183681664759,343.60332820641105,1.2156994239460397
Vietnam,Diesel,2050,497.73052794052563,417.7183681664759,1.191545706082434
Vietnam,Diesel,2055,597.5598654030047,497.73052794052563,1.200569046619555
Vietnam,Diesel,2060,718.3775544580623,597.5598654030047,1.2021850797720093
Vietnam,Gasoline,2025,890.9958766704352,,
Vietnam,Gasoline,2030,1281.6975289131242,890.9958766704352,1.4384999554685964
Vietnam,Gasoline,2035,1443.8282918572745,1281.6975289131242,1.1264968990629456
Vietnam,Gasoline,2040,1303.3029151726225,1443.8282918572745,0.902671683691773
Vietnam,Gasoline,2045,949.3206365260572,1303.3029151726225,0.7283960048538061
Vietnam,Gasoline,2050,557.6315786938376,949.3206365260572,0.5874006707938362
Vietnam,Gasoline,2055,278.21482442056976,557.6315786938376,0.49892229036282937
Vietnam,Gasoline,2060,129.53792224739647,278.21482442056976,0.4656039537691116
Vietnam,Jet Kerosene,2025,107.15617308499571,,
Vietnam,Jet Kerosene,2030,132.78346362274786,107.15617308499571,1.239158321914172
Vietnam,Jet Kerosene,2035,159.41913167497614,132.78346362274786,1.2005947677935491
Vietnam,Jet Kerosene,2040,191.14905275036148,159.41913167497614,1.1990345872669557
Vietnam,Jet Kerosene,2045,227.5365767162796,191.14905275036148,1.1903620417802427
Vietnam,Jet Kerosene,2050,266.8351030422331,227.5365767162796,1.1727130068189242
Vietnam,Jet Kerosene,2055,315.8768305987421,266.8351030422331,1.183790389635306
Vietnam,Jet Kerosene,2060,375.2461493632298,315.8768305987421,1.1879508498675055
Vietnam,Kerosene,2025,1.2800079850936086,,
Vietnam,Kerosene,2030,1.6350099930990407,1.2800079850936086,1.2773435885866529
Vietnam,Kerosene,2035,1.9618444487975037,1.6350099930990407,1.1998975278915405
Vietnam,Kerosene,2040,2.3175153134996127,1.9618444487975037,1.1812941209075543
Vietnam,Kerosene,2045,2.6829872783428934,2.3175153134996127,1.1576999136594235
Vietnam,Kerosene,2050,3.023847502273704,2.6829872783428934,1.1270450391927829
Vietnam,Kerosene,2055,3.414791002274789,3.023847502273704,1.129286777758179
Vietnam,Kerosene,2060,3.8374051515287055,3.414791002274789,1.1237598872002383
Vietnam,LPG,2025,121.99689342745056,,
Vietnam,LPG,2030,135.52680190704723,121.99689342745056,1.1109037131969486
Vietnam,LPG,2035,139.26845221244469,135.52680190704723,1.0276081944880815
Vietnam,LPG,2040,143.01285978491532,139.26845221244469,1.0268862582515013
Vietnam,LPG,2045,146.70431852494616,143.01285978491532,1.0258120755404978
Vietnam,LPG,2050,150.02662448873758,146.70431852494616,1.0226462724287593
Vietnam,LPG,2055,159.48386673362154,150.02662448873758,1.063037092763451
Vietnam,LPG,2060,170.89324732405228,159.48386673362154,1.0715394028506176
Vietnam,Lubricants,2025,5.642786721413974,,
Vietnam,Lubricants,2030,7.163901555430548,5.642786721413974,1.2695680182708398
Vietnam,Lubricants,2035,8.74486891241668,7.163901555430548,1.220685243195126
Vietnam,Lubricants,2040,10.628207049893353,8.74486891241668,1.2153649364374755
Vietnam,Lubricants,2045,12.787998479898597,10.628207049893353,1.2032131496748473
Vietnam,Lubricants,2050,15.120573250584517,12.787998479898597,1.1824034288362235
Vietnam,Lubricants,2055,18.031458393206716,15.120573250584517,1.1925115598715592
Vietnam,Lubricants,2060,21.55534053459371,18.031458393206716,1.1954296798707422
Vietnam,Oil,2025,54.00263176602873,,
Vietnam,Oil,2030,72.87343645962179,54.00263176602873,1.3494423156144042
Vietnam,Oil,2035,92.4867658108667,72.87343645962179,1.2691423693476072
Vietnam,Oil,2040,115.85127805513453,92.4867658108667,1.2526254652697848
Vietnam,Oil,2045,142.64544332331766,115.85127805513453,1.23128070503833
Vietnam,Oil,2050,171.5831421389858,142.64544332331766,1.2028645159739064
Vietnam,Oil,2055,207.69530394524347,171.5831421389858,1.2104645092523487
Vietnam,Oil,2060,251.41224770665707,207.69530394524347,1.210485951925707
Vietnam,Residual Fuel Oil,2025,49.97040942320588,,
Vietnam,Residual Fuel Oil,2030,61.982747848829014,49.97040942320588,1.240389033515597
Vietnam,Residual Fuel Oil,2035,74.46774536991258,61.982747848829014,1.2014269769312822
Vietnam,Residual Fuel Oil,2040,89.34058374564172,74.46774536991258,1.1997218836403534
Vietnam,Residual Fuel Oil,2045,106.39659096205735,89.34058374564172,1.1909099594085388
Vietnam,Residual Fuel Oil,2050,124.81707896332306,106.39659096205735,1.1731304342996736
Vietnam,Residual Fuel Oil,2055,147.80451993052827,124.81707896332306,1.1841690348638905
Vietnam,Residual Fuel Oil,2060,175.63283631251744,147.80451993052827,1.1882778442436615
