r,t,region_name,tech_name,is_supply_tech,y,delta_GW,prior_stock_GW,traj_median_pos_delta_GW,traj_peak_delta_GW,pulse_ratio,stock_multiplier,peak_fraction,pulse_flag,stock_flag
R1,S26D,Indonesia,Biomass Domestic Production,True,2030,500.7500023983917,0.1763243185379545,7.412099900958794,500.7500023983917,67.55845294713541,2839.9372619188844,1.0,True,True
R19,S58I,Philippines,Wood Imports,True,2030,221.52157868113923,0.0,10.114701257051584,221.52157868113923,21.900951204733094,inf,1.0,True,True
R19,S16I,Philippines,Diesel Imports,True,2025,215.60901635744492,0.0,12.833665998821365,215.60901635744492,16.800267077018077,inf,1.0,True,True
R12,S58I,Myanmar,Wood Imports,True,2025,164.34932932973342,0.0,50.476988357190685,164.34932932973342,3.2559258125058306,inf,1.0,True,True
R16,S61I,Singapore,Naphtha Imports,True,2025,122.59393611346975,0.0,19.256455749845358,122.59393611346975,6.366381109070617,inf,1.0,True,True
R1,P2510,Indonesia,Gasoline,False,2025,114.70940451670148,0.0,32.21725268596209,114.70940451670148,3.5604961613217694,inf,1.0,True,True
R11,S26I,Thailand,Biomass Imports,True,2035,81.25667833435905,0.0,17.77135588235294,180.10464061446729,4.572339830020928,inf,0.45116371270131467,True,True
R12,S26D,Myanmar,Biomass Domestic Production,True,2025,54.35350159156631,0.0,7.293201358434018,54.35350159156631,7.45262593479758,inf,1.0,True,True
R1,P2605,Indonesia,Natural Gas,False,2025,49.56222029569096,0.0,10.986388966966324,57.626841773723015,4.511238446473518,inf,0.8600544255106237,True,True
R1,P2521,Indonesia,Natural Gas,False,2025,49.562220295690956,0.0,11.023668875983603,57.626841773723,4.495982313444506,inf,0.8600544255106238,True,True
R17,P2613,Malaysia,Crude Oil,True,2025,36.99111640348047,0.0,1.2359339969258194,39.14891038260124,29.92968596663716,inf,0.9448824000966386,True,True
R14,P2510,Vietnam,Gasoline,False,2025,36.961360585892464,0.0,4.714513640701841,36.961360585892464,7.83990956496418,inf,1.0,True,True
R16,P2613,Singapore,Crude Oil,True,2025,29.03463191777692,0.0,2.6945035636391808,32.797445244246994,10.775503253951134,inf,0.8852711454063603,True,True
R19,S46I,Philippines,Residual Fuel Oil Imports,True,2025,28.763608180225543,0.0,5.063708640179646,30.325019344819186,5.680344234656655,inf,0.9485107941123079,True,True
R17,P2544,Malaysia,All Refineries,False,2025,26.77257189985937,0.0,1.3562654009640518,29.140450219874307,19.739921021968904,inf,0.9187425622408537,True,True
R16,P2544,Singapore,All Refineries,False,2025,24.694288414598,0.0,2.447983432601834,28.112841949829324,10.0876043872371,inf,0.8783988633617286,True,True
R17,P2516,Malaysia,Electricity,False,2025,22.916968614507574,0.0,3.480434245407544,26.807721166617505,6.584514172260737,inf,0.8548644799784431,True,True
R11,P2510,Thailand,Gasoline,False,2025,21.200533364728283,0.0,4.4452830913232955,21.200533364728283,4.769220076469234,inf,1.0,True,True
R17,P2521,Malaysia,Natural Gas,False,2025,20.989523420005067,0.0,3.93522911148035,24.605709675966214,5.333748766691059,inf,0.8530346694493726,True,True
R17,P2605,Malaysia,Natural Gas,False,2025,20.989523420005067,0.0,3.93522911148035,24.605709675966214,5.333748766691059,inf,0.8530346694493726,True,True
R17,P2641,Malaysia,Electricity,False,2025,20.39610206691174,0.0,3.1870774625934573,26.866967332521543,6.399625458213553,inf,0.7591516308661662,True,True
R12,P2605,Myanmar,Natural Gas,False,2025,18.910525647235612,0.0,0.15135640374825243,18.982915259766795,124.94037370687697,inf,0.9961865913880673,True,True
R12,P2521,Myanmar,Natural Gas,False,2025,17.019473082512054,0.0,0.13622076337342826,17.084623733790114,124.940373706876,inf,0.9961865913880676,True,True
R19,P2516,Philippines,Electricity,False,2025,13.300304273652285,0.0,2.383579722040535,16.444494071363327,5.579970391032761,inf,0.808799846072104,True,True
R19,P2641,Philippines,Electricity,False,2025,12.032785276373222,0.0,3.0970891619435506,14.877333786362396,3.885191754964573,inf,0.8087998460721043,True,True
R14,P2521,Vietnam,Natural Gas,False,2025,11.65600025407396,0.0,3.074116098755918,13.596901146703075,3.791659091467331,inf,0.8572541734555644,True,True
R14,P2605,Vietnam,Natural Gas,False,2025,11.65600025407396,0.0,3.074116098755918,13.596901146703075,3.791659091467331,inf,0.8572541734555644,True,True
R16,P2516,Singapore,Electricity,False,2025,8.270568242899051,0.0,0.8457272198626917,9.128395488607028,9.779238563755605,inf,0.9060265030389388,True,True
R16,P2641,Singapore,Electricity,False,2025,8.043623850313901,0.0,0.6109347632927058,8.4785632547639,13.166092901575663,inf,0.9487012844769876,True,True
R16,P14937,Singapore,SMR,False,2025,7.110780432285759,0.0,0.00065581539534075,7.110780432285759,10842.655544234556,inf,1.0,True,True
R6,S26D,Cambodia,Biomass Domestic Production,True,2025,5.4098194911903335,0.0,0.0689056402812823,5.4098194911903335,78.51054672892823,inf,1.0,True,True
R16,P2831,Singapore,Gas Combined Cycle,False,2030,5.0,1.0814284,1.522576373295223,5.0,3.283907518661144,4.623514603463345,1.0,True,True
R13,P2516,Laos,Electricity,False,2025,4.961170500272449,0.0,0.4852936543920112,5.323879547791652,10.22302775932221,inf,0.9318712896745279,True,True
R13,P2641,Laos,Electricity,False,2025,4.543368125932412,0.0,0.49106250166123155,4.8734333591748875,9.252117827287773,inf,0.9322725460847672,True,True
R17,P16131,Malaysia,All Mines,False,2025,3.0523502984181885,0.0,0.9310680842012861,3.0523502984181885,3.278332004083931,inf,1.0,True,True
R6,P2516,Cambodia,Electricity,False,2025,2.802286071557531,0.0,0.7603996569838798,3.5884885411562757,3.6852805571648735,inf,0.7809098564529856,True,True
R6,P2641,Cambodia,Electricity,False,2025,2.802286071557531,0.0,0.7603996569838798,3.5884885411562757,3.6852805571648735,inf,0.7809098564529856,True,True
R17,P20908,Malaysia,Wind Onshore_MYSR,False,2025,2.1781925093379533,0.0,0.3575738774442332,2.9695440872874546,6.091587352260266,inf,0.7335107495668247,True,True
R19,S57I,Philippines,Charcoal Imports,True,2025,1.927255866955207,0.0,0.4340071891916186,1.927255866955207,4.440608162608808,inf,1.0,True,True
R13,P2510,Laos,Gasoline,False,2025,1.4168571057187287,0.0,0.07247110950073281,1.4168571057187287,19.550647361130878,inf,1.0,True,True
R15,P2521,Brunei,Natural Gas,False,2025,1.0022342293314215,0.0,0.01137074670113769,1.0148305452075226,88.14146121390108,inf,0.9875877643458936,True,True
R15,P2605,Brunei,Natural Gas,False,2025,0.9045061822594318,0.0,0.054549396886563684,0.9171024981355329,16.58141489887352,inf,0.9862650947939741,True,True
R6,S65I,Cambodia,Lubricants Imports,True,2025,0.5977988984538873,0.0,0.18767715307423372,0.5977988984538873,3.185251314087412,inf,1.0,True,True
R12,S63I,Myanmar,Kerosene Imports,True,2025,0.1966874208614483,0.0,0.0012380603901414006,0.1966874208614483,158.86738839854522,inf,1.0,True,True
R20,P2516,Timor Leste,Electricity,False,2025,0.07673870946659472,0.0,0.019170008855475394,0.09214826740266858,4.003060720792332,inf,0.8327743063389643,True,True
R17,S59I,Malaysia,Gasoline Imports,True,2060,735.209105608753,641.8052988817248,36.43656882134174,735.209105608753,20.177780987383315,1.1455329317002745,1.0,True,False
R16,S72I,Singapore,Natural Gas Imports,True,2055,703.8012645786134,1335.9143922508342,222.65239870847236,703.8012645786134,3.1609866709773398,0.5268311118295567,1.0,True,False
R16,S72I,Singapore,Natural Gas Imports,True,2060,703.8012645786134,2039.7156568294477,222.65239870847236,703.8012645786134,3.1609866709773398,0.3450487141294039,1.0,True,False
R17,S59I,Malaysia,Gasoline Imports,True,2055,453.4891478241178,188.31615105760693,36.43656882134174,735.209105608753,12.445989358869015,2.408126680995052,0.6168165551331534,True,False
R11,S26I,Thailand,Biomass Imports,True,2060,180.10464061446729,152.3421018637708,17.77135588235294,180.10464061446729,10.134546953353865,1.1822381233490045,1.0,True,False
R14,P2627,Vietnam,All Mines,False,2040,178.09598875141631,72.36799602601403,29.618218276679357,178.09598875141631,6.013055447418477,2.4609772072090594,1.0,True,False
R1,P2627,Indonesia,All Mines,False,2055,138.44975761733014,230.68943445441613,38.42558133337029,138.44975761733014,3.6030621480043794,0.6001564741998949,1.0,True,False
R19,S16I,Philippines,Diesel Imports,True,2030,125.5164839659177,215.60901635744492,12.833665998821365,215.60901635744492,9.78025172054852,0.5821485858357224,0.5821485858357224,True,False
R1,S21I,Indonesia,LPG Imports,True,2050,115.70802814386778,116.61222111933984,26.514598321528943,115.70802814386778,4.363936678984755,0.9922461559621035,1.0,True,False
R19,S58I,Philippines,Wood Imports,True,2035,114.89897979795836,221.52157868113923,10.114701257051584,221.52157868113923,11.35960191783768,0.5186807555364406,0.5186807555364406,True,False
R16,S61I,Singapore,Naphtha Imports,True,2030,79.53032144855906,122.59393611346975,19.256455749845358,122.59393611346975,4.1300601980817655,0.6487296514808683,0.6487296514808683,True,False
R1,P2605,Indonesia,Natural Gas,False,2055,57.626841773723015,100.1673876859776,10.986388966966324,57.626841773723015,5.245294149605877,0.5753054272951772,1.0,True,False
R1,P2521,Indonesia,Natural Gas,False,2055,57.626841773723,100.1673876859776,11.023668875983603,57.626841773723,5.227555582630938,0.5753054272951771,1.0,True,False
R1,P2668,Indonesia,Natural Gas,False,2055,41.4315092276965,85.07088550095186,11.85619830372653,41.4315092276965,3.4945020457927174,0.4870233686145529,1.0,True,False
R17,P2613,Malaysia,Crude Oil,True,2055,39.14891038260124,41.141927012845706,1.2359339969258194,39.14891038260124,31.675567206645056,0.9515575284156673,1.0,True,False
R1,S29D,Indonesia,Palm Oil Domestic Production,True,2060,34.884436353082414,69.51252770466579,9.610983556091236,34.884436353082414,3.6296427050874938,0.5018438762764329,1.0,True,False
R14,P2516,Vietnam,Electricity,False,2055,33.46817055766158,60.00654359706808,10.276084736256983,33.46817055766158,3.256899044397352,0.5577420153107574,1.0,True,False
R16,P2613,Singapore,Crude Oil,True,2055,32.797445244246994,41.268559146544526,2.6945035636391808,32.797445244246994,12.171980652328756,0.7947320168795661,1.0,True,False
R11,P2516,Thailand,Electricity,False,2055,30.909873785317444,55.81170264584587,8.252488333384864,30.909873785317444,3.7455216580281263,0.5538242397200563,1.0,True,False
R19,S46I,Philippines,Residual Fuel Oil Imports,True,2030,30.325019344819186,28.763608180225543,5.063708640179646,30.325019344819186,5.98869751395162,1.0542842592907757,1.0,True,False
R17,P2544,Malaysia,All Refineries,False,2055,29.140450219874307,31.327508352323065,1.3562654009640518,29.140450219874307,21.485802261976808,0.9301872939318336,1.0,True,False
R16,P2544,Singapore,All Refineries,False,2055,28.112841949829324,35.80893364120566,2.447983432601834,28.112841949829324,11.48408178561472,0.7850790037902615,1.0,True,False
R17,P2641,Malaysia,Electricity,False,2055,26.866967332521543,27.5659638447609,3.1870774625934573,26.866967332521543,8.429969979662426,0.9746427690257525,1.0,True,False
R17,P2516,Malaysia,Electricity,False,2055,26.807721166617505,30.97299308400101,3.480434245407544,26.807721166617505,7.702407020615451,0.8655192313481946,1.0,True,False
R17,P2521,Malaysia,Natural Gas,False,2055,24.605709675966214,37.79426037050273,3.93522911148035,24.605709675966214,6.252675251914384,0.6510435562107262,1.0,True,False
R17,P2605,Malaysia,Natural Gas,False,2055,24.605709675966214,37.79426037050273,3.93522911148035,24.605709675966214,6.252675251914384,0.6510435562107262,1.0,True,False
R14,S20I,Vietnam,LNG Imports,True,2060,24.56048533066005,47.81509388092006,6.740343390859314,24.56048533066005,3.6438032762495323,0.513655486943644,1.0,True,False
R17,P20955,Malaysia,Gas Turbine_MYPE,False,2050,19.786315535857742,20.274365679988268,5.99002862317343,19.786315535857742,3.3032088459996776,0.9759277231241689,1.0,True,False
R19,S46I,Philippines,Residual Fuel Oil Imports,True,2035,19.703373487753016,59.08862752504473,5.063708640179646,30.325019344819186,3.8910954179729416,0.3334545802303791,0.6497398489250823,True,False
R12,P2605,Myanmar,Natural Gas,False,2055,18.982915259766795,19.565363173912168,0.15135640374825243,18.982915259766795,125.41864625259355,0.9702306617583265,1.0,True,False
R12,P2521,Myanmar,Natural Gas,False,2055,17.084623733790114,17.608826856520952,0.13622076337342826,17.084623733790114,125.41864625259255,0.9702306617583264,1.0,True,False
R19,P2516,Philippines,Electricity,False,2055,16.444494071363327,22.052264728486985,2.383579722040535,16.444494071363327,6.899074496776438,0.7457054535591724,1.0,True,False
R13,S59I,Laos,Gasoline Imports,True,2060,15.515352115796059,20.429744005456524,1.5212654321688268,15.515352115796059,10.198977632507065,0.7594491693900867,1.0,True,False
R19,P2641,Philippines,Electricity,False,2055,14.877333786362396,19.950683899862174,3.0970891619435506,14.877333786362396,4.803650462883755,0.7457054535591722,1.0,True,False
R14,P2521,Vietnam,Natural Gas,False,2055,13.596901146703075,24.854252953633605,3.074116098755918,13.596901146703075,4.423027859034239,0.5470653723557302,1.0,True,False
R14,P2605,Vietnam,Natural Gas,False,2055,13.596901146703075,24.854252953633605,3.074116098755918,13.596901146703075,4.423027859034239,0.5470653723557302,1.0,True,False
R13,S59I,Laos,Gasoline Imports,True,2055,11.438496955843029,8.991247049613495,1.5212654321688268,15.515352115796059,7.519067162089836,1.2721813662471584,0.7372373421159797,True,False
R16,S62I,Singapore,Jet Kerosene Imports,True,2055,10.28865442473171,8.200265205479512,1.3667108675799216,10.28865442473171,7.528040252544533,1.2546733754240915,1.0,True,False
R15,S59I,Brunei,Gasoline Imports,True,2060,10.097832904684424,24.73219984282988,3.1506006936748294,10.097832904684424,3.205050048061283,0.4082868878973534,1.0,True,False
R16,P2516,Singapore,Electricity,False,2050,9.128395488607028,9.20698604461742,0.8457272198626917,9.128395488607028,10.793545807936832,0.991464030071346,1.0,True,False
R16,P2641,Singapore,Electricity,False,2055,8.4785632547639,9.35369540918887,0.6109347632927058,8.4785632547639,13.878017366482261,0.9064399559595175,1.0,True,False
R13,P2516,Laos,Electricity,False,2055,5.323879547791652,6.367704043032417,0.4852936543920112,5.323879547791652,10.970428934335747,0.836075218291132,1.0,True,False
R16,P2831,Singapore,Gas Combined Cycle,False,2060,5.0,13.084035958043316,1.522576373295223,5.0,3.283907518661144,0.3821450824526576,1.0,True,False
R13,P2641,Laos,Electricity,False,2055,4.8734333591748875,5.7946106791595,0.49106250166123155,4.8734333591748875,9.924262884436072,0.8410286089973817,1.0,True,False
R6,P2516,Cambodia,Electricity,False,2055,3.5884885411562757,3.6584338933879974,0.7603996569838798,3.5884885411562757,4.719213782118198,0.9808810670713126,1.0,True,False
R6,P2641,Cambodia,Electricity,False,2055,3.5884885411562757,3.6584338933879974,0.7603996569838798,3.5884885411562757,4.719213782118198,0.9808810670713126,1.0,True,False
R17,P20908,Malaysia,Wind Onshore_MYSR,False,2050,2.9695440872874546,2.6754324257927062,0.3575738774442332,2.9695440872874546,8.30470085933663,1.1099305139084594,1.0,True,False
R19,S57I,Philippines,Charcoal Imports,True,2030,1.5567719940890896,1.927255866955207,0.4340071891916186,1.927255866955207,3.5869728263919582,0.807766120099336,0.807766120099336,True,False
R12,S20I,Myanmar,LNG Imports,True,2060,1.2676808808454056,2.7815403469915463,0.4066064969293434,1.2676808808454056,3.1177093588489617,0.4557477953596833,1.0,True,False
R15,P2521,Brunei,Natural Gas,False,2055,1.0148305452075226,1.0237590764709898,0.01137074670113769,1.0148305452075226,89.2492438606503,0.9912786792628546,1.0,True,False
R15,P2605,Brunei,Natural Gas,False,2055,0.9171024981355329,1.0237590764709898,0.054549396886563684,0.9171024981355329,16.812330666875415,0.8958186737614929,1.0,True,False
R17,S63I,Malaysia,Kerosene Imports,True,2060,0.19839228650444662,0.458895683099124,0.04795308658449107,0.19839228650444662,4.137216196811206,0.4323254582928661,1.0,True,False
R16,S69I,Singapore,Petroleum Coke Imports,True,2055,0.18467620513796504,0.19874856600092194,0.04119041897926206,0.18467620513796504,4.4834747913329815,0.9291951577507652,1.0,True,False
R20,P2516,Timor Leste,Electricity,False,2055,0.09214826740266858,0.10624910613064006,0.019170008855475394,0.09214826740266858,4.806897487496409,0.8672851072211978,1.0,True,False
R16,S16I,Singapore,Diesel Imports,True,2025,1000000000027.3561,0.0,1000000000026.4315,1000000000032.95,1.0000000000009246,inf,0.9999999999944061,False,True
R15,S16I,Brunei,Diesel Imports,True,2025,1000000000000.5405,0.0,1000000000000.5428,1000000000000.5667,0.9999999999999977,inf,0.9999999999999739,False,True
R6,S16I,Cambodia,Diesel Imports,True,2025,1000000000000.4467,0.0,1000000000000.6709,1000000000001.0565,0.9999999999997757,inf,0.9999999999993902,False,True
R12,S16I,Myanmar,Diesel Imports,True,2025,1000000000000.0708,0.0,1000000000000.1276,1000000000000.1586,0.9999999999999433,inf,0.9999999999999122,False,True
R20,S16I,Timor Leste,Diesel Imports,True,2025,1000000000000.0001,0.0,1000000000000.0001,1000000000000.0001,1.0,inf,1.0,False,True
R11,S73I,Thailand,Crude Oil Imports,True,2025,2999.295872851863,0.0,1741.3942966420082,2999.295872851863,1.7223531044264417,inf,1.0,False,True
R16,S73I,Singapore,Crude Oil Imports,True,2025,2179.472273749635,0.0,1721.2662690640354,2179.472273749635,1.2662028606037554,inf,1.0,False,True
R17,S78I,Malaysia,Coal Unspecified Imports,True,2025,1640.073241830065,0.0,1640.073241830065,1640.073241830065,1.0,inf,1.0,False,True
R19,S75I,Philippines,Coal Sub bituminous Imports,True,2025,1311.7530209150323,0.0,1311.7530209150323,1311.7530209150323,1.0,inf,1.0,False,True
R1,S73I,Indonesia,Crude Oil Imports,True,2025,927.9402854572947,0.0,927.9402854572947,927.9402854572949,1.0,inf,0.9999999999999999,False,True
R14,S76I,Vietnam,Coal Anthracite Imports,True,2025,908.5417410201387,0.0,934.0474077185194,1293.8539290048802,0.9726933916976653,inf,0.7021980771190376,False,True
R14,S73I,Vietnam,Crude Oil Imports,True,2025,595.8133915972788,0.0,595.813391597279,595.813391597279,0.9999999999999998,inf,0.9999999999999998,False,True
R1,S75I,Indonesia,Coal Sub bituminous Imports,True,2025,447.56496732026136,0.0,447.56496732026136,447.56496732026136,1.0,inf,1.0,False,True
R19,S73I,Philippines,Crude Oil Imports,True,2025,416.1800538987441,0.0,416.1800538987441,416.1800538987441,1.0,inf,1.0,False,True
R1,S26I,Indonesia,Biomass Imports,True,2025,363.0258722275518,0.0,645.3103971443447,1322.5269047890774,0.5625600855557721,inf,0.27449413007249845,False,True
R1,P16068,Indonesia,All Mines,False,2025,332.4019192428605,0.0,312.0126974559563,332.4019192428605,1.0653474103879454,inf,1.0,False,True
R1,S75D,Indonesia,Coal Sub bituminous Domestic Production,True,2025,332.4019192428605,0.0,332.4019192428605,332.4019192428605,1.0,inf,1.0,False,True
R11,S78I,Thailand,Coal Unspecified Imports,True,2025,264.63667522209204,0.0,264.63667522209204,264.63667522209204,1.0,inf,1.0,False,True
R17,S26I,Malaysia,Biomass Imports,True,2025,245.2475000186346,0.0,224.96787687409088,313.6500633068018,1.0901445283047844,inf,0.7819143966782556,False,True
R17,S26D,Malaysia,Biomass Domestic Production,True,2050,227.76206366780278,0.0,227.76206366780278,227.76206366780278,1.0,inf,1.0,False,True
R16,S72I,Singapore,Natural Gas Imports,True,2025,222.65239870847242,0.0,222.65239870847236,703.8012645786134,1.0000000000000002,inf,0.31635691766166546,False,True
R19,S58D,Philippines,Wood Domestic Production,True,2025,219.00841036572663,0.0,219.00841036572663,219.00841036572663,1.0,inf,1.0,False,True
R11,S72I,Thailand,Natural Gas Imports,True,2025,153.054214315253,0.0,153.0542143152536,244.30566491941886,0.9999999999999961,inf,0.626486554725352,False,True
R6,S75I,Cambodia,Coal Sub bituminous Imports,True,2025,114.93480522875814,0.0,114.93480522875814,114.93480522875814,1.0,inf,1.0,False,True
R1,S59I,Indonesia,Gasoline Imports,True,2025,114.70940451670148,0.0,162.7761763461222,178.62569548958086,0.7047063464175922,inf,0.6421775109247506,False,True
R11,S26D,Thailand,Biomass Domestic Production,True,2025,109.86037713667129,0.0,106.04691397863226,169.61040745449546,1.0359601521153874,inf,0.6477219103795006,False,True
R14,S26D,Vietnam,Biomass Domestic Production,True,2035,105.44500716609129,0.0,53.77174928585854,105.44500716609129,1.960974090791246,inf,1.0,False,True
R16,S26I,Singapore,Biomass Imports,True,2025,103.49044055650499,0.0,103.49044055650499,121.45624418485417,1.0,inf,0.8520800330281451,False,True
R16,S26D,Singapore,Biomass Domestic Production,True,2030,81.29911364858599,0.0,123.24182754464235,159.99728161604895,0.6596714384094694,inf,0.5081280933490001,False,True
R16,S46I,Singapore,Residual Fuel Oil Imports,True,2025,73.66608046827652,0.0,73.16579895286034,76.28726945564686,1.0068376416655889,inf,0.9656405451909077,False,True
R17,S16I,Malaysia,Diesel Imports,True,2025,73.03219693463221,0.0,178.40689844528555,338.07595558821504,0.4093574719983711,inf,0.2160230437197588,False,True
R1,P2627,Indonesia,All Mines,False,2025,67.34829518569299,0.0,38.42558133337029,138.44975761733014,1.7526942429679022,inf,0.4864457428075903,False,True
R1,S74I,Indonesia,Coal Bituminous Imports,True,2025,67.34829518569299,0.0,172.85618312775185,282.1672495221899,0.3896203998437144,inf,0.23868218334954802,False,True
R13,S58I,Laos,Wood Imports,True,2025,62.62055576134072,0.0,25.80662304127103,62.62055576134072,2.4265304166761883,inf,1.0,False,True
R11,S58I,Thailand,Wood Imports,True,2025,60.4294562673588,0.0,60.4294562673588,60.4294562673588,1.0,inf,1.0,False,True
R14,S26I,Vietnam,Biomass Imports,True,2025,60.251938404599926,0.0,136.08602833471582,233.7287333478372,0.44274889304877696,inf,0.25778575676843485,False,True
R1,P2653,Indonesia,LNG,True,2035,59.17806006327466,17.018021810573913,38.098040936924285,59.17806006327466,1.5533097925232109,3.477375967781707,1.0,False,True
R19,S26D,Philippines,Biomass Domestic Production,True,2025,52.27593960603441,0.0,39.85310363398418,52.27593960603441,1.3117156466944981,inf,1.0,False,True
R1,P2516,Indonesia,Electricity,False,2025,51.10727672617292,0.0,35.89887821866513,88.08355564272236,1.4236455082209334,inf,0.5802135977965088,False,True
R1,S72I,Indonesia,Natural Gas Imports,True,2025,49.56222029569096,0.0,83.35941718468517,112.3076799351223,0.5945605424025991,inf,0.44130748960642746,False,True
R1,S72D,Indonesia,Natural Gas Domestic Production,True,2025,49.562220295690956,0.0,83.35941718468517,112.30767993512232,0.5945605424025991,inf,0.4413074896064273,False,True
R14,S74I,Vietnam,Coal Bituminous Imports,True,2025,46.885730232752785,0.0,109.18988310567926,212.47505358230183,0.429396285619012,inf,0.2206646354113834,False,True
R1,P2641,Indonesia,Electricity,False,2025,44.7520868652733,0.0,46.31019916409471,111.24846130977454,0.9663548780410028,inf,0.40227151313724535,False,True
R14,P2627,Vietnam,All Mines,False,2025,42.1971572094775,0.0,29.618218276679357,178.09598875141631,1.4247027560973338,inf,0.2369349108046204,False,True
R17,P2653,Malaysia,LNG,True,2025,38.11488791774224,0.0,39.17777145260826,40.24065498747429,0.97287024005049,inf,0.9471736463933369,False,True
R17,S20I,Malaysia,LNG Imports,True,2025,37.81966488740333,0.0,39.0063648069153,40.24065498747429,0.9695767620134244,inf,0.9398372093887503,False,True
R17,S73I,Malaysia,Crude Oil Imports,True,2025,37.364764043919635,0.0,41.17333313293386,46.21402451291405,0.9074991311313628,inf,0.8085156927520654,False,True
R14,S59I,Vietnam,Gasoline Imports,True,2025,36.96136058589244,0.0,43.72968451083139,45.7834947950684,0.8452235820895871,inf,0.8073075406614386,False,True
R1,S53D,Indonesia,Non Energy Domestic Production,True,2025,36.52458200517036,0.0,220.2164965216947,284.6355149186186,0.16585761095137633,inf,0.12832053658382464,False,True
R1,S53I,Indonesia,Non Energy Imports,True,2025,36.52458200517035,0.0,220.59949708654085,284.6355149186186,0.16556965218665848,inf,0.1283205365838246,False,True
R16,P2510,Singapore,Gasoline,False,2025,34.78535066888256,0.0,33.26000092349828,34.78535066888256,1.04586138614045,inf,1.0,False,True
R1,P2668,Indonesia,Natural Gas,False,2025,32.690968770529636,0.0,11.85619830372653,41.4315092276965,2.757289304131706,inf,0.7890363971746434,False,True
R16,S59I,Singapore,Gasoline Imports,True,2025,31.24371375618737,0.0,48.09375763062379,63.95143924258457,0.6496417684005809,inf,0.4885537233598727,False,True
R15,S75I,Brunei,Coal Sub bituminous Imports,True,2025,30.919412681301367,0.0,30.919412681301367,49.941645637237265,1.0,inf,0.6191108099619244,False,True
R19,S26I,Philippines,Biomass Imports,True,2035,28.898162611075094,0.0,22.4519113507723,28.898162611075094,1.2871136964506613,inf,1.0,False,True
R11,S74I,Thailand,Coal Bituminous Imports,True,2025,28.789014523104917,0.0,38.223588340806465,48.60015121136136,0.7531740418094276,inf,0.5923647109224395,False,True
R14,S58I,Vietnam,Wood Imports,True,2025,28.211347508574146,0.0,93.65898718463222,150.5492853136265,0.30121345913084063,inf,0.18738944824483122,False,True
R17,P2510,Malaysia,Gasoline,False,2025,27.674959234599164,0.0,14.327944731571838,27.674959234599164,1.9315372688182544,inf,1.0,False,True
R11,P2627,Thailand,All Mines,False,2025,27.546445938338483,0.0,35.64329101428185,43.740136090225214,0.7728367710855023,inf,0.6297750396001717,False,True
R14,P2653,Vietnam,LNG,True,2035,24.56048533066005,1.345520877340571,12.953003104000311,24.56048533066005,1.8961228630505746,18.25351486125134,1.0,False,True
R14,S16I,Vietnam,Diesel Imports,True,2025,24.098263348815156,0.0,80.03589395897754,86.9125794074965,0.3010931990235124,inf,0.2772701433221599,False,True
R11,P2516,Thailand,Electricity,False,2025,23.76734831844374,0.0,8.252488333384864,30.909873785317444,2.8800220440536215,inf,0.7689241464885409,False,True
R14,P2516,Vietnam,Electricity,False,2025,23.694098822079322,0.0,10.276084736256983,33.46817055766158,2.305751599972675,inf,0.7079591871105496,False,True
R14,P2641,Vietnam,Electricity,False,2025,23.59507401504783,0.0,20.20560439742818,32.762029284774385,1.1677489844377569,inf,0.720195742759233,False,True
R6,S58I,Cambodia,Wood Imports,True,2025,22.719607327892565,0.0,22.719607327892565,22.719607327892565,1.0,inf,1.0,False,True
R11,P2641,Thailand,Electricity,False,2025,22.578980902521554,0.0,14.581587207741052,29.364380096051576,1.548458379793858,inf,0.7689241464885408,False,True
R1,S16I,Indonesia,Diesel Imports,True,2025,22.408759686933305,0.0,94.68458724464605,104.61269422876903,0.2366674486211103,inf,0.2142068881041282,False,True
R11,S59I,Thailand,Gasoline Imports,True,2025,21.20053336472825,0.0,26.75917932139892,28.981820867060517,0.792271433667418,inf,0.7315114347706103,False,True
R14,S13D,Vietnam,Solar Domestic Production,True,2025,21.027501642273826,0.0,43.21628271270103,76.83930591774366,0.4865643299786624,inf,0.27365553854408486,False,True
R17,S72I,Malaysia,Natural Gas Imports,True,2025,20.989523420005064,0.0,31.91369850727764,44.83184712812118,0.657696362432533,inf,0.46818332869535495,False,True
R17,S59I,Malaysia,Gasoline Imports,True,2025,19.249630857713335,0.0,36.43656882134174,735.209105608753,0.5283052570646658,inf,0.026182525095053935,False,True
R12,S72D,Myanmar,Natural Gas Domestic Production,True,2025,18.910525647235612,0.0,19.404515365221645,19.687893779364686,0.9745425377192671,inf,0.9605154243089299,False,True
R12,S72I,Myanmar,Natural Gas Imports,True,2025,18.910525647235612,0.0,19.40451536522164,19.687893779364686,0.9745425377192672,inf,0.9605154243089299,False,True
R12,S58D,Myanmar,Wood Domestic Production,True,2050,18.62801552700629,0.0,18.62801552700629,18.62801552700629,1.0,inf,1.0,False,True
R17,P2668,Malaysia,Natural Gas,False,2025,18.192098783593075,0.0,26.795663808828717,35.39922883406436,0.6789195040430044,inf,0.5139122908261488,False,True
R1,P2653,Indonesia,LNG,True,2025,17.018021810573913,0.0,38.098040936924285,59.17806006327466,0.4466902074767891,inf,0.28757316127594956,False,True
R17,P2627,Malaysia,All Mines,False,2025,16.5868245033035,0.0,16.5868245033035,19.84684057456256,1.0,inf,0.83574130809327,False,True
R20,S26I,Timor Leste,Biomass Imports,True,2025,16.17368052384838,0.0,15.963773308260123,16.858908895589316,1.0131489724600162,inf,0.9593551174643212,False,True
R17,S74I,Malaysia,Coal Bituminous Imports,True,2025,15.614606002094362,0.0,19.226103891041966,20.093345900571332,0.8121565393896414,inf,0.7771033295978037,False,True
R15,S73I,Brunei,Crude Oil Imports,True,2025,15.492296721181603,0.0,15.492296721181603,15.492296721181603,1.0,inf,1.0,False,True
R15,P2613,Brunei,Crude Oil,True,2025,15.492296721181555,0.0,15.492296721181555,15.492296721181555,1.0,inf,1.0,False,True
R12,P2668,Myanmar,Natural Gas,False,2025,15.389270082889897,0.0,15.668232022087643,15.947193961285391,0.9821956977146821,inf,0.9650142915581291,False,True
R11,S16I,Thailand,Diesel Imports,True,2025,15.38473178997876,0.0,23.883000015663555,28.40237377828422,0.6441708235937175,inf,0.5416706332391682,False,True
R1,S20I,Indonesia,LNG Imports,True,2025,15.004011010432196,0.0,29.075730744523803,59.17806006327466,0.5160321211620138,inf,0.25354009567717384,False,True
R14,P2668,Vietnam,Natural Gas,False,2025,14.928987131677872,0.0,21.80447765274193,28.67996817380599,0.6846752932786051,inf,0.5205370885074003,False,True
R11,P2521,Thailand,Natural Gas,False,2025,14.170106881410613,0.0,12.791316228329212,14.170106881410613,1.1077911474057505,inf,1.0,False,True
R11,P2605,Thailand,Natural Gas,False,2025,14.17010688141061,0.0,12.791316228329212,14.17010688141061,1.1077911474057502,inf,1.0,False,True
R20,S33I,Timor Leste,Palm Oil Mill Effluent Imports,True,2025,14.013679965459682,0.0,65.37453378304042,75.16425033445108,0.21435992204498347,inf,0.18644076011008381,False,True
R20,P23146,Timor Leste,POME Biodiesel,False,2025,14.013679965459678,0.0,13.166929098392785,17.081042583442745,1.064308910660896,inf,0.8204229863019972,False,True
R20,S33D,Timor Leste,Palm Oil Mill Effluent Domestic Production,True,2025,14.013679965459678,0.0,69.32747146549775,75.16425033445107,0.20213747406659532,inf,0.18644076011008381,False,True
R1,P2683,Indonesia,LPG,False,2025,13.600397280833326,0.0,11.688663525861777,13.600397280833326,1.1635545202188204,inf,1.0,False,True
R1,S21I,Indonesia,LPG Imports,True,2025,13.600397280833326,0.0,26.514598321528943,115.70802814386778,0.5129399704988278,inf,0.11754065382501387,False,True
R1,S58I,Indonesia,Wood Imports,True,2030,12.612867970644695,4.0582827448205085,8.335575357732601,12.612867970644695,1.51313705765304,3.1079322865668253,1.0,False,True
R17,P2698,Malaysia,Crude Oil,True,2025,12.585439018264838,0.0,12.585439018264838,12.585439018264838,1.0,inf,1.0,False,True
R11,P2668,Thailand,Natural Gas,False,2025,11.879001013979872,0.0,11.420759956677692,11.879001013979872,1.040123517089968,inf,1.0,False,True
R19,S15I,Philippines,Ethanol Imports,True,2025,11.759982352941174,0.0,11.759982352941174,11.759982352941174,1.0,inf,1.0,False,True
R14,S72D,Vietnam,Natural Gas Domestic Production,True,2025,11.65600025407396,0.0,21.79566846309868,28.679968173806007,0.5347851695307368,inf,0.40641608050038286,False,True
R13,S26D,Laos,Biomass Domestic Production,True,2030,11.495527417234848,1.0642697367964893,8.422417841687494,15.357530379542547,1.3648726094230008,10.801328854691501,0.7485270830098963,False,True
R16,P2521,Singapore,Natural Gas,False,2025,11.016201626304582,0.0,6.739695498842552,11.016201626304582,1.6345251247918335,inf,1.0,False,True
R16,P2605,Singapore,Natural Gas,False,2025,11.01620162630458,0.0,6.7396954988425515,11.01620162630458,1.6345251247918335,inf,1.0,False,True
R11,P2613,Thailand,Crude Oil,True,2025,10.502222778397241,0.0,19.057040103439334,27.611857428481425,0.5510941217204998,inf,0.38035191242021543,False,True
R11,P2698,Thailand,Crude Oil,True,2025,10.502222778397241,0.0,19.057040103439334,27.611857428481425,0.5510941217204998,inf,0.38035191242021543,False,True
R17,P20955,Malaysia,Gas Turbine_MYPE,False,2025,10.321649010258037,0.0,5.99002862317343,19.786315535857742,1.723138512281395,inf,0.5216559390025208,False,True
R15,P2544,Brunei,All Refineries,False,2025,10.16106635198244,0.0,10.16106635198244,10.16106635198244,1.0,inf,1.0,False,True
R6,S46I,Cambodia,Residual Fuel Oil Imports,True,2025,9.306501221161156,0.0,9.490700392003813,9.897982320427921,0.9805916146085646,inf,0.9402422554295699,False,True
R11,S77I,Thailand,Coal Lignite Imports,True,2025,8.51346405228758,0.0,8.51346405228758,8.51346405228758,1.0,inf,1.0,False,True
R11,P2683,Thailand,LPG,False,2025,8.144468145640516,0.0,12.737803797910507,17.331139450180498,0.6393934366438054,inf,0.46993264170843047,False,True
R11,S21I,Thailand,LPG Imports,True,2025,8.078266572950703,0.0,10.637721143305402,17.331139450180498,0.7593982267559786,inf,0.46611283673368464,False,True
R19,P2627,Philippines,All Mines,False,2025,7.381079527349681,0.0,8.544579176661536,9.708078825973391,0.8638318370915433,inf,0.7603028013742573,False,True
R19,S59I,Philippines,Gasoline Imports,True,2025,7.36033290270607,0.0,11.679813097921848,14.718232411280045,0.6301755722457298,inf,0.5000826659772756,False,True
R19,P2510,Philippines,Gasoline,False,2025,7.3603329027060695,0.0,6.076838626716416,7.3603329027060695,1.211210854003405,inf,1.0,False,True
R15,P2653,Brunei,LNG,True,2025,7.292998911305201,0.0,7.294971729194565,7.296944547083928,0.999729564697082,inf,0.9994592756251239,False,True
R15,S20I,Brunei,LNG Imports,True,2025,7.291173753787538,0.0,7.295700801454233,7.296944547083931,0.9993794910468652,inf,0.9992091493557123,False,True
R16,S65I,Singapore,Lubricants Imports,True,2025,6.851191827210591,0.0,6.700669477272557,9.182645359470985,1.0224637777536376,inf,0.7461021915808028,False,True
R13,S26I,Laos,Biomass Imports,True,2025,6.551362683438155,0.0,7.814533919787341,9.077705156136528,0.8383561643835618,inf,0.7216981132075473,False,True
R1,S40I,Indonesia,Ammonia Imports,True,2055,6.486658592093545,0.5676575651006076,4.939182853568451,6.486658592093545,1.3133060233651963,11.427062706270629,1.0,False,True
R19,S74I,Philippines,Coal Bituminous Imports,True,2025,6.400255152492158,0.0,8.782229910341828,9.708078825973391,0.7287733545845013,inf,0.6592710326340422,False,True
R11,S46I,Thailand,Residual Fuel Oil Imports,True,2025,6.018770614818253,0.0,7.774406526503456,10.59842367995409,0.7741775007905586,inf,0.5678929996167434,False,True
R6,S26I,Cambodia,Biomass Imports,True,2030,5.7110350827485545,0.056326731633091244,4.691004595579912,5.7110350827485545,1.2174439326130193,101.39120302505522,1.0,False,True
R17,S67I,Malaysia,Oil Imports,True,2025,5.6472001358401265,0.0,13.678972054506428,28.05752024844367,0.4128380490389043,inf,0.20127224665028523,False,True
R12,S26I,Myanmar,Biomass Imports,True,2030,5.591899996779592,0.027392222353427243,2.781195673729181,7.742012563370895,2.010610058688054,204.14188832984368,0.722279891825035,False,True
R11,P2653,Thailand,LNG,True,2035,5.505384018145824,0.6559479477371953,3.0806659829415097,5.505384018145824,1.7870759272932026,8.393019655199147,1.0,False,True
R1,S13D,Indonesia,Solar Domestic Production,True,2025,5.481741907084587,0.0,51.36380375238293,133.82263904150884,0.10672383092014037,inf,0.04096273953605318,False,True
R15,S26I,Brunei,Biomass Imports,True,2025,5.435056465355811,0.0,2.6949227775480566,5.435056465355811,2.016776328671218,inf,1.0,False,True
R17,P2683,Malaysia,LPG,False,2025,5.391907926246464,0.0,6.841106826233612,8.29030572622076,0.7881630945405061,inf,0.6503871032394886,False,True
R6,S66I,Cambodia,Bitumen Imports,True,2025,4.992197034784968,0.0,2.162540586133701,5.420761004076116,2.3084870946677905,inf,0.920940257471434,False,True
R19,P16068,Philippines,All Mines,False,2025,4.971165634760273,0.0,4.971165634760273,4.971165634760273,1.0,inf,1.0,False,True
R19,S75D,Philippines,Coal Sub bituminous Domestic Production,True,2025,4.971165634760273,0.0,4.971165634760273,4.971165634760273,1.0,inf,1.0,False,True
R11,S62I,Thailand,Jet Kerosene Imports,True,2025,4.613098061232373,0.0,7.010931538728794,11.630122120530293,0.6579864652435059,inf,0.3966508703368655,False,True
R19,S67I,Philippines,Oil Imports,True,2025,4.392048408288078,0.0,4.392048408288078,5.953679602023424,1.0,inf,0.7377031855720606,False,True
R14,P2683,Vietnam,LPG,False,2025,4.297526696697337,0.0,4.858258010386534,5.418989324075731,0.8845818166737126,inf,0.7930494857415736,False,True
R1,S46I,Indonesia,Residual Fuel Oil Imports,True,2025,4.221361319621248,0.0,8.266659146760489,13.536238633371195,0.5106490112484559,inf,0.3118563017361581,False,True
R12,P2510,Myanmar,Gasoline,False,2025,4.1880375385385085,0.0,4.096031727699252,4.1880375385385085,1.0224621821694082,inf,1.0,False,True
R12,S59I,Myanmar,Gasoline Imports,True,2025,4.1880375385385085,0.0,6.838246069758506,8.886261933608132,0.6124432341005842,inf,0.47129350561896155,False,True
R1,S58I,Indonesia,Wood Imports,True,2025,4.0582827448205085,0.0,8.335575357732601,12.612867970644695,0.4868629423469601,inf,0.3217573318190433,False,True
R15,P2698,Brunei,Crude Oil,True,2025,3.8732015639269406,0.0,3.8732015639269406,3.8732015639269406,1.0,inf,1.0,False,True
R15,S26D,Brunei,Biomass Domestic Production,True,2030,3.871360424037214,0.0,3.054010177963473,3.871360424037214,1.267631801613307,inf,1.0,False,True
R14,S21I,Vietnam,LPG Imports,True,2025,3.868496113249982,0.0,4.5934357291644705,5.418989324075732,0.8421792186376466,inf,0.7138777882552475,False,True
R1,S62I,Indonesia,Jet Kerosene Imports,True,2025,3.7137434830098743,0.0,10.210874204628634,15.39992654411156,0.36370475324496876,inf,0.24115332448971266,False,True
R12,S65I,Myanmar,Lubricants Imports,True,2025,3.60328749761428,0.0,2.993535784515898,4.311973311674959,1.2036894685716906,inf,0.835646985072504,False,True
R14,P2613,Vietnam,Crude Oil,True,2025,3.5195353881278533,0.0,3.5195353881278533,3.5195353881278533,1.0,inf,1.0,False,True
R14,P2698,Vietnam,Crude Oil,True,2025,3.5195353881278533,0.0,3.5195353881278533,3.5195353881278533,1.0,inf,1.0,False,True
R12,P2627,Myanmar,All Mines,False,2025,3.479946901617603,0.0,5.822897710550533,8.165848519483465,0.5976314671151225,inf,0.4261586402582115,False,True
R6,P2510,Cambodia,Gasoline,False,2025,3.44892441093569,0.0,1.277238105360811,3.44892441093569,2.7002987120881365,inf,1.0,False,True
R6,S59I,Cambodia,Gasoline Imports,True,2025,3.44892441093569,0.0,5.275559585487664,5.914178638168069,0.6537551808576297,inf,0.5831620283968971,False,True
R14,S62I,Vietnam,Jet Kerosene Imports,True,2025,3.3978999583014873,0.0,6.638217108489362,11.898977339016673,0.5118693623256224,inf,0.2855623522502051,False,True
R16,P16146,Singapore,H2 Fuel Cell,False,2025,3.387522197122936,0.0,3.387522197122936,3.387522197122936,1.0,inf,1.0,False,True
R11,S76I,Thailand,Coal Anthracite Imports,True,2025,3.295545193034854,0.0,3.295545193034854,3.295545193034854,1.0,inf,1.0,False,True
R14,S40I,Vietnam,Ammonia Imports,True,2035,3.2737079785539502,0.19765095966482593,7.209332473814138,13.035792319122713,0.45409307872050136,16.563076567427064,0.2511322594294188,False,True
R12,S74I,Myanmar,Coal Bituminous Imports,True,2025,3.2110116021202204,0.0,4.925594762675679,8.165848519483465,0.651903324742033,inf,0.39322448787273545,False,True
R13,S16I,Laos,Diesel Imports,True,2025,3.06440779359187,0.0,6.541396732372302,7.802848843613306,0.4684638340962592,inf,0.39272935500988365,False,True
R17,S78D,Malaysia,Coal Unspecified Domestic Production,True,2025,3.0523502984181885,0.0,3.362706326485284,3.362706326485284,0.907706472723272,inf,0.907706472723272,False,True
R15,S62I,Brunei,Jet Kerosene Imports,True,2025,3.0428032679738553,0.0,2.6193943226661727,3.0428032679738553,1.1616438356164382,inf,1.0,False,True
R16,S66I,Singapore,Bitumen Imports,True,2025,2.961234406597324,0.0,2.7392822867201936,4.505669910964036,1.081025647102212,inf,0.657224001117236,False,True
R17,S21I,Malaysia,LPG Imports,True,2025,2.9069213272238428,0.0,3.7632197188356313,5.317545482644961,0.7724559139276795,inf,0.5466660015812281,False,True
R12,P2516,Myanmar,Electricity,False,2025,2.813521634175962,0.0,4.297802274920565,5.7820829156651685,0.6546419435333292,inf,0.486593097195718,False,True
R1,P2613,Indonesia,Crude Oil,True,2025,2.8057109474885844,0.0,2.8057109474885844,2.8057109474885844,1.0,inf,1.0,False,True
R1,P2698,Indonesia,Crude Oil,True,2025,2.8057109474885844,0.0,2.8057109474885844,2.8057109474885844,1.0,inf,1.0,False,True
R19,P2683,Philippines,LPG,False,2025,2.7458223284015504,0.0,2.6867939200709348,2.7458223284015504,1.0219698309906318,inf,1.0,False,True
R12,S66I,Myanmar,Bitumen Imports,True,2025,2.708130464741059,0.0,2.2493868293027415,3.5651601282137984,1.2039416384333137,inf,0.7596097699257832,False,True
R12,P2641,Myanmar,Electricity,False,2025,2.6756590741013397,0.0,4.087209963449457,5.498760852797575,0.6546419435333292,inf,0.486593097195718,False,True
R15,P2510,Brunei,Gasoline,False,2025,2.610326068077125,0.0,2.470550241543267,2.610326068077125,1.056576799849472,inf,1.0,False,True
R19,S21I,Philippines,LPG Imports,True,2025,2.4520287131427674,0.0,2.798149536827906,3.283705743156509,0.8763036717195911,inf,0.7467260786850285,False,True
R14,P16131,Vietnam,All Mines,False,2035,2.420105203707937,0.7007956958104917,1.5604504497592144,2.420105203707937,1.5509016669394224,3.4533676764509966,1.0,False,True
R16,P2627,Singapore,All Mines,False,2025,2.3034009435920186,0.0,2.8489769189047376,3.3945528942174565,0.8085010897447142,inf,0.678557976667799,False,True
R16,S67I,Singapore,Oil Imports,True,2025,2.255910990892456,0.0,2.208159120961254,2.606410970096553,1.0216251942524934,inf,0.8655239011708453,False,True
R15,S59I,Brunei,Gasoline Imports,True,2025,2.2347574865346287,0.0,3.1506006936748294,10.097832904684424,0.709311557958184,inf,0.22131060274308126,False,True
R13,S62I,Laos,Jet Kerosene Imports,True,2025,2.203215698813194,0.0,2.713300642514766,2.9617980544257874,0.8120057410118732,inf,0.7438777588232085,False,True
R19,S62I,Philippines,Jet Kerosene Imports,True,2025,2.17868659183412,0.0,5.081145186287915,9.45917350709875,0.42877865362193723,inf,0.23032525941078238,False,True
R16,S74I,Singapore,Coal Bituminous Imports,True,2025,2.124071124786331,0.0,2.806572156383244,3.3945528942174565,0.7568204223630457,inf,0.6257292759834845,False,True
R16,P2668,Singapore,Natural Gas,False,2025,2.0054709965359385,0.0,2.0054709965359385,2.0502975144413265,1.0,inf,0.9781365789161567,False,True
R6,S73I,Cambodia,Crude Oil Imports,True,2025,1.7855470588235287,0.0,1.7855470588235287,1.7855470588235287,1.0,inf,1.0,False,True
R6,S74I,Cambodia,Coal Bituminous Imports,True,2025,1.7635454986155248,0.0,1.6202209017684972,1.848350928448936,1.0884599110470594,inf,0.9541183286527865,False,True
R16,P2698,Singapore,Crude Oil,True,2025,1.7322765513698626,0.0,1.7322765513698626,1.7322765513698626,1.0,inf,1.0,False,True
R16,S13D,Singapore,Solar Domestic Production,True,2025,1.7319882705921523,0.0,1.7182607811807875,1.9238417320168666,1.0079891769408433,inf,0.90027586041416,False,True
R14,S67I,Vietnam,Oil Imports,True,2025,1.7124122198766087,0.0,4.0984386316979355,7.97223007694879,0.41782063213843373,inf,0.2147971399907214,False,True
R19,S72I,Philippines,Natural Gas Imports,True,2025,1.6738844689072585,0.0,1.786755967548881,1.7872023082190396,0.9368288111574281,inf,0.9365948450320081,False,True
R19,P2521,Philippines,Natural Gas,False,2025,1.6738844689072583,0.0,0.6835515507454561,1.6738844689072583,2.448805020019019,inf,1.0,False,True
R19,P2605,Philippines,Natural Gas,False,2025,1.6738844689072583,0.0,0.683551550745456,1.6738844689072583,2.4488050200190195,inf,1.0,False,True
R19,S72D,Philippines,Natural Gas Domestic Production,True,2025,1.6738844689072583,0.0,1.786755967548881,1.7872023082190638,0.936828811157428,inf,0.9365948450319953,False,True
R11,S52D,Thailand,Municipal Solid Waste Domestic Production,True,2040,1.629174568965517,0.0,2.792870689655172,2.792870689655172,0.5833333333333334,inf,0.5833333333333334,False,True
R19,P2668,Philippines,Natural Gas,False,2025,1.6201527774553355,0.0,1.1734256904445841,1.6201527774553355,1.380703346320547,inf,1.0,False,True
R6,P2627,Cambodia,All Mines,False,2025,1.5871909487539722,0.0,1.1729848981159052,1.5871909487539722,1.3531213840036485,inf,1.0,False,True
R14,S46I,Vietnam,Residual Fuel Oil Imports,True,2025,1.584551288153408,0.0,3.1033925467354617,5.569280704988504,0.5105868059843858,inf,0.28451632662977416,False,True
R16,P2847,Singapore,Solar PV,False,2025,1.537037037037037,0.0,1.537037037037037,1.537037037037037,1.0,inf,1.0,False,True
R16,P16756,Singapore,Solar PV Rooftop,False,2025,1.537037037037037,0.0,1.152124282245976,1.537037037037037,1.334089612312227,inf,1.0,False,True
R1,P16110,Indonesia,All Mines,False,2025,1.5036276780325846,0.0,1.5036276780325846,1.5036276780325846,1.0,inf,1.0,False,True
R1,S77I,Indonesia,Coal Lignite Imports,True,2025,1.5036276780325846,0.0,1.5036276780325846,1.5036276780325846,1.0,inf,1.0,False,True
R1,S29D,Indonesia,Palm Oil Domestic Production,True,2030,1.4712227365963046,0.14494503674894696,9.610983556091236,34.884436353082414,0.1530772296102697,10.150211208297847,0.042174186840955113,False,True
R14,P16089,Vietnam,All Mines,False,2025,1.4601490188766613,0.0,1.290830767824825,1.4601490188766613,1.131169983914432,inf,1.0,False,True
R13,S59I,Laos,Gasoline Imports,True,2025,1.416857105718727,0.0,1.5212654321688268,15.515352115796059,0.9313674495967165,inf,0.0913196874388842,False,True
R16,S62I,Singapore,Jet Kerosene Imports,True,2025,1.3667108675799184,0.0,1.3667108675799216,10.28865442473171,0.9999999999999978,inf,0.13283669673020018,False,True
R14,S66I,Vietnam,Bitumen Imports,True,2025,1.3666837405321361,0.0,3.266562593728356,6.3510776737213765,0.4183859030150237,inf,0.21518926562448037,False,True
R19,P2653,Philippines,LNG,True,2035,1.3574407077313349,0.1952557245813361,0.7763482161563355,1.3574407077313349,1.7484946567559099,6.952117335570751,1.0,False,True
R14,S20I,Vietnam,LNG Imports,True,2030,1.3455208773405711,0.28474655164987106,6.740343390859314,24.56048533066005,0.1996220072652757,4.725328084025563,0.05478396942184574,False,True
R14,P2653,Vietnam,LNG,True,2025,1.345520877340571,0.0,12.953003104000311,24.56048533066005,0.10387713694942527,inf,0.054783969421845734,False,True
R19,S13D,Philippines,Solar Domestic Production,True,2025,1.320469094947521,0.0,4.686893650606819,7.740555746091334,0.2817365174856396,inf,0.17059099349737314,False,True
R19,S61I,Philippines,Naphtha Imports,True,2025,1.2863092620741947,0.0,2.8607964411437035,5.2357310823791545,0.44963327120189917,inf,0.24567901632749373,False,True
R12,S67I,Myanmar,Oil Imports,True,2025,1.2678252622984818,0.0,1.0172912028038346,1.5171634044080826,1.2462756571610283,inf,0.8356550511400719,False,True
R12,P2653,Myanmar,LNG,True,2035,1.2676808808454056,0.1022062736009405,0.6849435772231731,1.2676808808454056,1.8507814701828513,12.403161138571638,1.0,False,True
R13,P2627,Laos,All Mines,False,2025,1.0654867067562979,0.0,1.296939803273831,1.5283928997913643,0.8215390599214534,inf,0.6971287990815345,False,True
R13,S26D,Laos,Biomass Domestic Production,True,2025,1.0642697367964893,0.0,8.422417841687494,15.357530379542547,0.126361545675019,inf,0.06929953648108561,False,True
R17,S13D,Malaysia,Solar Domestic Production,True,2025,1.0473322741023847,0.0,2.1948823309096084,3.8772043558065787,0.47717012404411985,inf,0.27012563125125943,False,True
R16,P2831,Singapore,Gas Combined Cycle,False,2025,1.0,0.0135714,1.522576373295223,5.0,0.6567815037322289,73.6843656512961,0.2,False,True
R6,P2683,Cambodia,LPG,False,2025,0.9549985710192511,0.0,0.8684925303069295,0.9549985710192511,1.099604818341673,inf,1.0,False,True
R13,S74I,Laos,Coal Bituminous Imports,True,2025,0.9400298947984748,0.0,1.197531366426471,1.5283928997913643,0.7849730880983926,inf,0.6150446622244811,False,True
R16,P2653,Singapore,LNG,True,2035,0.9399933905782258,0.1212823436159159,0.5306378670970708,0.9399933905782258,1.7714404660198715,7.750455363519793,1.0,False,True
R15,P2668,Brunei,Natural Gas,False,2025,0.9293531877048862,0.0,0.9564906202442911,0.9836280527836959,0.9716281247666873,inf,0.9448217596832357,False,True
R15,S72D,Brunei,Natural Gas Domestic Production,True,2025,0.9045061822594318,0.0,1.017606516493322,1.0501772010460872,0.8888565153615225,inf,0.8612891056465978,False,True
R15,S72I,Brunei,Natural Gas Imports,True,2025,0.9045061822594318,0.0,1.017606516493322,1.0501772010460872,0.8888565153615225,inf,0.8612891056465978,False,True
R13,P2683,Laos,LPG,False,2025,0.9006560499547887,0.0,1.1394051385948647,1.3781542272349407,0.7904616360300905,inf,0.6535234099029827,False,True
R15,P2516,Brunei,Electricity,False,2025,0.8448257396649194,0.0,0.6827371469061272,0.8448257396649194,1.2374099512430345,inf,1.0,False,True
R15,P2683,Brunei,LPG,False,2025,0.8353293840246278,0.0,0.8159654310534611,0.8353293840246278,1.0237313398757182,inf,1.0,False,True
R11,S13D,Thailand,Solar Domestic Production,True,2025,0.8003566341691218,0.0,5.167063407927997,10.599865560004849,0.15489584140599244,inf,0.07550630049394284,False,True
R15,P2641,Brunei,Electricity,False,2025,0.7916017180660294,0.0,0.6397247066510412,0.7916017180660294,1.2374099512430345,inf,1.0,False,True
R13,S21I,Laos,LPG Imports,True,2025,0.7682993956834724,0.0,1.066026917026187,1.3781542272349407,0.7207129420584782,inf,0.5574843370215172,False,True
R16,P2683,Singapore,LPG,False,2025,0.7618389999361534,0.0,0.8663461576899565,0.9708533154437594,0.8793702069015195,inf,0.7847107156325986,False,True
R14,P16131,Vietnam,All Mines,False,2025,0.7007956958104917,0.0,1.5604504497592144,2.420105203707937,0.44909833306057756,inf,0.2895724098013489,False,True
R19,S66I,Philippines,Bitumen Imports,True,2025,0.6780667587759501,0.0,1.5813911281456074,2.9439530883871754,0.42877865362193734,inf,0.23032525941078238,False,True
R13,P2668,Laos,Natural Gas,False,2025,0.6778684075473442,0.0,0.5832621820829573,0.6778684075473442,1.1622018851394194,inf,1.0,False,True
R13,P2521,Laos,Natural Gas,False,2025,0.6648824329769499,0.0,0.3047194952075704,0.6648824329769499,2.1819491152807333,inf,1.0,False,True
R13,P2605,Laos,Natural Gas,False,2025,0.6648824329769499,0.0,0.3047194952075704,0.6648824329769499,2.1819491152807333,inf,1.0,False,True
R13,S72I,Laos,Natural Gas Imports,True,2025,0.6648824329769499,0.0,0.7040452158795277,0.7040452158795277,0.9443746196703379,inf,0.9443746196703379,False,True
R11,P2653,Thailand,LNG,True,2025,0.6559479477371953,0.0,3.0806659829415097,5.505384018145824,0.21292407270679733,inf,0.11914662911346086,False,True
R11,S20I,Thailand,LNG Imports,True,2030,0.6559479477371953,0.1762808222933959,2.2936130004050184,5.505384018145825,0.2859889386837991,3.7210397546561107,0.11914662911346084,False,True
R6,S21I,Cambodia,LPG Imports,True,2025,0.6341331405446433,0.0,0.7895277081989975,0.9549985710192511,0.8031803494156945,inf,0.6640147533077935,False,True
R11,S57I,Thailand,Charcoal Imports,True,2025,0.6279909024738676,0.0,0.6279909024738676,0.6279909024738676,1.0,inf,1.0,False,True
R19,P16131,Philippines,All Mines,False,2035,0.6115500071479998,0.18877401028794802,0.4001620087179739,0.6115500071479998,1.5282560408652084,3.239587940178666,1.0,False,True
R17,S62I,Malaysia,Jet Kerosene Imports,True,2025,0.6101501598173534,0.0,0.6101501598173532,0.6101501598173548,1.0000000000000004,inf,0.9999999999999978,False,True
R19,S63I,Philippines,Kerosene Imports,True,2025,0.5979973161427374,0.0,1.785565249760054,1.848716377104423,0.3349064483771158,inf,0.3234662296221764,False,True
R14,S78I,Vietnam,Coal Unspecified Imports,True,2025,0.5800586522986885,0.0,1.3818668217545649,2.689005781897708,0.41976451215623256,inf,0.21571491448758603,False,True
R13,P16110,Laos,All Mines,False,2025,0.5773047031963467,0.0,0.5773047031963466,0.5773047031963467,1.0000000000000002,inf,1.0,False,True
R13,S77D,Laos,Coal Lignite Domestic Production,True,2025,0.5773047031963467,0.0,0.5773047031963467,0.5773047031963467,1.0,inf,1.0,False,True
R13,S77I,Laos,Coal Lignite Imports,True,2025,0.5773047031963467,0.0,0.5773047031963466,0.5773047031963469,1.0000000000000002,inf,0.9999999999999998,False,True
R1,S40I,Indonesia,Ammonia Imports,True,2050,0.5676575651006076,0.0,4.939182853568451,6.486658592093545,0.11492944924897597,inf,0.08751155268022179,False,True
R13,P2653,Laos,LNG,True,2035,0.5262128994375027,0.06940181531148099,0.2978073573744918,0.5262128994375027,1.7669573514793715,7.582120108470023,1.0,False,True
R16,P14446,Singapore,Solar CSP,False,2025,0.5,0.0,0.5,0.5,1.0,inf,1.0,False,True
R1,S63I,Indonesia,Kerosene Imports,True,2025,0.4861019508968689,0.0,0.1643931557773063,0.4861019508968689,2.9569476210759196,inf,1.0,False,True
R6,P2521,Cambodia,Natural Gas,False,2025,0.47412901892644216,0.0,0.29698274421900284,0.8828092943446264,1.5964867594354473,inf,0.5370684495097241,False,True
R6,S72I,Cambodia,Natural Gas Imports,True,2025,0.47412901892644216,0.0,0.47412901892644216,1.0027565715431355,1.0,inf,0.4728256412189931,False,True
R6,P2605,Cambodia,Natural Gas,False,2025,0.4741290189264421,0.0,0.2969827442190029,0.8828092943446264,1.5964867594354468,inf,0.5370684495097241,False,True
R6,P2668,Cambodia,Natural Gas,False,2025,0.4739906459941223,0.0,0.28467613749646115,0.4739906459941223,1.6650171319681282,inf,1.0,False,True
R19,P2613,Philippines,Crude Oil,True,2025,0.4731700306137015,0.0,0.4731700306137015,0.4731700306137015,1.0,inf,1.0,False,True
R19,P2698,Philippines,Crude Oil,True,2025,0.460672796803653,0.0,0.460672796803653,0.460672796803653,1.0,inf,1.0,False,True
R16,P4240,Singapore,Solar Floating,False,2060,0.45719999999999994,0.026670000000000003,0.24193499999999998,0.45719999999999994,1.889763779527559,17.14285714285714,1.0,False,True
R20,S58I,Timor Leste,Wood Imports,True,2025,0.42875264070651553,0.0,0.42283588461925553,0.6189212067171155,1.013993032054476,inf,0.6927418806356743,False,True
R15,P16068,Brunei,All Mines,False,2025,0.42173861505296667,0.0,0.25266683381338345,0.42173861505296667,1.6691490873094073,inf,1.0,False,True
R20,P2510,Timor Leste,Gasoline,False,2025,0.38007904629165723,0.0,0.38007904629165723,0.6986206419119962,1.0,inf,0.5440421073895709,False,True
R20,S59I,Timor Leste,Gasoline Imports,True,2025,0.38007904629165723,0.0,0.9811875883130889,1.1712271114589174,0.38736634137933784,inf,0.32451353163966534,False,True
R13,S13D,Laos,Solar Domestic Production,True,2030,0.34741276061320736,0.009777891618879118,0.6156154118066034,0.6156154118066034,0.5643340857787811,35.530436842071765,0.5643340857787811,False,True
R1,P16040,Indonesia,HVO Renewable Diesel,False,2030,0.3436150772468942,0.018652887617979445,1.692570335918449,5.000221677517678,0.20301376548729153,18.421548678376478,0.06871996871496291,False,True
R16,S21I,Singapore,LPG Imports,True,2025,0.328243305110563,0.0,0.3265475283503018,0.928278050463391,1.0051930472995099,inf,0.35360450992750053,False,True
R14,S20I,Vietnam,LNG Imports,True,2025,0.28474655164987106,0.0,6.740343390859314,24.56048533066005,0.042245110543777394,inf,0.011593685866394834,False,True
R14,S57I,Vietnam,Charcoal Imports,True,2025,0.26631763598374486,0.0,0.32703987696382253,0.42463921990328896,0.8143277158008629,inf,0.6271621261088375,False,True
R15,S61I,Brunei,Naphtha Imports,True,2025,0.24612376376527106,0.0,0.24612376376527106,0.24612376376527106,1.0,inf,1.0,False,True
R6,P14424,Cambodia,Geothermal ORC,False,2025,0.2219643212504112,0.0,0.2219643212504112,0.2219643212504112,1.0,inf,1.0,False,True
R12,P2683,Myanmar,LPG,False,2025,0.22025951293288712,0.0,0.2281079674178045,0.2359564219027219,0.9655932470322613,inf,0.9334753898908241,False,True
R17,S46I,Malaysia,Residual Fuel Oil Imports,True,2025,0.2041589782182513,0.0,0.7368327647965819,1.3953891834205236,0.27707641132735683,inf,0.1463097038761584,False,True
R6,P2824,Cambodia,Small Hydro,False,2025,0.2,0.0,0.2,0.2,1.0,inf,1.0,False,True
R11,P16040,Thailand,HVO Renewable Diesel,False,2030,0.19981499256436228,0.032051395790954035,0.2025780301870544,0.4917057794462424,0.9863606254827297,6.234205644821143,0.4063710473149072,False,True
R19,P2653,Philippines,LNG,True,2025,0.1952557245813361,0.0,0.7763482161563355,1.3574407077313349,0.25150534324408996,inf,0.14384107053019157,False,True
R19,S20I,Philippines,LNG Imports,True,2030,0.1952557245813361,0.04837412633113017,0.649154252741249,1.3574407077313349,0.3007847884486778,4.03636694634593,0.14384107053019157,False,True
R13,S57I,Laos,Charcoal Imports,True,2025,0.19295703741715392,0.0,0.2033042447204935,0.26860949205715745,0.9491048142277348,inf,0.7183552447807562,False,True
R19,P16131,Philippines,All Mines,False,2025,0.18877401028794802,0.0,0.4001620087179739,0.6115500071479998,0.4717439591347916,inf,0.3086812330659711,False,True
R14,S40I,Vietnam,Ammonia Imports,True,2030,0.1880581651394346,0.009592794525391326,7.209332473814138,13.035792319122713,0.026085378337384595,19.604106461538432,0.01442629343392996,False,True
R16,S63I,Singapore,Kerosene Imports,True,2025,0.17943871297466754,0.0,0.1686339553666066,0.22760960950892334,1.0640722539216472,inf,0.7883617627648217,False,True
R14,S75I,Vietnam,Coal Sub bituminous Imports,True,2025,0.17898395614163684,0.0,0.41067549116666785,0.41067549116666785,0.43582819036307746,inf,0.43582819036307746,False,True
R14,S65I,Vietnam,Lubricants Imports,True,2025,0.17893159314478607,0.0,0.37126150319939033,0.6835153644911754,0.4819556878448794,inf,0.2617813767478173,False,True
R17,P16040,Malaysia,HVO Renewable Diesel,False,2030,0.1788346752712781,0.028229932276444797,0.3664983335154627,0.5529368059678299,0.48795494799632705,6.334931076703245,0.32342696912399566,False,True
R1,S26D,Indonesia,Biomass Domestic Production,True,2025,0.1763243185379545,0.0,7.412099900958794,500.7500023983917,0.023788713170898576,inf,0.00035212045470480623,False,True
R11,S20I,Thailand,LNG Imports,True,2025,0.1762808222933959,0.0,2.2936130004050184,5.505384018145825,0.07685726504962576,inf,0.03201971410393385,False,True
R6,P2653,Cambodia,LNG,True,2035,0.17225053470887822,0.04621589984804324,0.10923321727846072,0.17225053470887822,1.5769061737856882,3.727083866704615,1.0,False,True
R15,S13D,Brunei,Solar Domestic Production,True,2030,0.17197090204637555,0.055154336885155426,0.16798987690554074,0.24132315849056596,1.023698006178511,3.117994191543999,0.7126166552850683,False,True
R12,S57I,Myanmar,Charcoal Imports,True,2025,0.16133248996863933,0.0,0.11333981699723782,0.16133248996863933,1.4234405369877308,inf,1.0,False,True
R14,P16068,Vietnam,All Mines,False,2025,0.16108556052747317,0.0,0.1848039710250005,0.20852238152252786,0.871656380726155,inf,0.7725096910523735,False,True
R12,S21I,Myanmar,LPG Imports,True,2025,0.15552769596145474,0.0,0.2077642141464446,0.2359564219027219,0.7485778847931412,inf,0.6591373725169234,False,True
R16,P15321,Singapore,Gas Combined Cycle with CCS,False,2025,0.15384615384615388,0.0,0.24593413271780507,0.3380221115894563,0.6255583645344719,inf,0.45513636111772254,False,True
R6,P2831,Cambodia,Gas Combined Cycle,False,2025,0.15,0.0,0.5444894357565433,0.9389788715130867,0.2754874385975585,inf,0.15974800344366366,False,True
R1,S29D,Indonesia,Palm Oil Domestic Production,True,2025,0.14494503674894696,0.0,9.610983556091236,34.884436353082414,0.015081186634336075,inf,0.004155005839334409,False,True
R19,S78I,Philippines,Coal Unspecified Imports,True,2025,0.1408554140390289,0.0,0.32850379292254583,0.6115500071479998,0.4287786536219373,inf,0.23032525941078244,False,True
R11,P16131,Thailand,All Mines,False,2025,0.13807305936073058,0.0,0.13807305936073058,0.13807305936073058,1.0,inf,1.0,False,True
R17,S63I,Malaysia,Kerosene Imports,True,2025,0.13524078851858054,0.0,0.04795308658449107,0.19839228650444662,2.8202728573121703,inf,0.6816837030382699,False,True
R6,P14937,Cambodia,SMR,False,2050,0.12743106370135288,0.00011198060847340673,0.1191092340951482,0.3429001262433666,1.069867207772967,1137.9743818021434,0.3716273455405823,False,True
R6,S13D,Cambodia,Solar Domestic Production,True,2025,0.12371388210154578,0.0,0.2673070338506714,0.31975179389150954,0.4628156630201411,inf,0.386905982905983,False,True
R16,P2653,Singapore,LNG,True,2025,0.1212823436159159,0.0,0.5306378670970708,0.9399933905782258,0.22855953398012854,inf,0.12902467701534634,False,True
R16,S20I,Singapore,LNG Imports,True,2030,0.1212823436159159,0.031998122294486744,0.4122470626139948,0.939993390578226,0.29419819961089194,3.7902956460921073,0.12902467701534634,False,True
R6,P16756,Cambodia,Solar PV Rooftop,False,2025,0.112,0.017307692307692312,0.112,0.112,1.0,6.471111111111109,1.0,False,True
R11,S75I,Thailand,Coal Sub bituminous Imports,True,2030,0.1094017094017094,0.0,0.10940170940170942,0.10940170940170946,0.9999999999999999,inf,0.9999999999999994,False,True
R12,S62I,Myanmar,Jet Kerosene Imports,True,2025,0.10714912875461943,0.0,0.16775732002896482,0.2839006315177456,0.6387150720822148,inf,0.3774177189455175,False,True
R12,S20I,Myanmar,LNG Imports,True,2030,0.10220627360094052,0.026945035954417104,0.4066064969293434,1.2676808808454056,0.2513640937190953,3.7931392548090415,0.08062460761637426,False,True
R12,P2653,Myanmar,LNG,True,2025,0.1022062736009405,0.0,0.6849435772231731,1.2676808808454056,0.14921852981714864,inf,0.08062460761637424,False,True
R6,S57I,Cambodia,Charcoal Imports,True,2025,0.10116189914516528,0.0,0.10116189914516528,0.10116189914516528,1.0,inf,1.0,False,True
R11,P16068,Thailand,All Mines,False,2030,0.09846153846153845,0.0,0.09846153846153845,0.09846153846153845,1.0,inf,1.0,False,True
R13,S67I,Laos,Oil Imports,True,2025,0.09045555555555554,0.0,0.09045555555555554,0.09045555555555554,1.0,inf,1.0,False,True
R15,P2627,Brunei,All Mines,False,2025,0.08981229522277165,0.0,0.042528891414590014,0.08981229522277165,2.1117948819131582,inf,1.0,False,True
R15,S74I,Brunei,Coal Bituminous Imports,True,2025,0.08981229522277165,0.0,0.06581629232516725,0.08981229522277165,1.3645906211041403,inf,1.0,False,True
R12,S46I,Myanmar,Residual Fuel Oil Imports,True,2025,0.08528789010184384,0.0,0.11432860253845654,0.19020671579059703,0.7459890894157976,inf,0.4483957874323389,False,True
R6,S62I,Cambodia,Jet Kerosene Imports,True,2025,0.07949741709006086,0.0,0.14154203968399226,0.21983468306471632,0.5616523350062451,inf,0.36162363455023117,False,True
R20,P2641,Timor Leste,Electricity,False,2025,0.07673870946659472,0.0,0.04652699640056153,0.1228902136524179,1.6493372752011255,inf,0.6244493128121832,False,True
R13,P2653,Laos,LNG,True,2025,0.06940181531148099,0.0,0.2978073573744918,0.5262128994375027,0.23304264852062878,inf,0.13188923225878407,False,True
R13,S20I,Laos,LNG Imports,True,2030,0.06940181531148099,0.017494293783371882,0.21815725951608045,0.5262128994375027,0.31812746211347304,3.967111571971347,0.13188923225878407,False,True
R6,P2713,Cambodia,Wind Onshore,False,2025,0.06899999999999995,0.0,0.06899999999999995,0.06899999999999995,1.0,inf,1.0,False,True
R13,S46I,Laos,Residual Fuel Oil Imports,True,2025,0.05934298350171581,0.0,0.07559874905453759,0.09648564916746913,0.7849730880983926,inf,0.6150446622244808,False,True
R6,S26I,Cambodia,Biomass Imports,True,2025,0.056326731633091244,0.0,4.691004595579912,5.7110350827485545,0.01200739212367538,inf,0.009862788586825285,False,True
R15,S13D,Brunei,Solar Domestic Production,True,2025,0.055154336885155426,0.0,0.16798987690554074,0.24132315849056596,0.3283194076995975,inf,0.22854970583899253,False,True
