r,t,y,val,solvedtm,region_name,tech_name
R1,P11937,2025,0.665625,2026-05-13 13:38:49.789,Indonesia,Lithium Ion Batteries
R14,P11937,2025,139.24875,2026-05-13 13:38:49.789,Vietnam,Lithium Ion Batteries
R16,P11937,2025,2.6625,2026-05-13 13:38:49.789,Singapore,Lithium Ion Batteries
R19,P11937,2025,6.9225,2026-05-13 13:38:49.789,Philippines,Lithium Ion Batteries
R6,P11937,2025,9.984375,2026-05-13 13:38:49.789,Cambodia,Lithium Ion Batteries
R14,P11942,2025,36.268925,2026-05-13 13:38:49.789,Vietnam,Pumped Hydro
R16,P14414,2025,2462.468639414536,2026-05-13 13:38:49.789,Singapore,Unmet Load
R6,P14424,2025,4.439286425008224,2026-05-13 13:38:49.789,Cambodia,Geothermal ORC
R16,P14446,2025,29.391666666666666,2026-05-13 13:38:49.789,Singapore,Solar CSP
R1,P14937,2025,0.052977739372879355,2026-05-13 13:38:49.789,Indonesia,SMR
R11,P14937,2025,0.09103204434220998,2026-05-13 13:38:49.789,Thailand,SMR
R16,P14937,2025,230.85434324327713,2026-05-13 13:38:49.789,Singapore,SMR
R17,P14937,2025,0.08017836301195344,2026-05-13 13:38:49.789,Malaysia,SMR
R6,P14937,2025,0.0036354954384101262,2026-05-13 13:38:49.789,Cambodia,SMR
R16,P15321,2025,5.865384615384617,2026-05-13 13:38:49.789,Singapore,Gas Combined Cycle with CCS
R6,P15321,2025,1.1730769230769231,2026-05-13 13:38:49.789,Cambodia,Gas Combined Cycle with CCS
R16,P16146,2025,246.39039753974103,2026-05-13 13:38:49.789,Singapore,H2 Fuel Cell
R1,P16756,2025,12.160606250000003,2026-05-13 13:38:49.789,Indonesia,Solar PV Rooftop
R14,P16756,2025,149.9376125,2026-05-13 13:38:49.789,Vietnam,Solar PV Rooftop
R16,P16756,2025,7.243287037037037,2026-05-13 13:38:49.789,Singapore,Solar PV Rooftop
R17,P16756,2025,2.188485,2026-05-13 13:38:49.789,Malaysia,Solar PV Rooftop
R19,P16756,2025,0.038831000000000004,2026-05-13 13:38:49.789,Philippines,Solar PV Rooftop
R6,P16756,2025,0.6093625000000001,2026-05-13 13:38:49.789,Cambodia,Solar PV Rooftop
R1,P19896,2025,1.4286015151515152,2026-05-13 13:38:49.789,Indonesia,Solar PV_IDJW
R1,P20164,2025,3.0001833333333336,2026-05-13 13:38:49.789,Indonesia,Solar PV_IDSA
R1,P20186,2025,1.5211181818181818,2026-05-13 13:38:49.789,Indonesia,Solar PV_IDKA
R1,P20208,2025,3.387071212121212,2026-05-13 13:38:49.789,Indonesia,Solar PV_IDEast
R17,P21096,2025,291.084,2026-05-13 13:38:49.789,Malaysia,Coal Subcritical_MYPE
R17,P21163,2025,31.62,2026-05-13 13:38:49.789,Malaysia,Coal Subcritical_MYSR
R17,P21230,2025,350.86025,2026-05-13 13:38:49.789,Malaysia,Gas Combined Cycle_MYPE
R17,P21252,2025,34.203812500000005,2026-05-13 13:38:49.789,Malaysia,Gas Combined Cycle_MYSB
R17,P21274,2025,49.34605,2026-05-13 13:38:49.789,Malaysia,Gas Combined Cycle_MYSR
R17,P21296,2025,3.59415,2026-05-13 13:38:49.789,Malaysia,Large Hydro_MYSB
R17,P21305,2025,131.27100000000002,2026-05-13 13:38:49.789,Malaysia,Large Hydro_MYSR
R17,P21563,2025,29.46736,2026-05-13 13:38:49.789,Malaysia,Biomass Other_MYPE
R1,P21627,2025,7.150885897061817,2026-05-13 13:38:49.789,Indonesia,Biomass Other_IDJW
R1,P21659,2025,97.83548658126665,2026-05-13 13:38:49.789,Indonesia,Biomass Other_IDSA
R1,P21691,2025,17.546664524363027,2026-05-13 13:38:49.789,Indonesia,Biomass Other_IDKA
R1,P21723,2025,0.8884129219409092,2026-05-13 13:38:49.789,Indonesia,Biomass Other_IDEast
R1,P21755,2025,0.18638787611270305,2026-05-13 13:38:49.789,Indonesia,Biogas_IDJW
R1,P21773,2025,3.6868431110481215,2026-05-13 13:38:49.789,Indonesia,Biogas_IDKA
R1,P21791,2025,9.711262950850909,2026-05-13 13:38:49.789,Indonesia,Biogas_IDSA
R1,P21809,2025,388.41661762436365,2026-05-13 13:38:49.789,Indonesia,Coal Subcritical_IDEast
R1,P21872,2025,1515.3065334688183,2026-05-13 13:38:49.789,Indonesia,Coal Subcritical_IDJW
R1,P21935,2025,118.3150948608,2026-05-13 13:38:49.789,Indonesia,Coal Subcritical_IDKA
R1,P21998,2025,314.5352985680909,2026-05-13 13:38:49.789,Indonesia,Coal Subcritical_IDSA
R1,P22061,2025,22.219616414060603,2026-05-13 13:38:49.789,Indonesia,Diesel_IDEast
R1,P22078,2025,9.88876964809697,2026-05-13 13:38:49.789,Indonesia,Diesel_IDKA
R1,P22095,2025,11.269129579248485,2026-05-13 13:38:49.789,Indonesia,Diesel_IDSA
R1,P22112,2025,2.894577447117576,2026-05-13 13:38:49.789,Indonesia,Diesel_IDJW
R1,P22129,2025,20.412154011774852,2026-05-13 13:38:49.789,Indonesia,Gas Combined Cycle_IDEast
R1,P22147,2025,3.991971111889394,2026-05-13 13:38:49.789,Indonesia,Gas Combined Cycle_IDKA
R1,P22165,2025,49.55729146532122,2026-05-13 13:38:49.789,Indonesia,Gas Combined Cycle_IDSA
R1,P22183,2025,345.8127752167576,2026-05-13 13:38:49.789,Indonesia,Gas Combined Cycle_IDJW
R1,P22235,2025,2.686557728,2026-05-13 13:38:49.789,Indonesia,Gas Turbine_IDSA
R1,P22252,2025,16.205288168,2026-05-13 13:38:49.789,Indonesia,Gas Turbine_IDJW
R1,P22269,2025,9.388420478467877,2026-05-13 13:38:49.789,Indonesia,Gas Engine_IDEast
R1,P22286,2025,4.364476284528484,2026-05-13 13:38:49.789,Indonesia,Gas Engine_IDKA
R1,P22303,2025,14.341978909090908,2026-05-13 13:38:49.789,Indonesia,Gas Engine_IDSA
R1,P22320,2025,1.8968082090860605,2026-05-13 13:38:49.789,Indonesia,Gas Engine_IDJW
R17,P22337,2025,2.22677,2026-05-13 13:38:49.789,Malaysia,Diesel_MYPE
R17,P22354,2025,0.5824,2026-05-13 13:38:49.789,Malaysia,Diesel_MYSR
R17,P22371,2025,0.7935199999999999,2026-05-13 13:38:49.789,Malaysia,Diesel_MYSB
R17,P22388,2025,8.37681,2026-05-13 13:38:49.789,Malaysia,Biomass Other_MYSB
R11,P2713,2025,59.3516,2026-05-13 13:38:49.789,Thailand,Wind Onshore
R14,P2713,2025,517.05264,2026-05-13 13:38:49.789,Vietnam,Wind Onshore
R19,P2713,2025,70.53205399999999,2026-05-13 13:38:49.789,Philippines,Wind Onshore
R6,P2713,2025,2.659259999999998,2026-05-13 13:38:49.789,Cambodia,Wind Onshore
R11,P2720,2025,184.20000000000002,2026-05-13 13:38:49.789,Thailand,Coal Subcritical
R12,P2720,2025,5.7,2026-05-13 13:38:49.789,Myanmar,Coal Subcritical
R13,P2720,2025,56.34,2026-05-13 13:38:49.789,Laos,Coal Subcritical
R14,P2720,2025,852.57,2026-05-13 13:38:49.789,Vietnam,Coal Subcritical
R19,P2720,2025,336.61307999999997,2026-05-13 13:38:49.789,Philippines,Coal Subcritical
R6,P2720,2025,39.0,2026-05-13 13:38:49.789,Cambodia,Coal Subcritical
R11,P2724,2025,115.248,2026-05-13 13:38:49.789,Thailand,Large Hydro
R12,P2724,2025,120.1725,2026-05-13 13:38:49.789,Myanmar,Large Hydro
R13,P2724,2025,406.59612000000004,2026-05-13 13:38:49.789,Laos,Large Hydro
R14,P2724,2025,920.33025,2026-05-13 13:38:49.789,Vietnam,Large Hydro
R19,P2724,2025,140.97399225,2026-05-13 13:38:49.789,Philippines,Large Hydro
R6,P2724,2025,74.7299637,2026-05-13 13:38:49.789,Cambodia,Large Hydro
R11,P2731,2025,599.2125,2026-05-13 13:38:49.789,Thailand,Biomass Gasification
R11,P2776,2025,0.5915,2026-05-13 13:38:49.789,Thailand,Diesel
R12,P2776,2025,1.6447249,2026-05-13 13:38:49.789,Myanmar,Diesel
R14,P2776,2025,13.679575,2026-05-13 13:38:49.789,Vietnam,Diesel
R15,P2776,2025,0.13649999999999998,2026-05-13 13:38:49.789,Brunei,Diesel
R19,P2776,2025,29.664507599999997,2026-05-13 13:38:49.789,Philippines,Diesel
R20,P2776,2025,2.5707500000000003,2026-05-13 13:38:49.789,Timor Leste,Diesel
R6,P2792,2025,3.64,2026-05-13 13:38:49.789,Cambodia,Fuel Oil
R12,P2808,2025,25.745422222222224,2026-05-13 13:38:49.789,Myanmar,Gas Turbine
R15,P2808,2025,15.322508888888889,2026-05-13 13:38:49.789,Brunei,Gas Turbine
R12,P2824,2025,1.4202120000000003,2026-05-13 13:38:49.789,Myanmar,Small Hydro
R14,P2824,2025,90.516,2026-05-13 13:38:49.789,Vietnam,Small Hydro
R19,P2824,2025,4.6398,2026-05-13 13:38:49.789,Philippines,Small Hydro
R6,P2824,2025,7.6000000000000005,2026-05-13 13:38:49.789,Cambodia,Small Hydro
R11,P2831,2025,1100.8855,2026-05-13 13:38:49.789,Thailand,Gas Combined Cycle
R12,P2831,2025,29.896879999999996,2026-05-13 13:38:49.789,Myanmar,Gas Combined Cycle
R14,P2831,2025,271.0851,2026-05-13 13:38:49.789,Vietnam,Gas Combined Cycle
R15,P2831,2025,12.998217633152526,2026-05-13 13:38:49.789,Brunei,Gas Combined Cycle
R16,P2831,2025,29.317552745,2026-05-13 13:38:49.789,Singapore,Gas Combined Cycle
R19,P2831,2025,107.9361829,2026-05-13 13:38:49.789,Philippines,Gas Combined Cycle
R6,P2831,2025,4.33875,2026-05-13 13:38:49.789,Cambodia,Gas Combined Cycle
R11,P2847,2025,27.884999999999998,2026-05-13 13:38:49.789,Thailand,Solar PV
R12,P2847,2025,1.815,2026-05-13 13:38:49.789,Myanmar,Solar PV
R13,P2847,2025,0.6847500000000001,2026-05-13 13:38:49.789,Laos,Solar PV
R14,P2847,2025,142.41975000000002,2026-05-13 13:38:49.789,Vietnam,Solar PV
R15,P2847,2025,0.0561,2026-05-13 13:38:49.789,Brunei,Solar PV
R16,P2847,2025,12.680555555555555,2026-05-13 13:38:49.789,Singapore,Solar PV
R19,P2847,2025,40.89505200000001,2026-05-13 13:38:49.789,Philippines,Solar PV
R20,P2847,2025,0.0165,2026-05-13 13:38:49.789,Timor Leste,Solar PV
R6,P2847,2025,16.005,2026-05-13 13:38:49.789,Cambodia,Solar PV
R19,P2851,2025,37.394888949999995,2026-05-13 13:38:49.789,Philippines,Geothermal Flash
R12,P2858,2025,20.453120000000002,2026-05-13 13:38:49.789,Myanmar,Gas Engine
R1,P2890,2025,9.591154125000001,2026-05-13 13:38:49.789,Indonesia,Waste
R19,P2890,2025,2.757,2026-05-13 13:38:49.789,Philippines,Waste
R17,P2907,2025,8.78479875,2026-05-13 13:38:49.789,Malaysia,Biogas
R6,P2907,2025,2.23320525,2026-05-13 13:38:49.789,Cambodia,Biogas
R13,P2956,2025,6.169500000000001,2026-05-13 13:38:49.789,Laos,Biomass Other
R14,P2956,2025,45.3344,2026-05-13 13:38:49.789,Vietnam,Biomass Other
R19,P2956,2025,27.1926882,2026-05-13 13:38:49.789,Philippines,Biomass Other
R6,P2956,2025,2.2393,2026-05-13 13:38:49.789,Cambodia,Biomass Other
R1,P3012,2025,308.361625,2026-05-13 13:38:49.789,Indonesia,Coal Supercritical
R14,P3012,2025,57.330000000000005,2026-05-13 13:38:49.789,Vietnam,Coal Supercritical
R17,P3067,2025,145.65837,2026-05-13 13:38:49.789,Malaysia,Coal Ultrasupercritical
R15,P3122,2025,17.173575,2026-05-13 13:38:49.789,Brunei,Coal IGCC
R16,P4240,2025,0.22502812500000002,2026-05-13 13:38:49.789,Singapore,Solar Floating
R6,P4240,2025,0.37800000000000006,2026-05-13 13:38:49.789,Cambodia,Solar Floating
R1,P11937,2030,25.6095,2026-05-13 13:38:49.789,Indonesia,Lithium Ion Batteries
R12,P11937,2030,1.6676746819448376,2026-05-13 13:38:49.789,Myanmar,Lithium Ion Batteries
R14,P11937,2030,171.15021,2026-05-13 13:38:49.789,Vietnam,Lithium Ion Batteries
R16,P11937,2030,12.6,2026-05-13 13:38:49.789,Singapore,Lithium Ion Batteries
R19,P11937,2030,5.46,2026-05-13 13:38:49.789,Philippines,Lithium Ion Batteries
R6,P11937,2030,10.5,2026-05-13 13:38:49.789,Cambodia,Lithium Ion Batteries
R1,P11942,2030,8.632000000000001,2026-05-13 13:38:49.789,Indonesia,Pumped Hydro
R13,P11942,2030,8.3,2026-05-13 13:38:49.789,Laos,Pumped Hydro
R14,P11942,2030,49.80000000000001,2026-05-13 13:38:49.789,Vietnam,Pumped Hydro
R19,P11942,2030,9.13,2026-05-13 13:38:49.789,Philippines,Pumped Hydro
R6,P11942,2030,8.3,2026-05-13 13:38:49.789,Cambodia,Pumped Hydro
R6,P14424,2030,4.261714968007895,2026-05-13 13:38:49.789,Cambodia,Geothermal ORC
R1,P14432,2030,9.200000000000001,2026-05-13 13:38:49.789,Indonesia,Tidal
R14,P14442,2030,645.0,2026-05-13 13:38:49.789,Vietnam,Wind Offshore
R19,P14442,2030,301.0,2026-05-13 13:38:49.789,Philippines,Wind Offshore
R16,P14446,2030,24.8,2026-05-13 13:38:49.789,Singapore,Solar CSP
R1,P14937,2030,0.05252182078963598,2026-05-13 13:38:49.789,Indonesia,SMR
R11,P14937,2030,0.6528771923012977,2026-05-13 13:38:49.789,Thailand,SMR
R16,P14937,2030,228.86764493653632,2026-05-13 13:38:49.789,Singapore,SMR
R17,P14937,2030,0.07948835988792628,2026-05-13 13:38:49.789,Malaysia,SMR
R6,P14937,2030,0.003604208902795581,2026-05-13 13:38:49.789,Cambodia,SMR
R1,P15103,2030,0.7840443569130617,2026-05-13 13:38:49.789,Indonesia,PEM Electrolysis
R17,P15103,2030,0.7443175650665179,2026-05-13 13:38:49.789,Malaysia,PEM Electrolysis
R6,P15103,2030,0.19881119940722677,2026-05-13 13:38:49.789,Cambodia,PEM Electrolysis
R16,P15321,2030,18.44505995383538,2026-05-13 13:38:49.789,Singapore,Gas Combined Cycle with CCS
R6,P15321,2030,1.153846153846154,2026-05-13 13:38:49.789,Cambodia,Gas Combined Cycle with CCS
R16,P16146,2030,225.85785958421013,2026-05-13 13:38:49.789,Singapore,H2 Fuel Cell
R1,P16756,2030,68.1252,2026-05-13 13:38:49.789,Indonesia,Solar PV Rooftop
R14,P16756,2030,166.98000000000002,2026-05-13 13:38:49.789,Vietnam,Solar PV Rooftop
R15,P16756,2030,0.8800000000000001,2026-05-13 13:38:49.789,Brunei,Solar PV Rooftop
R16,P16756,2030,6.7629629629629635,2026-05-13 13:38:49.789,Singapore,Solar PV Rooftop
R17,P16756,2030,5.4142,2026-05-13 13:38:49.789,Malaysia,Solar PV Rooftop
R19,P16756,2030,0.036256000000000004,2026-05-13 13:38:49.789,Philippines,Solar PV Rooftop
R6,P16756,2030,0.949723076923077,2026-05-13 13:38:49.789,Cambodia,Solar PV Rooftop
R1,P19896,2030,5.060807575757576,2026-05-13 13:38:49.789,Indonesia,Solar PV_IDJW
R1,P20164,2030,28.458112121212125,2026-05-13 13:38:49.789,Indonesia,Solar PV_IDSA
R1,P20186,2030,14.429333333333334,2026-05-13 13:38:49.789,Indonesia,Solar PV_IDKA
R1,P20208,2030,32.1368893939394,2026-05-13 13:38:49.789,Indonesia,Solar PV_IDEast
R1,P20230,2030,1.3578666666666666,2026-05-13 13:38:49.789,Indonesia,Wind Onshore_IDJW
R1,P20296,2030,138.73546666666667,2026-05-13 13:38:49.789,Indonesia,Wind Onshore_IDEast
R17,P21096,2030,286.2326,2026-05-13 13:38:49.789,Malaysia,Coal Subcritical_MYPE
R17,P21163,2030,31.093,2026-05-13 13:38:49.789,Malaysia,Coal Subcritical_MYSR
R17,P21230,2030,335.55615000000006,2026-05-13 13:38:49.789,Malaysia,Gas Combined Cycle_MYPE
R17,P21252,2030,31.409850000000002,2026-05-13 13:38:49.789,Malaysia,Gas Combined Cycle_MYSB
R17,P21274,2030,46.7514,2026-05-13 13:38:49.789,Malaysia,Gas Combined Cycle_MYSR
R17,P21296,2030,4.535859999999999,2026-05-13 13:38:49.789,Malaysia,Large Hydro_MYSB
R17,P21305,2030,168.66811999999996,2026-05-13 13:38:49.789,Malaysia,Large Hydro_MYSR
R17,P21563,2030,28.242239999999995,2026-05-13 13:38:49.789,Malaysia,Biomass Other_MYPE
R1,P21627,2030,6.978767289825454,2026-05-13 13:38:49.789,Indonesia,Biomass Other_IDJW
R1,P21659,2030,111.40978496888786,2026-05-13 13:38:49.789,Indonesia,Biomass Other_IDSA
R1,P21691,2030,18.235660564988788,2026-05-13 13:38:49.789,Indonesia,Biomass Other_IDKA
R1,P21723,2030,14.285386798255303,2026-05-13 13:38:49.789,Indonesia,Biomass Other_IDEast
R1,P21755,2030,0.18259578378264243,2026-05-13 13:38:49.789,Indonesia,Biogas_IDJW
R1,P21773,2030,4.54276700827903,2026-05-13 13:38:49.789,Indonesia,Biogas_IDKA
R1,P21791,2030,10.867770539917574,2026-05-13 13:38:49.789,Indonesia,Biogas_IDSA
R1,P21809,2030,389.1570086716364,2026-05-13 13:38:49.789,Indonesia,Coal Subcritical_IDEast
R1,P21872,2030,1508.3508000124548,2026-05-13 13:38:49.789,Indonesia,Coal Subcritical_IDJW
R1,P21935,2030,117.77199137280002,2026-05-13 13:38:49.789,Indonesia,Coal Subcritical_IDKA
R1,P21998,2030,315.6148281008182,2026-05-13 13:38:49.789,Indonesia,Coal Subcritical_IDSA
R1,P22061,2030,22.134937997848482,2026-05-13 13:38:49.789,Indonesia,Diesel_IDEast
R1,P22078,2030,9.851083788157576,2026-05-13 13:38:49.789,Indonesia,Diesel_IDKA
R1,P22095,2030,11.26578926188485,2026-05-13 13:38:49.789,Indonesia,Diesel_IDSA
R1,P22112,2030,2.8835462830660603,2026-05-13 13:38:49.789,Indonesia,Diesel_IDJW
R1,P22129,2030,66.98611298863698,2026-05-13 13:38:49.789,Indonesia,Gas Combined Cycle_IDEast
R1,P22147,2030,19.08549558733636,2026-05-13 13:38:49.789,Indonesia,Gas Combined Cycle_IDKA
R1,P22165,2030,180.66718555216968,2026-05-13 13:38:49.789,Indonesia,Gas Combined Cycle_IDSA
R1,P22183,2030,414.1766572229697,2026-05-13 13:38:49.789,Indonesia,Gas Combined Cycle_IDJW
R1,P22235,2030,2.4064000000000014,2026-05-13 13:38:49.789,Indonesia,Gas Turbine_IDSA
R1,P22252,2030,6.434088168000002,2026-05-13 13:38:49.789,Indonesia,Gas Turbine_IDJW
R1,P22269,2030,21.51170204307091,2026-05-13 13:38:49.789,Indonesia,Gas Engine_IDEast
R1,P22286,2030,4.743903977919394,2026-05-13 13:38:49.789,Indonesia,Gas Engine_IDKA
R1,P22303,2030,38.93813409848485,2026-05-13 13:38:49.789,Indonesia,Gas Engine_IDSA
R1,P22320,2030,3.473821943507273,2026-05-13 13:38:49.789,Indonesia,Gas Engine_IDJW
R17,P22337,2030,2.22677,2026-05-13 13:38:49.789,Malaysia,Diesel_MYPE
R17,P22388,2030,8.02854,2026-05-13 13:38:49.789,Malaysia,Biomass Other_MYSB
R11,P2713,2030,55.7172,2026-05-13 13:38:49.789,Thailand,Wind Onshore
R13,P2713,2030,36.18,2026-05-13 13:38:49.789,Laos,Wind Onshore
R14,P2713,2030,936.3384,2026-05-13 13:38:49.789,Vietnam,Wind Onshore
R19,P2713,2030,236.910258,2026-05-13 13:38:49.789,Philippines,Wind Onshore
R6,P2713,2030,22.395419999999998,2026-05-13 13:38:49.789,Cambodia,Wind Onshore
R11,P2720,2030,181.13000000000002,2026-05-13 13:38:49.789,Thailand,Coal Subcritical
R12,P2720,2030,5.605,2026-05-13 13:38:49.789,Myanmar,Coal Subcritical
R13,P2720,2030,126.20100000000001,2026-05-13 13:38:49.789,Laos,Coal Subcritical
R14,P2720,2030,843.9655,2026-05-13 13:38:49.789,Vietnam,Coal Subcritical
R19,P2720,2030,328.052862,2026-05-13 13:38:49.789,Philippines,Coal Subcritical
R6,P2720,2030,38.35,2026-05-13 13:38:49.789,Cambodia,Coal Subcritical
R11,P2724,2030,178.40034999999997,2026-05-13 13:38:49.789,Thailand,Large Hydro
R12,P2724,2030,144.74620199999998,2026-05-13 13:38:49.789,Myanmar,Large Hydro
R13,P2724,2030,601.291072,2026-05-13 13:38:49.789,Laos,Large Hydro
R14,P2724,2030,919.3082,2026-05-13 13:38:49.789,Vietnam,Large Hydro
R19,P2724,2030,137.3297666,2026-05-13 13:38:49.789,Philippines,Large Hydro
R6,P2724,2030,104.39882872,2026-05-13 13:38:49.789,Cambodia,Large Hydro
R11,P2731,2030,571.78125,2026-05-13 13:38:49.789,Thailand,Biomass Gasification
R11,P2776,2030,0.5915,2026-05-13 13:38:49.789,Thailand,Diesel
R12,P2776,2030,1.6447249,2026-05-13 13:38:49.789,Myanmar,Diesel
R14,P2776,2030,5.744829999999999,2026-05-13 13:38:49.789,Vietnam,Diesel
R15,P2776,2030,0.13649999999999998,2026-05-13 13:38:49.789,Brunei,Diesel
R19,P2776,2030,30.560584600000002,2026-05-13 13:38:49.789,Philippines,Diesel
R20,P2776,2030,2.5707500000000003,2026-05-13 13:38:49.789,Timor Leste,Diesel
R6,P2792,2030,3.64,2026-05-13 13:38:49.789,Cambodia,Fuel Oil
R12,P2808,2030,25.308,2026-05-13 13:38:49.789,Myanmar,Gas Turbine
R15,P2808,2030,15.062175,2026-05-13 13:38:49.789,Brunei,Gas Turbine
R12,P2824,2030,1.7169920000000003,2026-05-13 13:38:49.789,Myanmar,Small Hydro
R14,P2824,2030,148.2,2026-05-13 13:38:49.789,Vietnam,Small Hydro
R19,P2824,2030,4.6398,2026-05-13 13:38:49.789,Philippines,Small Hydro
R6,P2824,2030,7.6000000000000005,2026-05-13 13:38:49.789,Cambodia,Small Hydro
R11,P2831,2030,1145.2155,2026-05-13 13:38:49.789,Thailand,Gas Combined Cycle
R12,P2831,2030,29.457599999999996,2026-05-13 13:38:49.789,Myanmar,Gas Combined Cycle
R14,P2831,2030,1052.391,2026-05-13 13:38:49.789,Vietnam,Gas Combined Cycle
R15,P2831,2030,17.21523638582012,2026-05-13 13:38:49.789,Brunei,Gas Combined Cycle
R16,P2831,2030,173.3207094,2026-05-13 13:38:49.789,Singapore,Gas Combined Cycle
R19,P2831,2030,137.700258,2026-05-13 13:38:49.789,Philippines,Gas Combined Cycle
R6,P2831,2030,27.075000000000003,2026-05-13 13:38:49.789,Cambodia,Gas Combined Cycle
R11,P2847,2030,63.5684,2026-05-13 13:38:49.789,Thailand,Solar PV
R12,P2847,2030,1.6059999999999999,2026-05-13 13:38:49.789,Myanmar,Solar PV
R13,P2847,2030,4.263199999999999,2026-05-13 13:38:49.789,Laos,Solar PV
R14,P2847,2030,149.95163599999998,2026-05-13 13:38:49.789,Vietnam,Solar PV
R15,P2847,2030,3.2616400000000003,2026-05-13 13:38:49.789,Brunei,Solar PV
R16,P2847,2030,18.520370370370372,2026-05-13 13:38:49.789,Singapore,Solar PV
R19,P2847,2030,76.6323048,2026-05-13 13:38:49.789,Philippines,Solar PV
R20,P2847,2030,0.0146,2026-05-13 13:38:49.789,Timor Leste,Solar PV
R6,P2847,2030,36.427,2026-05-13 13:38:49.789,Cambodia,Solar PV
R17,P2851,2030,0.5219999999999999,2026-05-13 13:38:49.789,Malaysia,Geothermal Flash
R19,P2851,2030,41.738058599999995,2026-05-13 13:38:49.789,Philippines,Geothermal Flash
R12,P2858,2030,20.453120000000002,2026-05-13 13:38:49.789,Myanmar,Gas Engine
R1,P2890,2030,112.11300100000003,2026-05-13 13:38:49.789,Indonesia,Waste
R16,P2890,2030,0.137128,2026-05-13 13:38:49.789,Singapore,Waste
R19,P2890,2030,10.3408,2026-05-13 13:38:49.789,Philippines,Waste
R17,P2907,2030,13.139640000000002,2026-05-13 13:38:49.789,Malaysia,Biogas
R6,P2907,2030,2.1173940000000004,2026-05-13 13:38:49.789,Cambodia,Biogas
R13,P2956,2030,6.9204,2026-05-13 13:38:49.789,Laos,Biomass Other
R14,P2956,2030,100.2144,2026-05-13 13:38:49.789,Vietnam,Biomass Other
R19,P2956,2030,26.062138799999996,2026-05-13 13:38:49.789,Philippines,Biomass Other
R6,P2956,2030,19.6662,2026-05-13 13:38:49.789,Cambodia,Biomass Other
R1,P3012,2030,341.9544,2026-05-13 13:38:49.789,Indonesia,Coal Supercritical
R11,P3012,2030,1.89,2026-05-13 13:38:49.789,Thailand,Coal Supercritical
R14,P3012,2030,211.26004200000006,2026-05-13 13:38:49.789,Vietnam,Coal Supercritical
R17,P3067,2030,145.65837,2026-05-13 13:38:49.789,Malaysia,Coal Ultrasupercritical
R15,P3122,2030,16.8402,2026-05-13 13:38:49.789,Brunei,Coal IGCC
R13,P4240,2030,3.75,2026-05-13 13:38:49.789,Laos,Solar Floating
R16,P4240,2030,0.200025,2026-05-13 13:38:49.789,Singapore,Solar Floating
R19,P4240,2030,6.045,2026-05-13 13:38:49.789,Philippines,Solar Floating
R6,P4240,2030,0.3360000000000001,2026-05-13 13:38:49.789,Cambodia,Solar Floating
R1,P11937,2035,58.48615,2026-05-13 13:38:49.789,Indonesia,Lithium Ion Batteries
R12,P11937,2035,2.716925701693291,2026-05-13 13:38:49.789,Myanmar,Lithium Ion Batteries
R14,P11937,2035,247.02102949999997,2026-05-13 13:38:49.789,Vietnam,Lithium Ion Batteries
R16,P11937,2035,24.279197199465447,2026-05-13 13:38:49.789,Singapore,Lithium Ion Batteries
R19,P11937,2035,21.560325,2026-05-13 13:38:49.789,Philippines,Lithium Ion Batteries
R6,P11937,2035,9.725,2026-05-13 13:38:49.789,Cambodia,Lithium Ion Batteries
R1,P11942,2035,35.2169,2026-05-13 13:38:49.789,Indonesia,Pumped Hydro
R12,P11942,2035,1.610702177974731,2026-05-13 13:38:49.789,Myanmar,Pumped Hydro
R13,P11942,2035,8.3,2026-05-13 13:38:49.789,Laos,Pumped Hydro
R14,P11942,2035,68.3791765,2026-05-13 13:38:49.789,Vietnam,Pumped Hydro
R19,P11942,2035,11.620000000000003,2026-05-13 13:38:49.789,Philippines,Pumped Hydro
R6,P11942,2035,23.240000000000006,2026-05-13 13:38:49.789,Cambodia,Pumped Hydro
R19,P14268,2035,162.71280000000002,2026-05-13 13:38:49.789,Philippines,Nuclear LWR
R6,P14424,2035,4.172929239507731,2026-05-13 13:38:49.789,Cambodia,Geothermal ORC
R1,P14428,2035,51.9230736,2026-05-13 13:38:49.789,Indonesia,Nuclear SMR
R19,P14428,2035,25.919999999999998,2026-05-13 13:38:49.789,Philippines,Nuclear SMR
R1,P14432,2035,7.109090909090909,2026-05-13 13:38:49.789,Indonesia,Tidal
R14,P14442,2035,742.5,2026-05-13 13:38:49.789,Vietnam,Wind Offshore
R19,P14442,2035,577.5,2026-05-13 13:38:49.789,Philippines,Wind Offshore
R16,P14446,2035,24.8,2026-05-13 13:38:49.789,Singapore,Solar CSP
R1,P14937,2035,0.05252182078963598,2026-05-13 13:38:49.789,Indonesia,SMR
R11,P14937,2035,1.4577144394560142,2026-05-13 13:38:49.789,Thailand,SMR
R16,P14937,2035,228.86764493653632,2026-05-13 13:38:49.789,Singapore,SMR
R17,P14937,2035,0.07948835988792628,2026-05-13 13:38:49.789,Malaysia,SMR
R6,P14937,2035,0.003604208902795581,2026-05-13 13:38:49.789,Cambodia,SMR
R1,P15103,2035,2.1621057262164913,2026-05-13 13:38:49.789,Indonesia,PEM Electrolysis
R17,P15103,2035,2.464967992385754,2026-05-13 13:38:49.789,Malaysia,PEM Electrolysis
R6,P15103,2035,0.9026234318672921,2026-05-13 13:38:49.789,Cambodia,PEM Electrolysis
R16,P15321,2035,18.420466540563584,2026-05-13 13:38:49.789,Singapore,Gas Combined Cycle with CCS
R6,P15321,2035,1.1523076923076925,2026-05-13 13:38:49.789,Cambodia,Gas Combined Cycle with CCS
R1,P16756,2035,66.18982500000001,2026-05-13 13:38:49.789,Indonesia,Solar PV Rooftop
R14,P16756,2035,206.12340000000003,2026-05-13 13:38:49.789,Vietnam,Solar PV Rooftop
R15,P16756,2035,1.7100000000000002,2026-05-13 13:38:49.789,Brunei,Solar PV Rooftop
R16,P16756,2035,6.570833333333334,2026-05-13 13:38:49.789,Singapore,Solar PV Rooftop
R17,P16756,2035,6.990052500000001,2026-05-13 13:38:49.789,Malaysia,Solar PV Rooftop
R19,P16756,2035,0.03522600000000001,2026-05-13 13:38:49.789,Philippines,Solar PV Rooftop
R6,P16756,2035,1.292694230769231,2026-05-13 13:38:49.789,Cambodia,Solar PV Rooftop
R1,P19896,2035,15.350931818181818,2026-05-13 13:38:49.789,Indonesia,Solar PV_IDJW
R1,P20164,2035,62.55148181818182,2026-05-13 13:38:49.789,Indonesia,Solar PV_IDSA
R1,P20186,2035,31.713850000000004,2026-05-13 13:38:49.789,Indonesia,Solar PV_IDKA
R1,P20208,2035,70.63824545454546,2026-05-13 13:38:49.789,Indonesia,Solar PV_IDEast
R1,P20230,2035,3.3908,2026-05-13 13:38:49.789,Indonesia,Wind Onshore_IDJW
R1,P20296,2035,348.77219999999994,2026-05-13 13:38:49.789,Indonesia,Wind Onshore_IDEast
R17,P21096,2035,286.2326,2026-05-13 13:38:49.789,Malaysia,Coal Subcritical_MYPE
R17,P21163,2035,31.093,2026-05-13 13:38:49.789,Malaysia,Coal Subcritical_MYSR
R17,P21230,2035,412.9175190000001,2026-05-13 13:38:49.789,Malaysia,Gas Combined Cycle_MYPE
R17,P21252,2035,40.079550000000005,2026-05-13 13:38:49.789,Malaysia,Gas Combined Cycle_MYSB
R17,P21274,2035,53.8488519,2026-05-13 13:38:49.789,Malaysia,Gas Combined Cycle_MYSR
R17,P21296,2035,4.543725,2026-05-13 13:38:49.789,Malaysia,Large Hydro_MYSB
R17,P21305,2035,169.26345,2026-05-13 13:38:49.789,Malaysia,Large Hydro_MYSR
R17,P21563,2035,28.242239999999995,2026-05-13 13:38:49.789,Malaysia,Biomass Other_MYPE
R1,P21627,2035,6.806648682589091,2026-05-13 13:38:49.789,Indonesia,Biomass Other_IDJW
R1,P21659,2035,110.62919244741818,2026-05-13 13:38:49.789,Indonesia,Biomass Other_IDSA
R1,P21691,2035,19.03042024197818,2026-05-13 13:38:49.789,Indonesia,Biomass Other_IDKA
R1,P21723,2035,14.535245523054547,2026-05-13 13:38:49.789,Indonesia,Biomass Other_IDEast
R1,P21755,2035,0.17880369145258185,2026-05-13 13:38:49.789,Indonesia,Biogas_IDJW
R1,P21773,2035,4.8793624206614545,2026-05-13 13:38:49.789,Indonesia,Biogas_IDKA
R1,P21791,2035,11.719417522923637,2026-05-13 13:38:49.789,Indonesia,Biogas_IDSA
R1,P21809,2035,387.597890628,2026-05-13 13:38:49.789,Indonesia,Coal Subcritical_IDEast
R1,P21872,2035,1501.3950665560913,2026-05-13 13:38:49.789,Indonesia,Coal Subcritical_IDJW
R1,P21935,2035,126.92251515752729,2026-05-13 13:38:49.789,Indonesia,Coal Subcritical_IDKA
R1,P21998,2035,324.0884758153637,2026-05-13 13:38:49.789,Indonesia,Coal Subcritical_IDSA
R1,P22061,2035,22.05025958163636,2026-05-13 13:38:49.789,Indonesia,Diesel_IDEast
R1,P22078,2035,9.813397928218182,2026-05-13 13:38:49.789,Indonesia,Diesel_IDKA
R1,P22095,2035,11.222691368763638,2026-05-13 13:38:49.789,Indonesia,Diesel_IDSA
R1,P22112,2035,2.8725151190145453,2026-05-13 13:38:49.789,Indonesia,Diesel_IDJW
R1,P22129,2035,66.66643560186273,2026-05-13 13:38:49.789,Indonesia,Gas Combined Cycle_IDEast
R1,P22147,2035,18.994414002177272,2026-05-13 13:38:49.789,Indonesia,Gas Combined Cycle_IDKA
R1,P22165,2035,179.80498872992726,2026-05-13 13:38:49.789,Indonesia,Gas Combined Cycle_IDSA
R1,P22183,2035,412.20008468372725,2026-05-13 13:38:49.789,Indonesia,Gas Combined Cycle_IDJW
R1,P22252,2035,1.0068881680000012,2026-05-13 13:38:49.789,Indonesia,Gas Turbine_IDJW
R1,P22269,2035,24.585771486461816,2026-05-13 13:38:49.789,Indonesia,Gas Engine_IDEast
R1,P22286,2035,4.725755913734545,2026-05-13 13:38:49.789,Indonesia,Gas Engine_IDKA
R1,P22303,2035,42.30062868181818,2026-05-13 13:38:49.789,Indonesia,Gas Engine_IDSA
R1,P22320,2035,3.484205374898182,2026-05-13 13:38:49.789,Indonesia,Gas Engine_IDJW
R17,P22337,2035,2.2084175,2026-05-13 13:38:49.789,Malaysia,Diesel_MYPE
R17,P22388,2035,8.02854,2026-05-13 13:38:49.789,Malaysia,Biomass Other_MYSB
R11,P2713,2035,128.937375,2026-05-13 13:38:49.789,Thailand,Wind Onshore
R13,P2713,2035,45.6105,2026-05-13 13:38:49.789,Laos,Wind Onshore
R14,P2713,2035,1066.584,2026-05-13 13:38:49.789,Vietnam,Wind Onshore
R19,P2713,2035,306.9270885,2026-05-13 13:38:49.789,Philippines,Wind Onshore
R6,P2713,2035,21.717615000000002,2026-05-13 13:38:49.789,Cambodia,Wind Onshore
R11,P2720,2035,181.13000000000002,2026-05-13 13:38:49.789,Thailand,Coal Subcritical
R12,P2720,2035,5.605,2026-05-13 13:38:49.789,Myanmar,Coal Subcritical
R13,P2720,2035,126.20100000000001,2026-05-13 13:38:49.789,Laos,Coal Subcritical
R14,P2720,2035,843.9655,2026-05-13 13:38:49.789,Vietnam,Coal Subcritical
R19,P2720,2035,323.84321199999994,2026-05-13 13:38:49.789,Philippines,Coal Subcritical
R6,P2720,2035,38.35,2026-05-13 13:38:49.789,Cambodia,Coal Subcritical
R11,P2724,2035,248.8033125,2026-05-13 13:38:49.789,Thailand,Large Hydro
R12,P2724,2035,142.5224475,2026-05-13 13:38:49.789,Myanmar,Large Hydro
R13,P2724,2035,592.0533600000001,2026-05-13 13:38:49.789,Laos,Large Hydro
R14,P2724,2035,967.71825,2026-05-13 13:38:49.789,Vietnam,Large Hydro
R19,P2724,2035,135.21995175,2026-05-13 13:38:49.789,Philippines,Large Hydro
R6,P2724,2035,109.77678610000002,2026-05-13 13:38:49.789,Cambodia,Large Hydro
R11,P2731,2035,1161.0187500000002,2026-05-13 13:38:49.789,Thailand,Biomass Gasification
R11,P2776,2035,0.5866250000000001,2026-05-13 13:38:49.789,Thailand,Diesel
R12,P2776,2035,1.631169475,2026-05-13 13:38:49.789,Myanmar,Diesel
R14,P2776,2035,1.647062499999998,2026-05-13 13:38:49.789,Vietnam,Diesel
R15,P2776,2035,0.135375,2026-05-13 13:38:49.789,Brunei,Diesel
R19,P2776,2035,31.197403400000002,2026-05-13 13:38:49.789,Philippines,Diesel
R20,P2776,2035,2.5495625000000004,2026-05-13 13:38:49.789,Timor Leste,Diesel
R6,P2792,2035,3.6100000000000003,2026-05-13 13:38:49.789,Cambodia,Fuel Oil
R12,P2808,2035,24.91432,2026-05-13 13:38:49.789,Myanmar,Gas Turbine
R15,P2808,2035,14.827874499999998,2026-05-13 13:38:49.789,Brunei,Gas Turbine
R11,P2824,2035,8.36,2026-05-13 13:38:49.789,Thailand,Small Hydro
R12,P2824,2035,1.7169920000000003,2026-05-13 13:38:49.789,Myanmar,Small Hydro
R14,P2824,2035,246.16400000000004,2026-05-13 13:38:49.789,Vietnam,Small Hydro
R19,P2824,2035,33.8998,2026-05-13 13:38:49.789,Philippines,Small Hydro
R6,P2824,2035,7.6000000000000005,2026-05-13 13:38:49.789,Cambodia,Small Hydro
R11,P2831,2035,1145.2155,2026-05-13 13:38:49.789,Thailand,Gas Combined Cycle
R12,P2831,2035,35.429578921947666,2026-05-13 13:38:49.789,Myanmar,Gas Combined Cycle
R14,P2831,2035,1137.891,2026-05-13 13:38:49.789,Vietnam,Gas Combined Cycle
R15,P2831,2035,22.625488285820115,2026-05-13 13:38:49.789,Brunei,Gas Combined Cycle
R16,P2831,2035,198.84783575245513,2026-05-13 13:38:49.789,Singapore,Gas Combined Cycle
R19,P2831,2035,137.700258,2026-05-13 13:38:49.789,Philippines,Gas Combined Cycle
R6,P2831,2035,27.075000000000003,2026-05-13 13:38:49.789,Cambodia,Gas Combined Cycle
R11,P2847,2035,120.88620000000002,2026-05-13 13:38:49.789,Thailand,Solar PV
R12,P2847,2035,1.5455,2026-05-13 13:38:49.789,Myanmar,Solar PV
R13,P2847,2035,5.971250000000001,2026-05-13 13:38:49.789,Laos,Solar PV
R14,P2847,2035,212.25756500000003,2026-05-13 13:38:49.789,Vietnam,Solar PV
R15,P2847,2035,6.229769999999999,2026-05-13 13:38:49.789,Brunei,Solar PV
R16,P2847,2035,17.822685185185186,2026-05-13 13:38:49.789,Singapore,Solar PV
R19,P2847,2035,108.98989640000002,2026-05-13 13:38:49.789,Philippines,Solar PV
R20,P2847,2035,0.014050000000000002,2026-05-13 13:38:49.789,Timor Leste,Solar PV
R6,P2847,2035,68.77475000000001,2026-05-13 13:38:49.789,Cambodia,Solar PV
R17,P2851,2035,0.51,2026-05-13 13:38:49.789,Malaysia,Geothermal Flash
R19,P2851,2035,42.138563,2026-05-13 13:38:49.789,Philippines,Geothermal Flash
R12,P2858,2035,20.453120000000002,2026-05-13 13:38:49.789,Myanmar,Gas Engine
R1,P2890,2035,112.5781,2026-05-13 13:38:49.789,Indonesia,Waste
R11,P2890,2035,156.23600000000002,2026-05-13 13:38:49.789,Thailand,Waste
R16,P2890,2035,0.137128,2026-05-13 13:38:49.789,Singapore,Waste
R19,P2890,2035,10.3408,2026-05-13 13:38:49.789,Philippines,Waste
R11,P2907,2035,109.71600000000001,2026-05-13 13:38:49.789,Thailand,Biogas
R17,P2907,2035,15.094560000000005,2026-05-13 13:38:49.789,Malaysia,Biogas
R6,P2907,2035,2.0486880000000003,2026-05-13 13:38:49.789,Cambodia,Biogas
R13,P2956,2035,6.9204,2026-05-13 13:38:49.789,Laos,Biomass Other
R14,P2956,2035,286.8462,2026-05-13 13:38:49.789,Vietnam,Biomass Other
R19,P2956,2035,26.062138799999996,2026-05-13 13:38:49.789,Philippines,Biomass Other
R6,P2956,2035,19.6662,2026-05-13 13:38:49.789,Cambodia,Biomass Other
R1,P3012,2035,441.03420000000006,2026-05-13 13:38:49.789,Indonesia,Coal Supercritical
R11,P3012,2035,1.89,2026-05-13 13:38:49.789,Thailand,Coal Supercritical
R14,P3012,2035,333.5850945,2026-05-13 13:38:49.789,Vietnam,Coal Supercritical
R17,P3067,2035,205.71837,2026-05-13 13:38:49.789,Malaysia,Coal Ultrasupercritical
R15,P3122,2035,16.7132,2026-05-13 13:38:49.789,Brunei,Coal IGCC
R11,P4240,2035,13.916974500000002,2026-05-13 13:38:49.789,Thailand,Solar Floating
R13,P4240,2035,5.005000000000001,2026-05-13 13:38:49.789,Laos,Solar Floating
R16,P4240,2035,0.19069050000000004,2026-05-13 13:38:49.789,Singapore,Solar Floating
R19,P4240,2035,5.762900000000001,2026-05-13 13:38:49.789,Philippines,Solar Floating
R6,P4240,2035,0.32032000000000005,2026-05-13 13:38:49.789,Cambodia,Solar Floating
R1,P11937,2040,53.8253,2026-05-13 13:38:49.789,Indonesia,Lithium Ion Batteries
R11,P11937,2040,65.37699071081666,2026-05-13 13:38:49.789,Thailand,Lithium Ion Batteries
R12,P11937,2040,4.424487735324098,2026-05-13 13:38:49.789,Myanmar,Lithium Ion Batteries
R14,P11937,2040,354.2613165,2026-05-13 13:38:49.789,Vietnam,Lithium Ion Batteries
R16,P11937,2040,19.23990574501483,2026-05-13 13:38:49.789,Singapore,Lithium Ion Batteries
R19,P11937,2040,47.247049999999994,2026-05-13 13:38:49.789,Philippines,Lithium Ion Batteries
R6,P11937,2040,8.95,2026-05-13 13:38:49.789,Cambodia,Lithium Ion Batteries
R1,P11942,2040,35.2169,2026-05-13 13:38:49.789,Indonesia,Pumped Hydro
R11,P11942,2040,7.532690624500974,2026-05-13 13:38:49.789,Thailand,Pumped Hydro
R12,P11942,2040,1.6732096826953424,2026-05-13 13:38:49.789,Myanmar,Pumped Hydro
R13,P11942,2040,8.3,2026-05-13 13:38:49.789,Laos,Pumped Hydro
R14,P11942,2040,93.8898075,2026-05-13 13:38:49.789,Vietnam,Pumped Hydro
R19,P11942,2040,11.620000000000003,2026-05-13 13:38:49.789,Philippines,Pumped Hydro
R6,P11942,2040,25.937500000000004,2026-05-13 13:38:49.789,Cambodia,Pumped Hydro
R19,P14268,2040,216.95039999999997,2026-05-13 13:38:49.789,Philippines,Nuclear LWR
R6,P14424,2040,4.084143511007566,2026-05-13 13:38:49.789,Cambodia,Geothermal ORC
R1,P14428,2040,40.76921120000001,2026-05-13 13:38:49.789,Indonesia,Nuclear SMR
R19,P14428,2040,33.92,2026-05-13 13:38:49.789,Philippines,Nuclear SMR
R1,P14432,2040,5.0181818181818185,2026-05-13 13:38:49.789,Indonesia,Tidal
R14,P14442,2040,1797.25,2026-05-13 13:38:49.789,Vietnam,Wind Offshore
R19,P14442,2040,118.5,2026-05-13 13:38:49.789,Philippines,Wind Offshore
R16,P14446,2040,24.8,2026-05-13 13:38:49.789,Singapore,Solar CSP
R1,P14937,2040,0.05252182078963598,2026-05-13 13:38:49.789,Indonesia,SMR
R11,P14937,2040,2.0359030280078736,2026-05-13 13:38:49.789,Thailand,SMR
R16,P14937,2040,228.86764493653632,2026-05-13 13:38:49.789,Singapore,SMR
R17,P14937,2040,0.07948835988792628,2026-05-13 13:38:49.789,Malaysia,SMR
R6,P14937,2040,0.003604208902795581,2026-05-13 13:38:49.789,Cambodia,SMR
R1,P15103,2040,4.030316039204791,2026-05-13 13:38:49.789,Indonesia,PEM Electrolysis
R17,P15103,2040,5.161915795091278,2026-05-13 13:38:49.789,Malaysia,PEM Electrolysis
R6,P15103,2040,2.083360275436933,2026-05-13 13:38:49.789,Cambodia,PEM Electrolysis
R16,P15321,2040,18.39587312729182,2026-05-13 13:38:49.789,Singapore,Gas Combined Cycle with CCS
R6,P15321,2040,1.1507692307692308,2026-05-13 13:38:49.789,Cambodia,Gas Combined Cycle with CCS
R1,P16756,2040,64.25445,2026-05-13 13:38:49.789,Indonesia,Solar PV Rooftop
R14,P16756,2040,364.29945000000004,2026-05-13 13:38:49.789,Vietnam,Solar PV Rooftop
R15,P16756,2040,2.49,2026-05-13 13:38:49.789,Brunei,Solar PV Rooftop
R16,P16756,2040,6.378703703703704,2026-05-13 13:38:49.789,Singapore,Solar PV Rooftop
R17,P16756,2040,8.387565,2026-05-13 13:38:49.789,Malaysia,Solar PV Rooftop
R19,P16756,2040,0.7811960000000001,2026-05-13 13:38:49.789,Philippines,Solar PV Rooftop
R6,P16756,2040,1.6140307692307696,2026-05-13 13:38:49.789,Cambodia,Solar PV Rooftop
R1,P19896,2040,14.943204545454543,2026-05-13 13:38:49.789,Indonesia,Solar PV_IDJW
R1,P20164,2040,60.890087878787874,2026-05-13 13:38:49.789,Indonesia,Solar PV_IDSA
R1,P20186,2040,30.871516666666665,2026-05-13 13:38:49.789,Indonesia,Solar PV_IDKA
R1,P20208,2040,68.76206363636364,2026-05-13 13:38:49.789,Indonesia,Solar PV_IDEast
R1,P20230,2040,3.2754666666666665,2026-05-13 13:38:49.789,Indonesia,Wind Onshore_IDJW
R1,P20296,2040,336.9092,2026-05-13 13:38:49.789,Indonesia,Wind Onshore_IDEast
R17,P21096,2040,286.2326,2026-05-13 13:38:49.789,Malaysia,Coal Subcritical_MYPE
R17,P21163,2040,31.093,2026-05-13 13:38:49.789,Malaysia,Coal Subcritical_MYSR
R17,P21230,2040,453.39227850000003,2026-05-13 13:38:49.789,Malaysia,Gas Combined Cycle_MYPE
R17,P21252,2040,42.57900000000001,2026-05-13 13:38:49.789,Malaysia,Gas Combined Cycle_MYSB
R17,P21274,2040,55.86570285,2026-05-13 13:38:49.789,Malaysia,Gas Combined Cycle_MYSR
R17,P21296,2040,4.472830000000001,2026-05-13 13:38:49.789,Malaysia,Large Hydro_MYSB
R17,P21305,2040,166.62246000000002,2026-05-13 13:38:49.789,Malaysia,Large Hydro_MYSR
R17,P21563,2040,28.242239999999995,2026-05-13 13:38:49.789,Malaysia,Biomass Other_MYPE
R1,P21627,2040,6.634530075352727,2026-05-13 13:38:49.789,Indonesia,Biomass Other_IDJW
R1,P21659,2040,107.83173022897878,2026-05-13 13:38:49.789,Indonesia,Biomass Other_IDSA
R1,P21691,2040,18.549201131088786,2026-05-13 13:38:49.789,Indonesia,Biomass Other_IDKA
R1,P21723,2040,14.1676951569447,2026-05-13 13:38:49.789,Indonesia,Biomass Other_IDEast
R1,P21755,2040,0.1750115991225212,2026-05-13 13:38:49.789,Indonesia,Biogas_IDJW
R1,P21773,2040,4.775880257286302,2026-05-13 13:38:49.789,Indonesia,Biogas_IDKA
R1,P21791,2040,11.470870566535757,2026-05-13 13:38:49.789,Indonesia,Biogas_IDSA
R1,P21809,2040,385.802208948,2026-05-13 13:38:49.789,Indonesia,Coal Subcritical_IDEast
R1,P21872,2040,1494.4393330997273,2026-05-13 13:38:49.789,Indonesia,Coal Subcritical_IDJW
R1,P21935,2040,126.33450257861818,2026-05-13 13:38:49.789,Indonesia,Coal Subcritical_IDKA
R1,P21998,2040,322.5870235299091,2026-05-13 13:38:49.789,Indonesia,Coal Subcritical_IDSA
R1,P22129,2040,66.34675821508849,2026-05-13 13:38:49.789,Indonesia,Gas Combined Cycle_IDEast
R1,P22147,2040,18.90333241701818,2026-05-13 13:38:49.789,Indonesia,Gas Combined Cycle_IDKA
R1,P22165,2040,178.94279190768486,2026-05-13 13:38:49.789,Indonesia,Gas Combined Cycle_IDSA
R1,P22183,2040,410.22351214448486,2026-05-13 13:38:49.789,Indonesia,Gas Combined Cycle_IDJW
R1,P22269,2040,24.49135608136788,2026-05-13 13:38:49.789,Indonesia,Gas Engine_IDEast
R1,P22286,2040,4.707607849549697,2026-05-13 13:38:49.789,Indonesia,Gas Engine_IDKA
R1,P22303,2040,42.13818387121212,2026-05-13 13:38:49.789,Indonesia,Gas Engine_IDSA
R1,P22320,2040,3.4708251699254546,2026-05-13 13:38:49.789,Indonesia,Gas Engine_IDJW
R17,P22337,2040,2.1900649999999997,2026-05-13 13:38:49.789,Malaysia,Diesel_MYPE
R17,P22388,2040,8.02854,2026-05-13 13:38:49.789,Malaysia,Biomass Other_MYSB
R11,P2713,2040,153.94071,2026-05-13 13:38:49.789,Thailand,Wind Onshore
R13,P2713,2040,54.38400000000001,2026-05-13 13:38:49.789,Laos,Wind Onshore
R14,P2713,2040,1566.939,2026-05-13 13:38:49.789,Vietnam,Wind Onshore
R19,P2713,2040,339.39354900000006,2026-05-13 13:38:49.789,Philippines,Wind Onshore
R6,P2713,2040,116.17782000000001,2026-05-13 13:38:49.789,Cambodia,Wind Onshore
R11,P2720,2040,181.13000000000002,2026-05-13 13:38:49.789,Thailand,Coal Subcritical
R12,P2720,2040,5.605,2026-05-13 13:38:49.789,Myanmar,Coal Subcritical
R13,P2720,2040,126.20100000000001,2026-05-13 13:38:49.789,Laos,Coal Subcritical
R14,P2720,2040,843.9655,2026-05-13 13:38:49.789,Vietnam,Coal Subcritical
R19,P2720,2040,323.84321199999994,2026-05-13 13:38:49.789,Philippines,Coal Subcritical
R6,P2720,2040,38.35,2026-05-13 13:38:49.789,Cambodia,Coal Subcritical
R11,P2724,2040,259.321775,2026-05-13 13:38:49.789,Thailand,Large Hydro
R12,P2724,2040,140.29869300000001,2026-05-13 13:38:49.789,Myanmar,Large Hydro
R13,P2724,2040,582.8156480000001,2026-05-13 13:38:49.789,Laos,Large Hydro
R14,P2724,2040,970.3161000000001,2026-05-13 13:38:49.789,Vietnam,Large Hydro
R19,P2724,2040,133.11013690000001,2026-05-13 13:38:49.789,Philippines,Large Hydro
R6,P2724,2040,111.53164348,2026-05-13 13:38:49.789,Cambodia,Large Hydro
R11,P2731,2040,1396.85625,2026-05-13 13:38:49.789,Thailand,Biomass Gasification
R12,P2776,2040,1.61761405,2026-05-13 13:38:49.789,Myanmar,Diesel
R14,P2776,2040,1.5975749999999977,2026-05-13 13:38:49.789,Vietnam,Diesel
R20,P2776,2040,2.528375,2026-05-13 13:38:49.789,Timor Leste,Diesel
R12,P2808,2040,24.52064,2026-05-13 13:38:49.789,Myanmar,Gas Turbine
R15,P2808,2040,14.593574,2026-05-13 13:38:49.789,Brunei,Gas Turbine
R11,P2824,2040,11.704,2026-05-13 13:38:49.789,Thailand,Small Hydro
R12,P2824,2040,1.7169920000000003,2026-05-13 13:38:49.789,Myanmar,Small Hydro
R14,P2824,2040,256.9180000000001,2026-05-13 13:38:49.789,Vietnam,Small Hydro
R19,P2824,2040,102.8698,2026-05-13 13:38:49.789,Philippines,Small Hydro
R6,P2824,2040,7.6000000000000005,2026-05-13 13:38:49.789,Cambodia,Small Hydro
R11,P2831,2040,1145.2155,2026-05-13 13:38:49.789,Thailand,Gas Combined Cycle
R12,P2831,2040,35.429578921947666,2026-05-13 13:38:49.789,Myanmar,Gas Combined Cycle
R14,P2831,2040,1137.891,2026-05-13 13:38:49.789,Vietnam,Gas Combined Cycle
R15,P2831,2040,23.69423828582012,2026-05-13 13:38:49.789,Brunei,Gas Combined Cycle
R16,P2831,2040,226.47125809206617,2026-05-13 13:38:49.789,Singapore,Gas Combined Cycle
R19,P2831,2040,234.03025800000003,2026-05-13 13:38:49.789,Philippines,Gas Combined Cycle
R6,P2831,2040,27.075000000000003,2026-05-13 13:38:49.789,Cambodia,Gas Combined Cycle
R11,P2847,2040,133.96725,2026-05-13 13:38:49.789,Thailand,Solar PV
R12,P2847,2040,1.485,2026-05-13 13:38:49.789,Myanmar,Solar PV
R13,P2847,2040,7.533000000000004,2026-05-13 13:38:49.789,Laos,Solar PV
R14,P2847,2040,289.44843750000007,2026-05-13 13:38:49.789,Vietnam,Solar PV
R15,P2847,2040,6.2559,2026-05-13 13:38:49.789,Brunei,Solar PV
R16,P2847,2040,17.125,2026-05-13 13:38:49.789,Singapore,Solar PV
R19,P2847,2040,119.73538800000001,2026-05-13 13:38:49.789,Philippines,Solar PV
R20,P2847,2040,0.0135,2026-05-13 13:38:49.789,Timor Leste,Solar PV
R6,P2847,2040,66.08250000000001,2026-05-13 13:38:49.789,Cambodia,Solar PV
R17,P2851,2040,0.498,2026-05-13 13:38:49.789,Malaysia,Geothermal Flash
R19,P2851,2040,41.31306740000001,2026-05-13 13:38:49.789,Philippines,Geothermal Flash
R12,P2858,2040,20.453120000000002,2026-05-13 13:38:49.789,Myanmar,Gas Engine
R1,P2890,2040,108.51549899999999,2026-05-13 13:38:49.789,Indonesia,Waste
R11,P2890,2040,219.18,2026-05-13 13:38:49.789,Thailand,Waste
R16,P2890,2040,0.137128,2026-05-13 13:38:49.789,Singapore,Waste
R19,P2890,2040,10.3408,2026-05-13 13:38:49.789,Philippines,Waste
R11,P2907,2040,148.83149999999998,2026-05-13 13:38:49.789,Thailand,Biogas
R17,P2907,2040,14.588340000000002,2026-05-13 13:38:49.789,Malaysia,Biogas
R6,P2907,2040,1.9799820000000001,2026-05-13 13:38:49.789,Cambodia,Biogas
R13,P2956,2040,6.9204,2026-05-13 13:38:49.789,Laos,Biomass Other
R14,P2956,2040,286.8462,2026-05-13 13:38:49.789,Vietnam,Biomass Other
R19,P2956,2040,26.062138799999996,2026-05-13 13:38:49.789,Philippines,Biomass Other
R6,P2956,2040,19.6662,2026-05-13 13:38:49.789,Cambodia,Biomass Other
R1,P3012,2040,437.3772,2026-05-13 13:38:49.789,Indonesia,Coal Supercritical
R11,P3012,2040,1.89,2026-05-13 13:38:49.789,Thailand,Coal Supercritical
R14,P3012,2040,443.33109449999995,2026-05-13 13:38:49.789,Vietnam,Coal Supercritical
R17,P3067,2040,205.71837,2026-05-13 13:38:49.789,Malaysia,Coal Ultrasupercritical
R15,P3122,2040,16.586199999999998,2026-05-13 13:38:49.789,Brunei,Coal IGCC
R11,P4240,2040,18.5300136,2026-05-13 13:38:49.789,Thailand,Solar Floating
R13,P4240,2040,6.0248,2026-05-13 13:38:49.789,Laos,Solar Floating
R16,P4240,2040,0.18135600000000002,2026-05-13 13:38:49.789,Singapore,Solar Floating
R19,P4240,2040,15.6808,2026-05-13 13:38:49.789,Philippines,Solar Floating
R6,P4240,2040,0.30464,2026-05-13 13:38:49.789,Cambodia,Solar Floating
R1,P11937,2045,49.16445000000001,2026-05-13 13:38:49.789,Indonesia,Lithium Ion Batteries
R11,P11937,2045,85.61327183646688,2026-05-13 13:38:49.789,Thailand,Lithium Ion Batteries
R12,P11937,2045,10.923609048301797,2026-05-13 13:38:49.789,Myanmar,Lithium Ion Batteries
R14,P11937,2045,504.2488785000002,2026-05-13 13:38:49.789,Vietnam,Lithium Ion Batteries
R16,P11937,2045,6.974375286370292,2026-05-13 13:38:49.789,Singapore,Lithium Ion Batteries
R19,P11937,2045,105.32670000000002,2026-05-13 13:38:49.789,Philippines,Lithium Ion Batteries
R6,P11937,2045,8.175,2026-05-13 13:38:49.789,Cambodia,Lithium Ion Batteries
R1,P11942,2045,35.2169,2026-05-13 13:38:49.789,Indonesia,Pumped Hydro
R11,P11942,2045,7.532690624500974,2026-05-13 13:38:49.789,Thailand,Pumped Hydro
R12,P11942,2045,2.5561489831486583,2026-05-13 13:38:49.789,Myanmar,Pumped Hydro
R13,P11942,2045,8.3,2026-05-13 13:38:49.789,Laos,Pumped Hydro
R14,P11942,2045,128.9178825,2026-05-13 13:38:49.789,Vietnam,Pumped Hydro
R19,P11942,2045,11.620000000000003,2026-05-13 13:38:49.789,Philippines,Pumped Hydro
R6,P11942,2045,25.937500000000004,2026-05-13 13:38:49.789,Cambodia,Pumped Hydro
R19,P14268,2045,271.188,2026-05-13 13:38:49.789,Philippines,Nuclear LWR
R6,P14424,2045,3.995357782507402,2026-05-13 13:38:49.789,Cambodia,Geothermal ORC
R1,P14428,2045,29.999964800000008,2026-05-13 13:38:49.789,Indonesia,Nuclear SMR
R19,P14428,2045,41.6,2026-05-13 13:38:49.789,Philippines,Nuclear SMR
R1,P14432,2045,4.6000000000000005,2026-05-13 13:38:49.789,Indonesia,Tidal
R14,P14442,2045,3140.25,2026-05-13 13:38:49.789,Vietnam,Wind Offshore
R19,P14442,2045,1264.0,2026-05-13 13:38:49.789,Philippines,Wind Offshore
R16,P14446,2045,24.8,2026-05-13 13:38:49.789,Singapore,Solar CSP
R1,P14937,2045,0.05252182078963598,2026-05-13 13:38:49.789,Indonesia,SMR
R11,P14937,2045,2.4200356744648657,2026-05-13 13:38:49.789,Thailand,SMR
R16,P14937,2045,228.86764493653632,2026-05-13 13:38:49.789,Singapore,SMR
R17,P14937,2045,0.07948835988792628,2026-05-13 13:38:49.789,Malaysia,SMR
R6,P14937,2045,0.003604208902795581,2026-05-13 13:38:49.789,Cambodia,SMR
R1,P15103,2045,6.0941734271791965,2026-05-13 13:38:49.789,Indonesia,PEM Electrolysis
R17,P15103,2045,8.16822847521785,2026-05-13 13:38:49.789,Malaysia,PEM Electrolysis
R6,P15103,2045,3.3435671497981176,2026-05-13 13:38:49.789,Cambodia,PEM Electrolysis
R16,P15321,2045,18.371279714020037,2026-05-13 13:38:49.789,Singapore,Gas Combined Cycle with CCS
R6,P15321,2045,1.149230769230769,2026-05-13 13:38:49.789,Cambodia,Gas Combined Cycle with CCS
R1,P16756,2045,62.319075000000005,2026-05-13 13:38:49.789,Indonesia,Solar PV Rooftop
R14,P16756,2045,524.9767250000001,2026-05-13 13:38:49.789,Vietnam,Solar PV Rooftop
R15,P16756,2045,3.2200000000000006,2026-05-13 13:38:49.789,Brunei,Solar PV Rooftop
R17,P16756,2045,8.134927500000002,2026-05-13 13:38:49.789,Malaysia,Solar PV Rooftop
R19,P16756,2045,1.8444160000000003,2026-05-13 13:38:49.789,Philippines,Solar PV Rooftop
R6,P16756,2045,1.4629326923076924,2026-05-13 13:38:49.789,Cambodia,Solar PV Rooftop
R1,P19896,2045,14.535477272727272,2026-05-13 13:38:49.789,Indonesia,Solar PV_IDJW
R1,P20164,2045,59.228693939393935,2026-05-13 13:38:49.789,Indonesia,Solar PV_IDSA
R1,P20186,2045,30.029183333333332,2026-05-13 13:38:49.789,Indonesia,Solar PV_IDKA
R1,P20208,2045,66.88588181818182,2026-05-13 13:38:49.789,Indonesia,Solar PV_IDEast
R1,P20230,2045,3.160133333333333,2026-05-13 13:38:49.789,Indonesia,Wind Onshore_IDJW
R1,P20296,2045,325.04619999999994,2026-05-13 13:38:49.789,Indonesia,Wind Onshore_IDEast
R17,P21096,2045,286.2326,2026-05-13 13:38:49.789,Malaysia,Coal Subcritical_MYPE
R17,P21163,2045,31.093,2026-05-13 13:38:49.789,Malaysia,Coal Subcritical_MYSR
R17,P21230,2045,453.39227850000003,2026-05-13 13:38:49.789,Malaysia,Gas Combined Cycle_MYPE
R17,P21252,2045,42.57900000000001,2026-05-13 13:38:49.789,Malaysia,Gas Combined Cycle_MYSB
R17,P21274,2045,55.86570285,2026-05-13 13:38:49.789,Malaysia,Gas Combined Cycle_MYSR
R17,P21296,2045,4.401935,2026-05-13 13:38:49.789,Malaysia,Large Hydro_MYSB
R17,P21305,2045,163.98147,2026-05-13 13:38:49.789,Malaysia,Large Hydro_MYSR
R17,P21563,2045,28.242239999999995,2026-05-13 13:38:49.789,Malaysia,Biomass Other_MYPE
R1,P21627,2045,6.462411468116364,2026-05-13 13:38:49.789,Indonesia,Biomass Other_IDJW
R1,P21659,2045,105.03426801053939,2026-05-13 13:38:49.789,Indonesia,Biomass Other_IDSA
R1,P21691,2045,18.067982020199395,2026-05-13 13:38:49.789,Indonesia,Biomass Other_IDKA
R1,P21723,2045,13.80014479083485,2026-05-13 13:38:49.789,Indonesia,Biomass Other_IDEast
R1,P21755,2045,0.1712195067924606,2026-05-13 13:38:49.789,Indonesia,Biogas_IDJW
R1,P21773,2045,4.67239809391115,2026-05-13 13:38:49.789,Indonesia,Biogas_IDKA
R1,P21791,2045,11.222323610147876,2026-05-13 13:38:49.789,Indonesia,Biogas_IDSA
R1,P21809,2045,384.006527268,2026-05-13 13:38:49.789,Indonesia,Coal Subcritical_IDEast
R1,P21872,2045,1487.4835996433637,2026-05-13 13:38:49.789,Indonesia,Coal Subcritical_IDJW
R1,P21935,2045,125.7464899997091,2026-05-13 13:38:49.789,Indonesia,Coal Subcritical_IDKA
R1,P21998,2045,321.08557124445457,2026-05-13 13:38:49.789,Indonesia,Coal Subcritical_IDSA
R1,P22129,2045,66.02708082831424,2026-05-13 13:38:49.789,Indonesia,Gas Combined Cycle_IDEast
R1,P22147,2045,18.81225083185909,2026-05-13 13:38:49.789,Indonesia,Gas Combined Cycle_IDKA
R1,P22165,2045,178.08059508544244,2026-05-13 13:38:49.789,Indonesia,Gas Combined Cycle_IDSA
R1,P22183,2045,408.24693960524246,2026-05-13 13:38:49.789,Indonesia,Gas Combined Cycle_IDJW
R1,P22269,2045,24.39694067627394,2026-05-13 13:38:49.789,Indonesia,Gas Engine_IDEast
R1,P22286,2045,4.689459785364849,2026-05-13 13:38:49.789,Indonesia,Gas Engine_IDKA
R1,P22303,2045,41.97573906060606,2026-05-13 13:38:49.789,Indonesia,Gas Engine_IDSA
R1,P22320,2045,3.4574449649527277,2026-05-13 13:38:49.789,Indonesia,Gas Engine_IDJW
R17,P22337,2045,2.1717125,2026-05-13 13:38:49.789,Malaysia,Diesel_MYPE
R17,P22388,2045,8.02854,2026-05-13 13:38:49.789,Malaysia,Biomass Other_MYSB
R11,P2713,2045,153.94071,2026-05-13 13:38:49.789,Thailand,Wind Onshore
R13,P2713,2045,54.38400000000001,2026-05-13 13:38:49.789,Laos,Wind Onshore
R14,P2713,2045,2115.8775,2026-05-13 13:38:49.789,Vietnam,Wind Onshore
R19,P2713,2045,432.86604900000003,2026-05-13 13:38:49.789,Philippines,Wind Onshore
R6,P2713,2045,113.83251000000001,2026-05-13 13:38:49.789,Cambodia,Wind Onshore
R11,P2720,2045,181.13000000000002,2026-05-13 13:38:49.789,Thailand,Coal Subcritical
R12,P2720,2045,5.605,2026-05-13 13:38:49.789,Myanmar,Coal Subcritical
R13,P2720,2045,126.20100000000001,2026-05-13 13:38:49.789,Laos,Coal Subcritical
R14,P2720,2045,843.9655,2026-05-13 13:38:49.789,Vietnam,Coal Subcritical
R19,P2720,2045,323.84321199999994,2026-05-13 13:38:49.789,Philippines,Coal Subcritical
R6,P2720,2045,38.35,2026-05-13 13:38:49.789,Cambodia,Coal Subcritical
R11,P2724,2045,255.2114875,2026-05-13 13:38:49.789,Thailand,Large Hydro
R12,P2724,2045,138.0749385,2026-05-13 13:38:49.789,Myanmar,Large Hydro
R13,P2724,2045,573.577936,2026-05-13 13:38:49.789,Laos,Large Hydro
R14,P2724,2045,954.93645,2026-05-13 13:38:49.789,Vietnam,Large Hydro
R19,P2724,2045,131.00032205,2026-05-13 13:38:49.789,Philippines,Large Hydro
R6,P2724,2045,109.76385085999999,2026-05-13 13:38:49.789,Cambodia,Large Hydro
R11,P2731,2045,1396.85625,2026-05-13 13:38:49.789,Thailand,Biomass Gasification
R12,P2776,2045,1.6040586250000002,2026-05-13 13:38:49.789,Myanmar,Diesel
R14,P2776,2045,1.5841874999999979,2026-05-13 13:38:49.789,Vietnam,Diesel
R20,P2776,2045,2.5071875,2026-05-13 13:38:49.789,Timor Leste,Diesel
R12,P2808,2045,24.52064,2026-05-13 13:38:49.789,Myanmar,Gas Turbine
R15,P2808,2045,14.593574,2026-05-13 13:38:49.789,Brunei,Gas Turbine
R11,P2824,2045,23.856399999999997,2026-05-13 13:38:49.789,Thailand,Small Hydro
R12,P2824,2045,1.7169920000000003,2026-05-13 13:38:49.789,Myanmar,Small Hydro
R14,P2824,2045,260.14800000000014,2026-05-13 13:38:49.789,Vietnam,Small Hydro
R19,P2824,2045,145.6198,2026-05-13 13:38:49.789,Philippines,Small Hydro
R6,P2824,2045,7.6000000000000005,2026-05-13 13:38:49.789,Cambodia,Small Hydro
R11,P2831,2045,1589.5183669892633,2026-05-13 13:38:49.789,Thailand,Gas Combined Cycle
R12,P2831,2045,68.20457892194783,2026-05-13 13:38:49.789,Myanmar,Gas Combined Cycle
R14,P2831,2045,1137.891,2026-05-13 13:38:49.789,Vietnam,Gas Combined Cycle
R15,P2831,2045,23.69423828582012,2026-05-13 13:38:49.789,Brunei,Gas Combined Cycle
R16,P2831,2045,284.75811136989387,2026-05-13 13:38:49.789,Singapore,Gas Combined Cycle
R19,P2831,2045,391.749258,2026-05-13 13:38:49.789,Philippines,Gas Combined Cycle
R6,P2831,2045,27.075000000000003,2026-05-13 13:38:49.789,Cambodia,Gas Combined Cycle
R11,P2847,2045,133.96725,2026-05-13 13:38:49.789,Thailand,Solar PV
R12,P2847,2045,1.485,2026-05-13 13:38:49.789,Myanmar,Solar PV
R13,P2847,2045,7.533000000000004,2026-05-13 13:38:49.789,Laos,Solar PV
R14,P2847,2045,381.60382500000003,2026-05-13 13:38:49.789,Vietnam,Solar PV
R15,P2847,2045,6.5259,2026-05-13 13:38:49.789,Brunei,Solar PV
R16,P2847,2045,6.75,2026-05-13 13:38:49.789,Singapore,Solar PV
R19,P2847,2045,170.360388,2026-05-13 13:38:49.789,Philippines,Solar PV
R20,P2847,2045,0.0135,2026-05-13 13:38:49.789,Timor Leste,Solar PV
R6,P2847,2045,64.57050000000001,2026-05-13 13:38:49.789,Cambodia,Solar PV
R17,P2851,2045,0.486,2026-05-13 13:38:49.789,Malaysia,Geothermal Flash
R19,P2851,2045,45.9875718,2026-05-13 13:38:49.789,Philippines,Geothermal Flash
R12,P2858,2045,20.453120000000002,2026-05-13 13:38:49.789,Myanmar,Gas Engine
R1,P2890,2045,104.452898,2026-05-13 13:38:49.789,Indonesia,Waste
R11,P2890,2045,219.18,2026-05-13 13:38:49.789,Thailand,Waste
R16,P2890,2045,0.137128,2026-05-13 13:38:49.789,Singapore,Waste
R19,P2890,2045,10.3408,2026-05-13 13:38:49.789,Philippines,Waste
R11,P2907,2045,143.667,2026-05-13 13:38:49.789,Thailand,Biogas
R17,P2907,2045,14.082120000000003,2026-05-13 13:38:49.789,Malaysia,Biogas
R6,P2907,2045,1.9112760000000002,2026-05-13 13:38:49.789,Cambodia,Biogas
R13,P2956,2045,6.9204,2026-05-13 13:38:49.789,Laos,Biomass Other
R14,P2956,2045,286.8462,2026-05-13 13:38:49.789,Vietnam,Biomass Other
R19,P2956,2045,26.062138799999996,2026-05-13 13:38:49.789,Philippines,Biomass Other
R6,P2956,2045,19.6662,2026-05-13 13:38:49.789,Cambodia,Biomass Other
R1,P3012,2045,433.72020000000003,2026-05-13 13:38:49.789,Indonesia,Coal Supercritical
R11,P3012,2045,1.89,2026-05-13 13:38:49.789,Thailand,Coal Supercritical
R14,P3012,2045,784.8540945,2026-05-13 13:38:49.789,Vietnam,Coal Supercritical
R17,P3067,2045,205.71837,2026-05-13 13:38:49.789,Malaysia,Coal Ultrasupercritical
R15,P3122,2045,16.4592,2026-05-13 13:38:49.789,Brunei,Coal IGCC
R11,P4240,2045,17.576262899999996,2026-05-13 13:38:49.789,Thailand,Solar Floating
R13,P4240,2045,5.7147,2026-05-13 13:38:49.789,Laos,Solar Floating
R19,P4240,2045,25.799999999999997,2026-05-13 13:38:49.789,Philippines,Solar Floating
R1,P11937,2050,44.503600000000006,2026-05-13 13:38:49.789,Indonesia,Lithium Ion Batteries
R11,P11937,2050,97.58511479323882,2026-05-13 13:38:49.789,Thailand,Lithium Ion Batteries
R12,P11937,2050,10.353991926419956,2026-05-13 13:38:49.789,Myanmar,Lithium Ion Batteries
R14,P11937,2050,711.2877780000005,2026-05-13 13:38:49.789,Vietnam,Lithium Ion Batteries
R16,P11937,2050,2.9167919791035235,2026-05-13 13:38:49.789,Singapore,Lithium Ion Batteries
R19,P11937,2050,169.80040000000002,2026-05-13 13:38:49.789,Philippines,Lithium Ion Batteries
R6,P11937,2050,7.4,2026-05-13 13:38:49.789,Cambodia,Lithium Ion Batteries
R1,P11942,2050,35.2169,2026-05-13 13:38:49.789,Indonesia,Pumped Hydro
R11,P11942,2050,7.532690624500974,2026-05-13 13:38:49.789,Thailand,Pumped Hydro
R12,P11942,2050,2.5561489831486583,2026-05-13 13:38:49.789,Myanmar,Pumped Hydro
R13,P11942,2050,8.3,2026-05-13 13:38:49.789,Laos,Pumped Hydro
R14,P11942,2050,177.01389249999994,2026-05-13 13:38:49.789,Vietnam,Pumped Hydro
R19,P11942,2050,11.620000000000003,2026-05-13 13:38:49.789,Philippines,Pumped Hydro
R6,P11942,2050,25.937500000000004,2026-05-13 13:38:49.789,Cambodia,Pumped Hydro
R19,P14268,2050,325.42560000000003,2026-05-13 13:38:49.789,Philippines,Nuclear LWR
R6,P14424,2050,3.9065720540072375,2026-05-13 13:38:49.789,Cambodia,Geothermal ORC
R1,P14428,2050,19.61533440000001,2026-05-13 13:38:49.789,Indonesia,Nuclear SMR
R19,P14428,2050,48.96,2026-05-13 13:38:49.789,Philippines,Nuclear SMR
R1,P14432,2050,4.6000000000000005,2026-05-13 13:38:49.789,Indonesia,Tidal
R14,P14442,2050,3614.25,2026-05-13 13:38:49.789,Vietnam,Wind Offshore
R19,P14442,2050,1978.95,2026-05-13 13:38:49.789,Philippines,Wind Offshore
R16,P14446,2050,24.8,2026-05-13 13:38:49.789,Singapore,Solar CSP
R11,P14937,2050,2.8425815891391863,2026-05-13 13:38:49.789,Thailand,SMR
R16,P14937,2050,0.032397238179223076,2026-05-13 13:38:49.789,Singapore,SMR
R6,P14937,2050,4.101497398044582,2026-05-13 13:38:49.789,Cambodia,SMR
R1,P15103,2050,7.828872835560421,2026-05-13 13:38:49.789,Indonesia,PEM Electrolysis
R17,P15103,2050,10.266669759250927,2026-05-13 13:38:49.789,Malaysia,PEM Electrolysis
R6,P15103,2050,2.5885681159727367,2026-05-13 13:38:49.789,Cambodia,PEM Electrolysis
R16,P15321,2050,18.34668630074826,2026-05-13 13:38:49.789,Singapore,Gas Combined Cycle with CCS
R6,P15321,2050,1.1476923076923076,2026-05-13 13:38:49.789,Cambodia,Gas Combined Cycle with CCS
R1,P16756,2050,60.3837,2026-05-13 13:38:49.789,Indonesia,Solar PV Rooftop
R14,P16756,2050,725.8017,2026-05-13 13:38:49.789,Vietnam,Solar PV Rooftop
R15,P16756,2050,3.9,2026-05-13 13:38:49.789,Brunei,Solar PV Rooftop
R17,P16756,2050,7.88229,2026-05-13 13:38:49.789,Malaysia,Solar PV Rooftop
R19,P16756,2050,2.1381360000000003,2026-05-13 13:38:49.789,Philippines,Solar PV Rooftop
R6,P16756,2050,1.755,2026-05-13 13:38:49.789,Cambodia,Solar PV Rooftop
R1,P19896,2050,14.127749999999999,2026-05-13 13:38:49.789,Indonesia,Solar PV_IDJW
R1,P20164,2050,57.567299999999996,2026-05-13 13:38:49.789,Indonesia,Solar PV_IDSA
R1,P20186,2050,29.18685,2026-05-13 13:38:49.789,Indonesia,Solar PV_IDKA
R1,P20208,2050,65.0097,2026-05-13 13:38:49.789,Indonesia,Solar PV_IDEast
R1,P20230,2050,3.0448,2026-05-13 13:38:49.789,Indonesia,Wind Onshore_IDJW
R1,P20296,2050,313.18319999999994,2026-05-13 13:38:49.789,Indonesia,Wind Onshore_IDEast
R17,P21096,2050,286.2326,2026-05-13 13:38:49.789,Malaysia,Coal Subcritical_MYPE
R17,P21163,2050,31.093,2026-05-13 13:38:49.789,Malaysia,Coal Subcritical_MYSR
R17,P21230,2050,453.39227850000003,2026-05-13 13:38:49.789,Malaysia,Gas Combined Cycle_MYPE
R17,P21252,2050,42.57900000000001,2026-05-13 13:38:49.789,Malaysia,Gas Combined Cycle_MYSB
R17,P21274,2050,55.86570285,2026-05-13 13:38:49.789,Malaysia,Gas Combined Cycle_MYSR
R17,P21296,2050,4.331040000000001,2026-05-13 13:38:49.789,Malaysia,Large Hydro_MYSB
R17,P21305,2050,161.34048,2026-05-13 13:38:49.789,Malaysia,Large Hydro_MYSR
R17,P21563,2050,28.242239999999995,2026-05-13 13:38:49.789,Malaysia,Biomass Other_MYPE
R1,P21627,2050,6.29029286088,2026-05-13 13:38:49.789,Indonesia,Biomass Other_IDJW
R1,P21659,2050,102.2368057921,2026-05-13 13:38:49.789,Indonesia,Biomass Other_IDSA
R1,P21691,2050,17.58676290931,2026-05-13 13:38:49.789,Indonesia,Biomass Other_IDKA
R1,P21723,2050,13.432594424725002,2026-05-13 13:38:49.789,Indonesia,Biomass Other_IDEast
R1,P21755,2050,0.1674274144624,2026-05-13 13:38:49.789,Indonesia,Biogas_IDJW
R1,P21773,2050,4.568915930536,2026-05-13 13:38:49.789,Indonesia,Biogas_IDKA
R1,P21791,2050,10.97377665376,2026-05-13 13:38:49.789,Indonesia,Biogas_IDSA
R1,P21809,2050,382.21084558800004,2026-05-13 13:38:49.789,Indonesia,Coal Subcritical_IDEast
R1,P21872,2050,1480.5278661870002,2026-05-13 13:38:49.789,Indonesia,Coal Subcritical_IDJW
R1,P21935,2050,125.15847742080001,2026-05-13 13:38:49.789,Indonesia,Coal Subcritical_IDKA
R1,P21998,2050,319.5841189590001,2026-05-13 13:38:49.789,Indonesia,Coal Subcritical_IDSA
R1,P22129,2050,65.70740344154001,2026-05-13 13:38:49.789,Indonesia,Gas Combined Cycle_IDEast
R1,P22147,2050,18.7211692467,2026-05-13 13:38:49.789,Indonesia,Gas Combined Cycle_IDKA
R1,P22165,2050,177.21839826320002,2026-05-13 13:38:49.789,Indonesia,Gas Combined Cycle_IDSA
R1,P22183,2050,406.270367066,2026-05-13 13:38:49.789,Indonesia,Gas Combined Cycle_IDJW
R1,P22269,2050,24.30252527118,2026-05-13 13:38:49.789,Indonesia,Gas Engine_IDEast
R1,P22286,2050,4.67131172118,2026-05-13 13:38:49.789,Indonesia,Gas Engine_IDKA
R1,P22303,2050,41.81329425,2026-05-13 13:38:49.789,Indonesia,Gas Engine_IDSA
R1,P22320,2050,3.4440647599800003,2026-05-13 13:38:49.789,Indonesia,Gas Engine_IDJW
R17,P22337,2050,2.15336,2026-05-13 13:38:49.789,Malaysia,Diesel_MYPE
R17,P22388,2050,8.02854,2026-05-13 13:38:49.789,Malaysia,Biomass Other_MYSB
R11,P2713,2050,153.94071,2026-05-13 13:38:49.789,Thailand,Wind Onshore
R13,P2713,2050,54.38400000000001,2026-05-13 13:38:49.789,Laos,Wind Onshore
R14,P2713,2050,2618.9295,2026-05-13 13:38:49.789,Vietnam,Wind Onshore
R19,P2713,2050,507.64404900000005,2026-05-13 13:38:49.789,Philippines,Wind Onshore
R6,P2713,2050,113.83251000000001,2026-05-13 13:38:49.789,Cambodia,Wind Onshore
R11,P2720,2050,181.13000000000002,2026-05-13 13:38:49.789,Thailand,Coal Subcritical
R12,P2720,2050,5.605,2026-05-13 13:38:49.789,Myanmar,Coal Subcritical
R13,P2720,2050,126.20100000000001,2026-05-13 13:38:49.789,Laos,Coal Subcritical
R14,P2720,2050,843.9655,2026-05-13 13:38:49.789,Vietnam,Coal Subcritical
R19,P2720,2050,323.84321199999994,2026-05-13 13:38:49.789,Philippines,Coal Subcritical
R6,P2720,2050,38.35,2026-05-13 13:38:49.789,Cambodia,Coal Subcritical
R11,P2724,2050,251.1012,2026-05-13 13:38:49.789,Thailand,Large Hydro
R12,P2724,2050,135.85118400000002,2026-05-13 13:38:49.789,Myanmar,Large Hydro
R13,P2724,2050,564.340224,2026-05-13 13:38:49.789,Laos,Large Hydro
R14,P2724,2050,939.5568000000001,2026-05-13 13:38:49.789,Vietnam,Large Hydro
R19,P2724,2050,128.8905072,2026-05-13 13:38:49.789,Philippines,Large Hydro
R6,P2724,2050,107.99605824,2026-05-13 13:38:49.789,Cambodia,Large Hydro
R11,P2731,2050,1396.85625,2026-05-13 13:38:49.789,Thailand,Biomass Gasification
R12,P2776,2050,1.5905032000000001,2026-05-13 13:38:49.789,Myanmar,Diesel
R14,P2776,2050,1.5707999999999982,2026-05-13 13:38:49.789,Vietnam,Diesel
R20,P2776,2050,2.4860000000000007,2026-05-13 13:38:49.789,Timor Leste,Diesel
R12,P2808,2050,24.52064,2026-05-13 13:38:49.789,Myanmar,Gas Turbine
R15,P2808,2050,14.593574,2026-05-13 13:38:49.789,Brunei,Gas Turbine
R11,P2824,2050,23.856399999999997,2026-05-13 13:38:49.789,Thailand,Small Hydro
R12,P2824,2050,1.7169920000000003,2026-05-13 13:38:49.789,Myanmar,Small Hydro
R14,P2824,2050,297.80600000000015,2026-05-13 13:38:49.789,Vietnam,Small Hydro
R19,P2824,2050,176.0198,2026-05-13 13:38:49.789,Philippines,Small Hydro
R6,P2824,2050,7.6000000000000005,2026-05-13 13:38:49.789,Cambodia,Small Hydro
R11,P2831,2050,2048.884782574403,2026-05-13 13:38:49.789,Thailand,Gas Combined Cycle
R12,P2831,2050,100.97957892194779,2026-05-13 13:38:49.789,Myanmar,Gas Combined Cycle
R14,P2831,2050,1137.891,2026-05-13 13:38:49.789,Vietnam,Gas Combined Cycle
R15,P2831,2050,23.69423828582012,2026-05-13 13:38:49.789,Brunei,Gas Combined Cycle
R16,P2831,2050,308.06660010902453,2026-05-13 13:38:49.789,Singapore,Gas Combined Cycle
R19,P2831,2050,606.354258,2026-05-13 13:38:49.789,Philippines,Gas Combined Cycle
R6,P2831,2050,27.075000000000003,2026-05-13 13:38:49.789,Cambodia,Gas Combined Cycle
R11,P2847,2050,133.96725,2026-05-13 13:38:49.789,Thailand,Solar PV
R12,P2847,2050,1.485,2026-05-13 13:38:49.789,Myanmar,Solar PV
R13,P2847,2050,7.533000000000004,2026-05-13 13:38:49.789,Laos,Solar PV
R14,P2847,2050,501.91143750000003,2026-05-13 13:38:49.789,Vietnam,Solar PV
R15,P2847,2050,6.7959,2026-05-13 13:38:49.789,Brunei,Solar PV
R16,P2847,2050,6.75,2026-05-13 13:38:49.789,Singapore,Solar PV
R19,P2847,2050,200.735388,2026-05-13 13:38:49.789,Philippines,Solar PV
R20,P2847,2050,0.0135,2026-05-13 13:38:49.789,Timor Leste,Solar PV
R6,P2847,2050,64.57050000000001,2026-05-13 13:38:49.789,Cambodia,Solar PV
R17,P2851,2050,0.474,2026-05-13 13:38:49.789,Malaysia,Geothermal Flash
R19,P2851,2050,44.8520762,2026-05-13 13:38:49.789,Philippines,Geothermal Flash
R12,P2858,2050,20.453120000000002,2026-05-13 13:38:49.789,Myanmar,Gas Engine
R1,P2890,2050,100.390297,2026-05-13 13:38:49.789,Indonesia,Waste
R11,P2890,2050,219.18,2026-05-13 13:38:49.789,Thailand,Waste
R16,P2890,2050,0.137128,2026-05-13 13:38:49.789,Singapore,Waste
R19,P2890,2050,10.3408,2026-05-13 13:38:49.789,Philippines,Waste
R11,P2907,2050,138.5025,2026-05-13 13:38:49.789,Thailand,Biogas
R17,P2907,2050,13.575900000000003,2026-05-13 13:38:49.789,Malaysia,Biogas
R6,P2907,2050,1.84257,2026-05-13 13:38:49.789,Cambodia,Biogas
R13,P2956,2050,6.9204,2026-05-13 13:38:49.789,Laos,Biomass Other
R14,P2956,2050,286.8462,2026-05-13 13:38:49.789,Vietnam,Biomass Other
R19,P2956,2050,26.062138799999996,2026-05-13 13:38:49.789,Philippines,Biomass Other
R6,P2956,2050,19.6662,2026-05-13 13:38:49.789,Cambodia,Biomass Other
R1,P3012,2050,430.06320000000005,2026-05-13 13:38:49.789,Indonesia,Coal Supercritical
R11,P3012,2050,1.89,2026-05-13 13:38:49.789,Thailand,Coal Supercritical
R14,P3012,2050,784.8540945,2026-05-13 13:38:49.789,Vietnam,Coal Supercritical
R17,P3067,2050,205.71837,2026-05-13 13:38:49.789,Malaysia,Coal Ultrasupercritical
R15,P3122,2050,16.3322,2026-05-13 13:38:49.789,Brunei,Coal IGCC
R11,P4240,2050,16.6225122,2026-05-13 13:38:49.789,Thailand,Solar Floating
R13,P4240,2050,5.404599999999999,2026-05-13 13:38:49.789,Laos,Solar Floating
R19,P4240,2050,24.4,2026-05-13 13:38:49.789,Philippines,Solar Floating
R1,P11937,2055,44.503600000000006,2026-05-13 13:38:49.789,Indonesia,Lithium Ion Batteries
R11,P11937,2055,109.07823493450395,2026-05-13 13:38:49.789,Thailand,Lithium Ion Batteries
R12,P11937,2055,9.286070258657194,2026-05-13 13:38:49.789,Myanmar,Lithium Ion Batteries
R14,P11937,2055,711.2877780000005,2026-05-13 13:38:49.789,Vietnam,Lithium Ion Batteries
R16,P11937,2055,7.420254422133292,2026-05-13 13:38:49.789,Singapore,Lithium Ion Batteries
R19,P11937,2055,169.80040000000002,2026-05-13 13:38:49.789,Philippines,Lithium Ion Batteries
R6,P11937,2055,7.4,2026-05-13 13:38:49.789,Cambodia,Lithium Ion Batteries
R1,P11942,2055,35.2169,2026-05-13 13:38:49.789,Indonesia,Pumped Hydro
R11,P11942,2055,7.532690624500974,2026-05-13 13:38:49.789,Thailand,Pumped Hydro
R12,P11942,2055,2.5561489831486583,2026-05-13 13:38:49.789,Myanmar,Pumped Hydro
R13,P11942,2055,8.3,2026-05-13 13:38:49.789,Laos,Pumped Hydro
R14,P11942,2055,177.01389249999994,2026-05-13 13:38:49.789,Vietnam,Pumped Hydro
R19,P11942,2055,11.620000000000003,2026-05-13 13:38:49.789,Philippines,Pumped Hydro
R6,P11942,2055,25.937500000000004,2026-05-13 13:38:49.789,Cambodia,Pumped Hydro
R19,P14268,2055,325.42560000000003,2026-05-13 13:38:49.789,Philippines,Nuclear LWR
R1,P14428,2055,9.807626400000014,2026-05-13 13:38:49.789,Indonesia,Nuclear SMR
R19,P14428,2055,48.96,2026-05-13 13:38:49.789,Philippines,Nuclear SMR
R1,P14432,2055,4.6000000000000005,2026-05-13 13:38:49.789,Indonesia,Tidal
R14,P14442,2055,3614.25,2026-05-13 13:38:49.789,Vietnam,Wind Offshore
R19,P14442,2055,1978.95,2026-05-13 13:38:49.789,Philippines,Wind Offshore
R11,P14937,2055,3.336456855707574,2026-05-13 13:38:49.789,Thailand,SMR
R16,P14937,2055,0.042216160792497695,2026-05-13 13:38:49.789,Singapore,SMR
R6,P14937,2055,15.138084041254057,2026-05-13 13:38:49.789,Cambodia,SMR
R1,P15103,2055,11.741439301995236,2026-05-13 13:38:49.789,Indonesia,PEM Electrolysis
R17,P15103,2055,14.02030884964278,2026-05-13 13:38:49.789,Malaysia,PEM Electrolysis
R6,P15103,2055,2.496809100861709,2026-05-13 13:38:49.789,Cambodia,PEM Electrolysis
R16,P15321,2055,12.608224762286719,2026-05-13 13:38:49.789,Singapore,Gas Combined Cycle with CCS
R1,P16756,2055,60.3837,2026-05-13 13:38:49.789,Indonesia,Solar PV Rooftop
R14,P16756,2055,725.8017,2026-05-13 13:38:49.789,Vietnam,Solar PV Rooftop
R15,P16756,2055,3.9,2026-05-13 13:38:49.789,Brunei,Solar PV Rooftop
R17,P16756,2055,7.88229,2026-05-13 13:38:49.789,Malaysia,Solar PV Rooftop
R19,P16756,2055,2.1381360000000003,2026-05-13 13:38:49.789,Philippines,Solar PV Rooftop
R6,P16756,2055,1.755,2026-05-13 13:38:49.789,Cambodia,Solar PV Rooftop
R1,P19896,2055,13.118625,2026-05-13 13:38:49.789,Indonesia,Solar PV_IDJW
R1,P20164,2055,53.455349999999996,2026-05-13 13:38:49.789,Indonesia,Solar PV_IDSA
R1,P20186,2055,27.102075,2026-05-13 13:38:49.789,Indonesia,Solar PV_IDKA
R1,P20208,2055,60.36615,2026-05-13 13:38:49.789,Indonesia,Solar PV_IDEast
R1,P20230,2055,3.0101999999999998,2026-05-13 13:38:49.789,Indonesia,Wind Onshore_IDJW
R1,P20296,2055,309.62429999999995,2026-05-13 13:38:49.789,Indonesia,Wind Onshore_IDEast
R17,P21096,2055,286.2326,2026-05-13 13:38:49.789,Malaysia,Coal Subcritical_MYPE
R17,P21163,2055,31.093,2026-05-13 13:38:49.789,Malaysia,Coal Subcritical_MYSR
R17,P21230,2055,453.39227850000003,2026-05-13 13:38:49.789,Malaysia,Gas Combined Cycle_MYPE
R17,P21252,2055,42.57900000000001,2026-05-13 13:38:49.789,Malaysia,Gas Combined Cycle_MYSB
R17,P21274,2055,55.86570285,2026-05-13 13:38:49.789,Malaysia,Gas Combined Cycle_MYSR
R17,P21296,2055,4.331040000000001,2026-05-13 13:38:49.789,Malaysia,Large Hydro_MYSB
R17,P21305,2055,161.34048,2026-05-13 13:38:49.789,Malaysia,Large Hydro_MYSR
R17,P21563,2055,28.242239999999995,2026-05-13 13:38:49.789,Malaysia,Biomass Other_MYPE
R1,P21627,2055,6.19704054084,2026-05-13 13:38:49.789,Indonesia,Biomass Other_IDJW
R1,P21659,2055,100.72116581404998,2026-05-13 13:38:49.789,Indonesia,Biomass Other_IDSA
R1,P21691,2055,17.326042704455,2026-05-13 13:38:49.789,Indonesia,Biomass Other_IDKA
R1,P21723,2055,13.2334589278625,2026-05-13 13:38:49.789,Indonesia,Biomass Other_IDEast
R1,P21755,2055,0.16570135864320001,2026-05-13 13:38:49.789,Indonesia,Biogas_IDJW
R1,P21773,2055,4.521813704447999,2026-05-13 13:38:49.789,Indonesia,Biogas_IDKA
R1,P21791,2055,10.86064493568,2026-05-13 13:38:49.789,Indonesia,Biogas_IDSA
R1,P21809,2055,382.21084558800004,2026-05-13 13:38:49.789,Indonesia,Coal Subcritical_IDEast
R1,P21872,2055,1480.5278661870002,2026-05-13 13:38:49.789,Indonesia,Coal Subcritical_IDJW
R1,P21935,2055,125.15847742080001,2026-05-13 13:38:49.789,Indonesia,Coal Subcritical_IDKA
R1,P21998,2055,319.5841189590001,2026-05-13 13:38:49.789,Indonesia,Coal Subcritical_IDSA
R1,P22129,2055,65.70740344154001,2026-05-13 13:38:49.789,Indonesia,Gas Combined Cycle_IDEast
R1,P22147,2055,18.7211692467,2026-05-13 13:38:49.789,Indonesia,Gas Combined Cycle_IDKA
R1,P22165,2055,177.21839826320002,2026-05-13 13:38:49.789,Indonesia,Gas Combined Cycle_IDSA
R1,P22183,2055,406.270367066,2026-05-13 13:38:49.789,Indonesia,Gas Combined Cycle_IDJW
R1,P22269,2055,24.30252527118,2026-05-13 13:38:49.789,Indonesia,Gas Engine_IDEast
R1,P22286,2055,4.67131172118,2026-05-13 13:38:49.789,Indonesia,Gas Engine_IDKA
R1,P22303,2055,41.81329425,2026-05-13 13:38:49.789,Indonesia,Gas Engine_IDSA
R1,P22320,2055,3.4440647599800003,2026-05-13 13:38:49.789,Indonesia,Gas Engine_IDJW
R17,P22337,2055,2.15336,2026-05-13 13:38:49.789,Malaysia,Diesel_MYPE
R17,P22388,2055,8.02854,2026-05-13 13:38:49.789,Malaysia,Biomass Other_MYSB
R11,P2713,2055,153.94071,2026-05-13 13:38:49.789,Thailand,Wind Onshore
R13,P2713,2055,54.38400000000001,2026-05-13 13:38:49.789,Laos,Wind Onshore
R14,P2713,2055,2618.9295,2026-05-13 13:38:49.789,Vietnam,Wind Onshore
R19,P2713,2055,507.64404900000005,2026-05-13 13:38:49.789,Philippines,Wind Onshore
R6,P2713,2055,113.83251000000001,2026-05-13 13:38:49.789,Cambodia,Wind Onshore
R11,P2720,2055,181.13000000000002,2026-05-13 13:38:49.789,Thailand,Coal Subcritical
R12,P2720,2055,5.605,2026-05-13 13:38:49.789,Myanmar,Coal Subcritical
R13,P2720,2055,126.20100000000001,2026-05-13 13:38:49.789,Laos,Coal Subcritical
R14,P2720,2055,843.9655,2026-05-13 13:38:49.789,Vietnam,Coal Subcritical
R19,P2720,2055,323.84321199999994,2026-05-13 13:38:49.789,Philippines,Coal Subcritical
R6,P2720,2055,38.35,2026-05-13 13:38:49.789,Cambodia,Coal Subcritical
R11,P2724,2055,251.1012,2026-05-13 13:38:49.789,Thailand,Large Hydro
R12,P2724,2055,135.85118400000002,2026-05-13 13:38:49.789,Myanmar,Large Hydro
R13,P2724,2055,564.340224,2026-05-13 13:38:49.789,Laos,Large Hydro
R14,P2724,2055,939.5568000000001,2026-05-13 13:38:49.789,Vietnam,Large Hydro
R19,P2724,2055,128.8905072,2026-05-13 13:38:49.789,Philippines,Large Hydro
R6,P2724,2055,107.99605824,2026-05-13 13:38:49.789,Cambodia,Large Hydro
R11,P2731,2055,1396.85625,2026-05-13 13:38:49.789,Thailand,Biomass Gasification
R12,P2776,2055,1.5905032000000001,2026-05-13 13:38:49.789,Myanmar,Diesel
R14,P2776,2055,1.5707999999999982,2026-05-13 13:38:49.789,Vietnam,Diesel
R20,P2776,2055,2.4860000000000007,2026-05-13 13:38:49.789,Timor Leste,Diesel
R12,P2808,2055,24.52064,2026-05-13 13:38:49.789,Myanmar,Gas Turbine
R15,P2808,2055,14.593574,2026-05-13 13:38:49.789,Brunei,Gas Turbine
R11,P2824,2055,23.856399999999997,2026-05-13 13:38:49.789,Thailand,Small Hydro
R12,P2824,2055,1.7169920000000003,2026-05-13 13:38:49.789,Myanmar,Small Hydro
R14,P2824,2055,297.80600000000015,2026-05-13 13:38:49.789,Vietnam,Small Hydro
R19,P2824,2055,176.0198,2026-05-13 13:38:49.789,Philippines,Small Hydro
R11,P2831,2055,2450.9061057441863,2026-05-13 13:38:49.789,Thailand,Gas Combined Cycle
R12,P2831,2055,133.75457892194734,2026-05-13 13:38:49.789,Myanmar,Gas Combined Cycle
R14,P2831,2055,1137.891,2026-05-13 13:38:49.789,Vietnam,Gas Combined Cycle
R15,P2831,2055,21.3180057,2026-05-13 13:38:49.789,Brunei,Gas Combined Cycle
R16,P2831,2055,344.3950248042345,2026-05-13 13:38:49.789,Singapore,Gas Combined Cycle
R19,P2831,2055,606.354258,2026-05-13 13:38:49.789,Philippines,Gas Combined Cycle
R6,P2831,2055,22.8,2026-05-13 13:38:49.789,Cambodia,Gas Combined Cycle
R11,P2847,2055,133.96725,2026-05-13 13:38:49.789,Thailand,Solar PV
R12,P2847,2055,1.485,2026-05-13 13:38:49.789,Myanmar,Solar PV
R13,P2847,2055,7.533000000000004,2026-05-13 13:38:49.789,Laos,Solar PV
R14,P2847,2055,501.91143750000003,2026-05-13 13:38:49.789,Vietnam,Solar PV
R15,P2847,2055,6.7959,2026-05-13 13:38:49.789,Brunei,Solar PV
R16,P2847,2055,6.75,2026-05-13 13:38:49.789,Singapore,Solar PV
R19,P2847,2055,200.735388,2026-05-13 13:38:49.789,Philippines,Solar PV
R20,P2847,2055,0.0135,2026-05-13 13:38:49.789,Timor Leste,Solar PV
R6,P2847,2055,64.57050000000001,2026-05-13 13:38:49.789,Cambodia,Solar PV
R17,P2851,2055,0.474,2026-05-13 13:38:49.789,Malaysia,Geothermal Flash
R19,P2851,2055,44.8520762,2026-05-13 13:38:49.789,Philippines,Geothermal Flash
R12,P2858,2055,20.453120000000002,2026-05-13 13:38:49.789,Myanmar,Gas Engine
R1,P2890,2055,100.390297,2026-05-13 13:38:49.789,Indonesia,Waste
R11,P2890,2055,219.18,2026-05-13 13:38:49.789,Thailand,Waste
R16,P2890,2055,0.137128,2026-05-13 13:38:49.789,Singapore,Waste
R19,P2890,2055,10.3408,2026-05-13 13:38:49.789,Philippines,Waste
R11,P2907,2055,138.5025,2026-05-13 13:38:49.789,Thailand,Biogas
R17,P2907,2055,13.575900000000003,2026-05-13 13:38:49.789,Malaysia,Biogas
R13,P2956,2055,6.9204,2026-05-13 13:38:49.789,Laos,Biomass Other
R14,P2956,2055,286.8462,2026-05-13 13:38:49.789,Vietnam,Biomass Other
R19,P2956,2055,26.062138799999996,2026-05-13 13:38:49.789,Philippines,Biomass Other
R6,P2956,2055,19.6662,2026-05-13 13:38:49.789,Cambodia,Biomass Other
R1,P3012,2055,430.06320000000005,2026-05-13 13:38:49.789,Indonesia,Coal Supercritical
R11,P3012,2055,1.89,2026-05-13 13:38:49.789,Thailand,Coal Supercritical
R14,P3012,2055,784.8540945,2026-05-13 13:38:49.789,Vietnam,Coal Supercritical
R17,P3067,2055,205.71837,2026-05-13 13:38:49.789,Malaysia,Coal Ultrasupercritical
R15,P3122,2055,16.3322,2026-05-13 13:38:49.789,Brunei,Coal IGCC
R11,P4240,2055,16.6225122,2026-05-13 13:38:49.789,Thailand,Solar Floating
R13,P4240,2055,5.404599999999999,2026-05-13 13:38:49.789,Laos,Solar Floating
R19,P4240,2055,24.4,2026-05-13 13:38:49.789,Philippines,Solar Floating
R1,P11937,2060,44.503600000000006,2026-05-13 13:38:49.789,Indonesia,Lithium Ion Batteries
R11,P11937,2060,109.64448554948089,2026-05-13 13:38:49.789,Thailand,Lithium Ion Batteries
R12,P11937,2060,15.308619650929582,2026-05-13 13:38:49.789,Myanmar,Lithium Ion Batteries
R14,P11937,2060,711.2877780000005,2026-05-13 13:38:49.789,Vietnam,Lithium Ion Batteries
R16,P11937,2060,20.783462443029773,2026-05-13 13:38:49.789,Singapore,Lithium Ion Batteries
R19,P11937,2060,169.80040000000002,2026-05-13 13:38:49.789,Philippines,Lithium Ion Batteries
R6,P11937,2060,7.4,2026-05-13 13:38:49.789,Cambodia,Lithium Ion Batteries
R1,P11942,2060,35.2169,2026-05-13 13:38:49.789,Indonesia,Pumped Hydro
R11,P11942,2060,7.532690624500974,2026-05-13 13:38:49.789,Thailand,Pumped Hydro
R12,P11942,2060,2.5561489831486583,2026-05-13 13:38:49.789,Myanmar,Pumped Hydro
R13,P11942,2060,8.3,2026-05-13 13:38:49.789,Laos,Pumped Hydro
R14,P11942,2060,177.01389249999994,2026-05-13 13:38:49.789,Vietnam,Pumped Hydro
R19,P11942,2060,11.620000000000003,2026-05-13 13:38:49.789,Philippines,Pumped Hydro
R6,P11942,2060,25.937500000000004,2026-05-13 13:38:49.789,Cambodia,Pumped Hydro
R19,P14268,2060,325.42560000000003,2026-05-13 13:38:49.789,Philippines,Nuclear LWR
R19,P14428,2060,48.96,2026-05-13 13:38:49.789,Philippines,Nuclear SMR
R1,P14432,2060,4.6000000000000005,2026-05-13 13:38:49.789,Indonesia,Tidal
R14,P14442,2060,3614.25,2026-05-13 13:38:49.789,Vietnam,Wind Offshore
R19,P14442,2060,1978.95,2026-05-13 13:38:49.789,Philippines,Wind Offshore
R11,P14937,2060,3.9161389043433354,2026-05-13 13:38:49.789,Thailand,SMR
R16,P14937,2060,0.049544915378179406,2026-05-13 13:38:49.789,Singapore,SMR
R6,P14937,2060,18.70388846954033,2026-05-13 13:38:49.789,Cambodia,SMR
R1,P15103,2060,16.21599764448989,2026-05-13 13:38:49.789,Indonesia,PEM Electrolysis
R17,P15103,2060,17.36380178774598,2026-05-13 13:38:49.789,Malaysia,PEM Electrolysis
R6,P15103,2060,2.107168952310181,2026-05-13 13:38:49.789,Cambodia,PEM Electrolysis
R1,P16756,2060,60.3837,2026-05-13 13:38:49.789,Indonesia,Solar PV Rooftop
R14,P16756,2060,725.8017,2026-05-13 13:38:49.789,Vietnam,Solar PV Rooftop
R15,P16756,2060,3.9,2026-05-13 13:38:49.789,Brunei,Solar PV Rooftop
R16,P16756,2060,2.9921249570741684,2026-05-13 13:38:49.789,Singapore,Solar PV Rooftop
R17,P16756,2060,7.88229,2026-05-13 13:38:49.789,Malaysia,Solar PV Rooftop
R19,P16756,2060,2.1381360000000003,2026-05-13 13:38:49.789,Philippines,Solar PV Rooftop
R6,P16756,2060,1.755,2026-05-13 13:38:49.789,Cambodia,Solar PV Rooftop
R1,P19896,2060,12.109499999999999,2026-05-13 13:38:49.789,Indonesia,Solar PV_IDJW
R1,P20164,2060,49.343399999999995,2026-05-13 13:38:49.789,Indonesia,Solar PV_IDSA
R1,P20186,2060,25.0173,2026-05-13 13:38:49.789,Indonesia,Solar PV_IDKA
R1,P20208,2060,55.7226,2026-05-13 13:38:49.789,Indonesia,Solar PV_IDEast
R1,P20230,2060,2.9756,2026-05-13 13:38:49.789,Indonesia,Wind Onshore_IDJW
R1,P20296,2060,306.06539999999995,2026-05-13 13:38:49.789,Indonesia,Wind Onshore_IDEast
R17,P21096,2060,286.2326,2026-05-13 13:38:49.789,Malaysia,Coal Subcritical_MYPE
R17,P21163,2060,31.093,2026-05-13 13:38:49.789,Malaysia,Coal Subcritical_MYSR
R17,P21230,2060,453.39227850000003,2026-05-13 13:38:49.789,Malaysia,Gas Combined Cycle_MYPE
R17,P21252,2060,42.57900000000001,2026-05-13 13:38:49.789,Malaysia,Gas Combined Cycle_MYSB
R17,P21274,2060,55.86570285,2026-05-13 13:38:49.789,Malaysia,Gas Combined Cycle_MYSR
R17,P21296,2060,4.331040000000001,2026-05-13 13:38:49.789,Malaysia,Large Hydro_MYSB
R17,P21305,2060,161.34048,2026-05-13 13:38:49.789,Malaysia,Large Hydro_MYSR
R17,P21563,2060,28.242239999999995,2026-05-13 13:38:49.789,Malaysia,Biomass Other_MYPE
R1,P21627,2060,6.1037882208,2026-05-13 13:38:49.789,Indonesia,Biomass Other_IDJW
R1,P21659,2060,99.20552583599999,2026-05-13 13:38:49.789,Indonesia,Biomass Other_IDSA
R1,P21691,2060,17.0653224996,2026-05-13 13:38:49.789,Indonesia,Biomass Other_IDKA
R1,P21723,2060,13.034323431,2026-05-13 13:38:49.789,Indonesia,Biomass Other_IDEast
R1,P21755,2060,0.16397530282400002,2026-05-13 13:38:49.789,Indonesia,Biogas_IDJW
R1,P21773,2060,4.47471147836,2026-05-13 13:38:49.789,Indonesia,Biogas_IDKA
R1,P21791,2060,10.7475132176,2026-05-13 13:38:49.789,Indonesia,Biogas_IDSA
R1,P21809,2060,382.21084558800004,2026-05-13 13:38:49.789,Indonesia,Coal Subcritical_IDEast
R1,P21872,2060,1480.5278661870002,2026-05-13 13:38:49.789,Indonesia,Coal Subcritical_IDJW
R1,P21935,2060,125.15847742080001,2026-05-13 13:38:49.789,Indonesia,Coal Subcritical_IDKA
R1,P21998,2060,319.5841189590001,2026-05-13 13:38:49.789,Indonesia,Coal Subcritical_IDSA
R1,P22129,2060,65.70740344154001,2026-05-13 13:38:49.789,Indonesia,Gas Combined Cycle_IDEast
R1,P22147,2060,18.7211692467,2026-05-13 13:38:49.789,Indonesia,Gas Combined Cycle_IDKA
R1,P22165,2060,177.21839826320002,2026-05-13 13:38:49.789,Indonesia,Gas Combined Cycle_IDSA
R1,P22183,2060,406.270367066,2026-05-13 13:38:49.789,Indonesia,Gas Combined Cycle_IDJW
R1,P22269,2060,24.30252527118,2026-05-13 13:38:49.789,Indonesia,Gas Engine_IDEast
R1,P22286,2060,4.67131172118,2026-05-13 13:38:49.789,Indonesia,Gas Engine_IDKA
R1,P22303,2060,41.81329425,2026-05-13 13:38:49.789,Indonesia,Gas Engine_IDSA
R1,P22320,2060,3.4440647599800003,2026-05-13 13:38:49.789,Indonesia,Gas Engine_IDJW
R17,P22337,2060,2.15336,2026-05-13 13:38:49.789,Malaysia,Diesel_MYPE
R17,P22388,2060,8.02854,2026-05-13 13:38:49.789,Malaysia,Biomass Other_MYSB
R11,P2713,2060,153.94071,2026-05-13 13:38:49.789,Thailand,Wind Onshore
R13,P2713,2060,54.38400000000001,2026-05-13 13:38:49.789,Laos,Wind Onshore
R14,P2713,2060,2618.9295,2026-05-13 13:38:49.789,Vietnam,Wind Onshore
R19,P2713,2060,507.64404900000005,2026-05-13 13:38:49.789,Philippines,Wind Onshore
R6,P2713,2060,113.83251000000001,2026-05-13 13:38:49.789,Cambodia,Wind Onshore
R11,P2720,2060,181.13000000000002,2026-05-13 13:38:49.789,Thailand,Coal Subcritical
R12,P2720,2060,5.605,2026-05-13 13:38:49.789,Myanmar,Coal Subcritical
R13,P2720,2060,126.20100000000001,2026-05-13 13:38:49.789,Laos,Coal Subcritical
R14,P2720,2060,843.9655,2026-05-13 13:38:49.789,Vietnam,Coal Subcritical
R19,P2720,2060,323.84321199999994,2026-05-13 13:38:49.789,Philippines,Coal Subcritical
R6,P2720,2060,38.35,2026-05-13 13:38:49.789,Cambodia,Coal Subcritical
R11,P2724,2060,251.1012,2026-05-13 13:38:49.789,Thailand,Large Hydro
R12,P2724,2060,135.85118400000002,2026-05-13 13:38:49.789,Myanmar,Large Hydro
R13,P2724,2060,564.340224,2026-05-13 13:38:49.789,Laos,Large Hydro
R14,P2724,2060,939.5568000000001,2026-05-13 13:38:49.789,Vietnam,Large Hydro
R19,P2724,2060,128.8905072,2026-05-13 13:38:49.789,Philippines,Large Hydro
R6,P2724,2060,107.99605824,2026-05-13 13:38:49.789,Cambodia,Large Hydro
R11,P2731,2060,1396.85625,2026-05-13 13:38:49.789,Thailand,Biomass Gasification
R12,P2776,2060,1.5905032000000001,2026-05-13 13:38:49.789,Myanmar,Diesel
R14,P2776,2060,1.5707999999999982,2026-05-13 13:38:49.789,Vietnam,Diesel
R20,P2776,2060,2.4860000000000007,2026-05-13 13:38:49.789,Timor Leste,Diesel
R12,P2808,2060,24.52064,2026-05-13 13:38:49.789,Myanmar,Gas Turbine
R15,P2808,2060,14.593574,2026-05-13 13:38:49.789,Brunei,Gas Turbine
R11,P2824,2060,23.856399999999997,2026-05-13 13:38:49.789,Thailand,Small Hydro
R12,P2824,2060,1.7169920000000003,2026-05-13 13:38:49.789,Myanmar,Small Hydro
R14,P2824,2060,297.80600000000015,2026-05-13 13:38:49.789,Vietnam,Small Hydro
R19,P2824,2060,176.0198,2026-05-13 13:38:49.789,Philippines,Small Hydro
R11,P2831,2060,2807.5775824336347,2026-05-13 13:38:49.789,Thailand,Gas Combined Cycle
R12,P2831,2060,159.47919401423488,2026-05-13 13:38:49.789,Myanmar,Gas Combined Cycle
R14,P2831,2060,1137.891,2026-05-13 13:38:49.789,Vietnam,Gas Combined Cycle
R15,P2831,2060,21.3180057,2026-05-13 13:38:49.789,Brunei,Gas Combined Cycle
R16,P2831,2060,344.3950248042345,2026-05-13 13:38:49.789,Singapore,Gas Combined Cycle
R19,P2831,2060,606.354258,2026-05-13 13:38:49.789,Philippines,Gas Combined Cycle
R6,P2831,2060,49.56089783812297,2026-05-13 13:38:49.789,Cambodia,Gas Combined Cycle
R11,P2847,2060,133.96725,2026-05-13 13:38:49.789,Thailand,Solar PV
R12,P2847,2060,1.485,2026-05-13 13:38:49.789,Myanmar,Solar PV
R13,P2847,2060,7.533000000000004,2026-05-13 13:38:49.789,Laos,Solar PV
R14,P2847,2060,501.91143750000003,2026-05-13 13:38:49.789,Vietnam,Solar PV
R15,P2847,2060,6.7959,2026-05-13 13:38:49.789,Brunei,Solar PV
R16,P2847,2060,6.75,2026-05-13 13:38:49.789,Singapore,Solar PV
R19,P2847,2060,200.735388,2026-05-13 13:38:49.789,Philippines,Solar PV
R20,P2847,2060,0.0135,2026-05-13 13:38:49.789,Timor Leste,Solar PV
R6,P2847,2060,64.57050000000001,2026-05-13 13:38:49.789,Cambodia,Solar PV
R17,P2851,2060,0.474,2026-05-13 13:38:49.789,Malaysia,Geothermal Flash
R19,P2851,2060,44.8520762,2026-05-13 13:38:49.789,Philippines,Geothermal Flash
R12,P2858,2060,20.453120000000002,2026-05-13 13:38:49.789,Myanmar,Gas Engine
R1,P2890,2060,100.390297,2026-05-13 13:38:49.789,Indonesia,Waste
R11,P2890,2060,219.18,2026-05-13 13:38:49.789,Thailand,Waste
R16,P2890,2060,0.137128,2026-05-13 13:38:49.789,Singapore,Waste
R19,P2890,2060,10.3408,2026-05-13 13:38:49.789,Philippines,Waste
R11,P2907,2060,138.5025,2026-05-13 13:38:49.789,Thailand,Biogas
R17,P2907,2060,13.575900000000003,2026-05-13 13:38:49.789,Malaysia,Biogas
R13,P2956,2060,6.9204,2026-05-13 13:38:49.789,Laos,Biomass Other
R14,P2956,2060,286.8462,2026-05-13 13:38:49.789,Vietnam,Biomass Other
R19,P2956,2060,26.062138799999996,2026-05-13 13:38:49.789,Philippines,Biomass Other
R6,P2956,2060,19.6662,2026-05-13 13:38:49.789,Cambodia,Biomass Other
R1,P3012,2060,430.06320000000005,2026-05-13 13:38:49.789,Indonesia,Coal Supercritical
R11,P3012,2060,1.89,2026-05-13 13:38:49.789,Thailand,Coal Supercritical
R14,P3012,2060,784.8540945,2026-05-13 13:38:49.789,Vietnam,Coal Supercritical
R17,P3067,2060,205.71837,2026-05-13 13:38:49.789,Malaysia,Coal Ultrasupercritical
R15,P3122,2060,16.3322,2026-05-13 13:38:49.789,Brunei,Coal IGCC
R11,P4240,2060,16.6225122,2026-05-13 13:38:49.789,Thailand,Solar Floating
R13,P4240,2060,5.404599999999999,2026-05-13 13:38:49.789,Laos,Solar Floating
R16,P4240,2060,2.7889199999999996,2026-05-13 13:38:49.789,Singapore,Solar Floating
R19,P4240,2060,24.4,2026-05-13 13:38:49.789,Philippines,Solar Floating
